reaction,temp,Output,pred_0
O=C(/N=C/c1ccccc1)c1ccccc1*SC1CCCCC1*O=P1(O)Oc2c(-c3ccc(C4CCCCC4)cc3)cc3c(c2-c2c4c(cc(-c5ccc(C6CCCCC6)cc5)c2O1)CCCC4)CCCC3*O=C(NC(SC1CCCCC1)c1ccccc1)c1ccccc1,,0.6826014440000001,0.8191855643522857
O=C(/N=C/c1ccc(C(F)(F)F)cc1)c1ccccc1*SC1CCCCC1*O=P1(O)Oc2c(-c3cc(C(F)(F)F)cc(C(F)(F)F)c3)cc3c(c2-c2c4c(cc(-c5cc(C(F)(F)F)cc(C(F)(F)F)c5)c2O1)CCCC4)CCCC3*O=C(NC(SC1CCCCC1)c1ccc(C(F)(F)F)cc1)c1ccccc1,,0.501758501,0.6064529073033282
O=C(/N=C/c1ccc(C(F)(F)F)cc1)c1ccccc1*Sc1ccccc1*O=P1(O)Oc2c(Br)cc3c(c2-c2c4c(cc(Br)c2O1)CCCC4)CCCC3*O=C(NC(Sc1ccccc1)c1ccc(C(F)(F)F)cc1)c1ccccc1,,0.340722979,0.43673481285607196
O=C(/N=C/c1ccc(C(F)(F)F)cc1)c1ccccc1*Cc1ccccc1S*Cc1cc(C)c(-c2cc(-c3cc4c(c5c3OP(=O)(O)Oc3c(-c6cc(-c7c(C)cc(C)cc7C)cc(-c7c(C)cc(C)cc7C)c6)cc6c(c3-5)CCCC6)CCCC4)cc(-c3c(C)cc(C)cc3C)c2)c(C)c1*Cc1ccccc1SC(NC(=O)c1ccccc1)c1ccc(C(F)(F)F)cc1,,1.629422542,1.7460131518147464
COc1ccc(/C=N/C(=O)c2ccccc2)cc1*Cc1ccccc1S*CCOc1ccc(C)cc1-c1cc2ccccc2c2c1OP(=O)(O)Oc1c(-c3cc(C)ccc3OCC)cc3ccccc3c1-2*COc1ccc(C(NC(=O)c2ccccc2)Sc2ccccc2C)cc1,,2.058499317,1.4803203262371887
O=C(/N=C/c1ccc(C(F)(F)F)cc1)c1ccccc1*SC1CCCCC1*O=P1(O)Oc2c(-c3ccc(-c4cc(C(F)(F)F)cc(C(F)(F)F)c4)cc3)cc3ccccc3c2-c2c(c(-c3ccc(-c4cc(C(F)(F)F)cc(C(F)(F)F)c4)cc3)cc3ccccc23)O1*O=C(NC(SC1CCCCC1)c1ccc(C(F)(F)F)cc1)c1ccccc1,,0.5302345,0.686039680640786
O=C(/N=C/c1cccc2ccccc12)c1ccccc1*SC1CCCCC1*CC(C)c1cc(C(C)C)c(-c2cc3ccccc3c3c2OP(=O)(O)Oc2c(-c4c(C(C)C)cc(C(C)C)cc4C(C)C)cc4ccccc4c2-3)c(C(C)C)c1*O=C(NC(SC1CCCCC1)c1cccc2ccccc12)c1ccccc1,,1.743657522,1.6975042110450924
COc1ccc(/C=N/C(=O)c2ccccc2)cc1*COc1ccc(S)cc1*O=P1(O)Oc2c(-c3ccc4ccc5cccc6ccc3c4c56)cc3ccccc3c2-c2c(c(-c3ccc4ccc5cccc6ccc3c4c56)cc3ccccc23)O1*COc1ccc(SC(NC(=O)c2ccccc2)c2ccc(OC)cc2)cc1,,1.238109014,1.7747070524467117
O=C(/N=C/c1ccccc1)c1ccccc1*Sc1ccccc1*COCc1cccc(-c2cc3ccccc3c3c2OP(=O)(O)Oc2c(-c4cccc(COC)c4)cc4ccccc4c2-3)c1*O=C(NC(Sc1ccccc1)c1ccccc1)c1ccccc1,,1.238109014,1.2489940508638595
O=C(/N=C/c1ccc(Cl)cc1Cl)c1ccccc1*COc1ccc(S)cc1*COc1ccc(Cc2cc3c(c4c2OP(=O)(O)Oc2c(Cc5ccc(OC)cc5)cc5c(c2-4)CCCC5)CCCC3)cc1*COc1ccc(SC(NC(=O)c2ccccc2)c2ccc(Cl)cc2Cl)cc1,,0.44637361600000003,0.2212302716099971
O=C(/N=C/c1ccc(C(F)(F)F)cc1)c1ccccc1*CCS*O=P1(O)Oc2c(Cc3cc(C(F)(F)F)cc(C(F)(F)F)c3)cc3c(c2-c2c4c(cc(Cc5cc(C(F)(F)F)cc(C(F)(F)F)c5)c2O1)CCCC4)CCCC3*CCSC(NC(=O)c1ccccc1)c1ccc(C(F)(F)F)cc1,,-0.240111033,0.08919168490707607
O=C(/N=C/c1cccc2ccccc12)c1ccccc1*COc1ccc(S)cc1*COc1cccc(OC)c1-c1cc2ccccc2c2c1OP(=O)(O)Oc1c(-c3c(OC)cccc3OC)cc3ccccc3c1-2*COc1ccc(SC(NC(=O)c2ccccc2)c2cccc3ccccc23)cc1,,2.058499317,1.868944211138577
O=C(/N=C/c1ccc(Cl)cc1Cl)c1ccccc1*COc1ccc(S)cc1*O=P1(O)Oc2c(Br)cc3c(c2-c2c4c(cc(Br)c2O1)CCCC4)CCCC3*COc1ccc(SC(NC(=O)c2ccccc2)c2ccc(Cl)cc2Cl)cc1,,0.473819986,0.38150144209249137
O=C(/N=C/c1ccc(C(F)(F)F)cc1)c1ccccc1*Cc1ccccc1S*O=P1(O)Oc2c(-c3ccc(-c4ccc5ccccc5c4)cc3)cc3ccccc3c2-c2c(c(-c3ccc(-c4ccc5ccccc5c4)cc3)cc3ccccc23)O1*Cc1ccccc1SC(NC(=O)c1ccccc1)c1ccc(C(F)(F)F)cc1,,1.3011671120000001,1.3629737765541572
O=C(/N=C/c1ccc(Cl)cc1Cl)c1ccccc1*Sc1ccccc1*O=P1(O)Oc2c(-c3ccc(-c4cc(C(F)(F)F)cc(C(F)(F)F)c4)cc3)cc3ccccc3c2-c2c(c(-c3ccc(-c4cc(C(F)(F)F)cc(C(F)(F)F)c4)cc3)cc3ccccc23)O1*O=C(NC(Sc1ccccc1)c1ccc(Cl)cc1Cl)c1ccccc1,,1.17989059,1.3839951217577178
O=C(/N=C/c1ccccc1)c1ccccc1*Sc1ccccc1*Cc1ccc(-c2cc3ccccc3c3c2OP(=O)(O)Oc2c(-c4ccc(C)cc4)cc4ccccc4c2-3)cc1*O=C(NC(Sc1ccccc1)c1ccccc1)c1ccccc1,,1.238109014,1.2393125991925014
COc1ccc(/C=N/C(=O)c2ccccc2)cc1*Cc1ccccc1S*O=P1(O)Oc2c(Cc3c4ccccc4cc4ccccc34)cc3ccccc3c2-c2c(c(Cc3c4ccccc4cc4ccccc34)cc3ccccc23)O1*COc1ccc(C(NC(=O)c2ccccc2)Sc2ccccc2C)cc1,,0.749510758,0.6213311629259965
O=C(/N=C/c1ccc(Cl)cc1Cl)c1ccccc1*Sc1ccccc1*COc1cc(F)c(-c2cc3ccccc3c3c2OP(=O)(O)Oc2c(-c4c(F)cc(OC)cc4F)cc4ccccc4c2-3)c(F)c1*O=C(NC(Sc1ccccc1)c1ccc(Cl)cc1Cl)c1ccccc1,,1.629422542,1.812491637707791
O=C(/N=C/c1cccc2ccccc12)c1ccccc1*SC1CCCCC1*COc1ccc(-c2cc3ccccc3c3c2OP(=O)(O)Oc2c(-c4ccc(OC)cc4)cc4ccccc4c2-3)cc1*O=C(NC(SC1CCCCC1)c1cccc2ccccc12)c1ccccc1,,0.501758501,0.6426880354348288
O=C(/N=C/c1ccc(Cl)cc1Cl)c1ccccc1*CCS*CCOc1ccc(C)cc1-c1cc2ccccc2c2c1OP(=O)(O)Oc1c(-c3cc(C)ccc3OCC)cc3ccccc3c1-2*CCSC(NC(=O)c1ccccc1)c1ccc(Cl)cc1Cl,,1.17989059,0.7747626216191181
O=C(/N=C/c1ccc(C(F)(F)F)cc1)c1ccccc1*SC1CCCCC1*O=P1(O)Oc2c(-c3c4ccccc4cc4ccccc34)cc3ccccc3c2-c2c(c(-c3c4ccccc4cc4ccccc34)cc3ccccc23)O1*O=C(NC(SC1CCCCC1)c1ccc(C(F)(F)F)cc1)c1ccccc1,,1.238109014,1.1362977123744606
O=C(/N=C/c1ccc(Cl)cc1Cl)c1ccccc1*CCS*CC(C)c1cc(C(C)C)c(-c2cc3ccccc3c3c2OP(=O)(O)Oc2c(-c4c(C(C)C)cc(C(C)C)cc4C(C)C)cc4ccccc4c2-3)c(C(C)C)c1*CCSC(NC(=O)c1ccccc1)c1ccc(Cl)cc1Cl,,1.3011671120000001,1.548117819471285
O=C(/N=C/c1ccc(C(F)(F)F)cc1)c1ccccc1*COc1ccc(S)cc1*COCc1cccc(-c2cc3c(c4c2OP(=O)(O)Oc2c(-c5cccc(COC)c5)cc5c(c2-4)CCCC5)CCCC3)c1*COc1ccc(SC(NC(=O)c2ccccc2)c2ccc(C(F)(F)F)cc2)cc1,,1.027207628,1.0792700386936387
O=C(/N=C/c1ccc(C(F)(F)F)cc1)c1ccccc1*SC1CCCCC1*O=P1(O)Oc2c(Cc3cc(C(F)(F)F)cc(C(F)(F)F)c3)cc3c(c2-c2c4c(cc(Cc5cc(C(F)(F)F)cc(C(F)(F)F)c5)c2O1)CCCC4)CCCC3*O=C(NC(SC1CCCCC1)c1ccc(C(F)(F)F)cc1)c1ccccc1,,-0.07114786,0.1407073600204768
O=C(/N=C/c1cccc2ccccc12)c1ccccc1*CCS*O=P1(O)Oc2c(-c3ccccc3-c3ccc4ccccc4c3)cc3c(c2-c2c4c(cc(-c5ccccc5-c5ccc6ccccc6c5)c2O1)CCCC4)CCCC3*CCSC(NC(=O)c1ccccc1)c1cccc2ccccc12,,0.559297578,0.8223955117852738
O=C(/N=C/c1ccc(C(F)(F)F)cc1)c1ccccc1*Sc1ccccc1*O=P1(O)Oc2c(-c3cc(C(F)(F)F)cc(C(F)(F)F)c3)cc3ccccc3c2-c2c(c(-c3cc(C(F)(F)F)cc(C(F)(F)F)c3)cc3ccccc23)O1*O=C(NC(Sc1ccccc1)c1ccc(C(F)(F)F)cc1)c1ccccc1,,1.4071970880000002,1.2354020085341468
O=C(/N=C/c1ccc(Cl)cc1Cl)c1ccccc1*CCS*O=P1(O)Oc2c(-c3ccc(S(F)(F)(F)(F)F)cc3)cc3ccccc3c2-c2c(c(-c3ccc(S(F)(F)(F)(F)F)cc3)cc3ccccc23)O1*CCSC(NC(=O)c1ccccc1)c1ccc(Cl)cc1Cl,,0.340722979,0.5234636708659233
COc1ccc(/C=N/C(=O)c2ccccc2)cc1*Cc1ccccc1S*CC(C)(C)c1ccc(-c2cc3ccccc3c3c2OP(=O)(O)Oc2c(-c4ccc(C(C)(C)C)cc4)cc4ccccc4c2-3)cc1*COc1ccc(C(NC(=O)c2ccccc2)Sc2ccccc2C)cc1,,1.3011671120000001,1.2290540746967857
O=C(/N=C/c1ccc(C(F)(F)F)cc1)c1ccccc1*Cc1ccccc1S*CC(C)(C)c1cc(-c2cc3c(c4c2OP(=O)(O)Oc2c(-c5cc(C(C)(C)C)cc(C(C)(C)C)c5)cc5c(c2-4)CCCC5)CCCC3)cc(C(C)(C)C)c1*Cc1ccccc1SC(NC(=O)c1ccccc1)c1ccc(C(F)(F)F)cc1,,1.3011671120000001,1.2964814447067399
COc1ccc(/C=N/C(=O)c2ccccc2)cc1*CCS*O=P1(O)Oc2c(-c3ccc(-c4cc(C(F)(F)F)cc(C(F)(F)F)c4)cc3)cc3ccccc3c2-c2c(c(-c3ccc(-c4cc(C(F)(F)F)cc(C(F)(F)F)c4)cc3)cc3ccccc23)O1*CCSC(NC(=O)c1ccccc1)c1ccc(OC)cc1,,0.501758501,0.586820785499842
O=C(/N=C/c1cccc2ccccc12)c1ccccc1*CCS*O=P1(O)Oc2c(Br)cc3c(c2-c2c4c(cc(Br)c2O1)CCCC4)CCCC3*CCSC(NC(=O)c1ccccc1)c1cccc2ccccc12,,-0.264892334,0.037140076524158294
O=C(/N=C/c1ccc(Cl)cc1Cl)c1ccccc1*SC1CCCCC1*O=P1(O)Oc2c(Br)cc3c(c2-c2c4c(cc(Br)c2O1)CCCC4)CCCC3*O=C(NC(SC1CCCCC1)c1ccc(Cl)cc1Cl)c1ccccc1,,0.0,0.11790356631266474
O=C(/N=C/c1ccc(C(F)(F)F)cc1)c1ccccc1*Cc1ccccc1S*O=P1(O)Oc2c(-c3ccc(-c4cc(C(F)(F)F)cc(C(F)(F)F)c4)cc3)cc3ccccc3c2-c2c(c(-c3ccc(-c4cc(C(F)(F)F)cc(C(F)(F)F)c4)cc3)cc3ccccc23)O1*Cc1ccccc1SC(NC(=O)c1ccccc1)c1ccc(C(F)(F)F)cc1,,1.3011671120000001,1.341554692085953
O=C(/N=C/c1ccccc1)c1ccccc1*SC1CCCCC1*C[Si](c1ccccc1)(c1ccccc1)c1cc2ccccc2c2c1OP(=O)(O)Oc1c([Si](C)(c3ccccc3)c3ccccc3)cc3ccccc3c1-2*O=C(NC(SC1CCCCC1)c1ccccc1)c1ccccc1,,0.44637361600000003,0.4573662711581536
O=C(/N=C/c1cccc2ccccc12)c1ccccc1*COc1ccc(S)cc1*CC(C)(C)c1ccc([Si](c2ccc(C(C)(C)C)cc2)(c2ccc(C(C)(C)C)cc2)c2cc3c(c4c2OP(=O)(O)Oc2c([Si](c5ccc(C(C)(C)C)cc5)(c5ccc(C(C)(C)C)cc5)c5ccc(C(C)(C)C)cc5)cc5c(c2-4)CCCC5)CCCC3)cc1*COc1ccc(SC(NC(=O)c2ccccc2)c2cccc3ccccc23)cc1,,0.0,0.11060261353914314
O=C(/N=C/c1ccc(Cl)cc1Cl)c1ccccc1*Sc1ccccc1*O=P1(O)Oc2c(-c3cc(C(F)(F)F)cc(C(F)(F)F)c3)cc3c(c2-c2c4c(cc(-c5cc(C(F)(F)F)cc(C(F)(F)F)c5)c2O1)CCCC4)CCCC3*O=C(NC(Sc1ccccc1)c1ccc(Cl)cc1Cl)c1ccccc1,,1.370103771,1.2119024651026507
O=C(/N=C/c1ccc(C(F)(F)F)cc1)c1ccccc1*COc1ccc(S)cc1*O=P1(O)Oc2c(Cc3cc(C(F)(F)F)cc(C(F)(F)F)c3)cc3c(c2-c2c4c(cc(Cc5cc(C(F)(F)F)cc(C(F)(F)F)c5)c2O1)CCCC4)CCCC3*COc1ccc(SC(NC(=O)c2ccccc2)c2ccc(C(F)(F)F)cc2)cc1,,0.366586769,0.4654631576704213
COc1ccc(/C=N/C(=O)c2ccccc2)cc1*SC1CCCCC1*CCOc1ccc(C)cc1-c1cc2ccccc2c2c1OP(=O)(O)Oc1c(-c3cc(C)ccc3OCC)cc3ccccc3c1-2*COc1ccc(C(NC(=O)c2ccccc2)SC2CCCCC2)cc1,,1.743657522,0.8761652750781499
O=C(/N=C/c1ccccc1)c1ccccc1*COc1ccc(S)cc1*O=P1(O)Oc2c([Si](c3ccccc3)(c3ccccc3)c3ccccc3)cc3ccccc3c2-c2c(c([Si](c3ccccc3)(c3ccccc3)c3ccccc3)cc3ccccc23)O1*COc1ccc(SC(NC(=O)c2ccccc2)c2ccccc2)cc1,,0.264892334,0.23654283499050088
O=C(/N=C/c1ccc(Cl)cc1Cl)c1ccccc1*Cc1ccccc1S*Cc1ccc(-c2cc3ccccc3c3c2OP(=O)(O)Oc2c(-c4ccc(C)cc4)cc4ccccc4c2-3)cc1*Cc1ccccc1SC(NC(=O)c1ccccc1)c1ccc(Cl)cc1Cl,,1.027207628,1.2345344172397583
O=C(/N=C/c1cccc2ccccc12)c1ccccc1*Cc1ccccc1S*CC(C)c1cc(C(C)C)c(-c2cc3ccccc3c3c2OP(=O)(O)Oc2c(-c4c(C(C)C)cc(C(C)C)cc4C(C)C)cc4ccccc4c2-3)c(C(C)C)c1*Cc1ccccc1SC(NC(=O)c1ccccc1)c1cccc2ccccc12,,2.304684113,2.531669247267866
COc1ccc(/C=N/C(=O)c2ccccc2)cc1*SC1CCCCC1*COc1cccc(OC)c1-c1cc2ccccc2c2c1OP(=O)(O)Oc1c(-c3c(OC)cccc3OC)cc3ccccc3c1-2*COc1ccc(C(NC(=O)c2ccccc2)SC2CCCCC2)cc1,,1.370103771,1.1108993575208022
COc1ccc(/C=N/C(=O)c2ccccc2)cc1*Cc1ccccc1S*COc1cccc(OC)c1-c1cc2ccccc2c2c1OP(=O)(O)Oc1c(-c3c(OC)cccc3OC)cc3ccccc3c1-2*COc1ccc(C(NC(=O)c2ccccc2)Sc2ccccc2C)cc1,,1.334823138,1.761902162106602
O=C(/N=C/c1ccc(C(F)(F)F)cc1)c1ccccc1*COc1ccc(S)cc1*CC(C)(C)c1ccc([Si](c2ccc(C(C)(C)C)cc2)(c2ccc(C(C)(C)C)cc2)c2cc3c(c4c2OP(=O)(O)Oc2c([Si](c5ccc(C(C)(C)C)cc5)(c5ccc(C(C)(C)C)cc5)c5ccc(C(C)(C)C)cc5)cc5c(c2-4)CCCC5)CCCC3)cc1*COc1ccc(SC(NC(=O)c2ccccc2)c2ccc(C(F)(F)F)cc2)cc1,,0.0,0.13067196402782566
O=C(/N=C/c1cccc2ccccc12)c1ccccc1*CCS*COc1cc(F)c(-c2cc3ccccc3c3c2OP(=O)(O)Oc2c(-c4c(F)cc(OC)cc4F)cc4ccccc4c2-3)c(F)c1*CCSC(NC(=O)c1ccccc1)c1cccc2ccccc12,,0.8586767009999999,0.9517466603874538
O=C(/N=C/c1ccccc1)c1ccccc1*Sc1ccccc1*O=P1(O)Oc2c(Cc3ccc(C(F)(F)F)cc3C(F)(F)F)cc3ccccc3c2-c2c(c(Cc3ccc(C(F)(F)F)cc3C(F)(F)F)cc3ccccc23)O1*O=C(NC(Sc1ccccc1)c1ccccc1)c1ccccc1,,0.366586769,0.46581867625775947
COc1ccc(/C=N/C(=O)c2ccccc2)cc1*Sc1ccccc1*CC(C)(C)c1ccc(-c2cc3ccccc3c3c2OP(=O)(O)Oc2c(-c4ccc(C(C)(C)C)cc4)cc4ccccc4c2-3)cc1*COc1ccc(C(NC(=O)c2ccccc2)Sc2ccccc2)cc1,,0.820945045,1.2729256829070796
COc1ccc(/C=N/C(=O)c2ccccc2)cc1*SC1CCCCC1*CC(C)(C)c1ccc([Si](c2ccc(C(C)(C)C)cc2)(c2ccc(C(C)(C)C)cc2)c2cc3c(c4c2OP(=O)(O)Oc2c([Si](c5ccc(C(C)(C)C)cc5)(c5ccc(C(C)(C)C)cc5)c5ccc(C(C)(C)C)cc5)cc5c(c2-4)CCCC5)CCCC3)cc1*COc1ccc(C(NC(=O)c2ccccc2)SC2CCCCC2)cc1,,-0.047400225,-0.05635046278699962
COc1ccc(/C=N/C(=O)c2ccccc2)cc1*Cc1ccccc1S*CC(C)(C)c1cc(-c2cc3c(c4c2OP(=O)(O)Oc2c(-c5cc(C(C)(C)C)cc(C(C)(C)C)c5)cc5c(c2-4)CCCC5)CCCC3)cc(C(C)(C)C)c1*COc1ccc(C(NC(=O)c2ccccc2)Sc2ccccc2C)cc1,,1.125722444,1.219347017493369
COc1ccc(/C=N/C(=O)c2ccccc2)cc1*Cc1ccccc1S*O=P1(O)Oc2c(-c3ccc(-c4cc(C(F)(F)F)cc(C(F)(F)F)c4)cc3)cc3ccccc3c2-c2c(c(-c3ccc(-c4cc(C(F)(F)F)cc(C(F)(F)F)c4)cc3)cc3ccccc23)O1*COc1ccc(C(NC(=O)c2ccccc2)Sc2ccccc2C)cc1,,1.238109014,1.261052833933903
COc1ccc(/C=N/C(=O)c2ccccc2)cc1*CCS*O=P1(O)Oc2c(-c3ccc(C4CCCCC4)cc3)cc3c(c2-c2c4c(cc(-c5ccc(C6CCCCC6)cc5)c2O1)CCCC4)CCCC3*CCSC(NC(=O)c1ccccc1)c1ccc(OC)cc1,,0.559297578,0.7843503191090202
O=C(/N=C/c1ccc(C(F)(F)F)cc1)c1ccccc1*CCS*O=P1(O)Oc2c(-c3ccc(S(F)(F)(F)(F)F)cc3)cc3ccccc3c2-c2c(c(-c3ccc(S(F)(F)(F)(F)F)cc3)cc3ccccc23)O1*CCSC(NC(=O)c1ccccc1)c1ccc(C(F)(F)F)cc1,,0.5302345,0.6017368993758354
O=C(/N=C/c1ccc(C(F)(F)F)cc1)c1ccccc1*Sc1ccccc1*COc1ccc(Cc2cc3c(c4c2OP(=O)(O)Oc2c(Cc5ccc(OC)cc5)cc5c(c2-4)CCCC5)CCCC3)cc1*O=C(NC(Sc1ccccc1)c1ccc(C(F)(F)F)cc1)c1ccccc1,,0.501758501,0.2771626164975952
COc1ccc(/C=N/C(=O)c2ccccc2)cc1*COc1ccc(S)cc1*CC(C)c1cc(C(C)C)c(-c2cc3ccccc3c3c2OP(=O)(O)Oc2c(-c4c(C(C)C)cc(C(C)C)cc4C(C)C)cc4ccccc4c2-3)c(C(C)C)c1*COc1ccc(SC(NC(=O)c2ccccc2)c2ccc(OC)cc2)cc1,,2.058499317,2.3794238368196994
O=C(/N=C/c1cccc2ccccc12)c1ccccc1*Sc1ccccc1*O=P1(O)Oc2c(-c3c4ccccc4c(-c4ccc5ccccc5c4)c4ccccc34)cc3ccccc3c2-c2c(c(-c3c4ccccc4c(-c4ccc5ccccc5c4)c4ccccc34)cc3ccccc23)O1*O=C(NC(Sc1ccccc1)c1cccc2ccccc12)c1ccccc1,,3.134624572,2.160373631164757
COc1ccc(/C=N/C(=O)c2ccccc2)cc1*COc1ccc(S)cc1*CC(C)(C)c1ccc([Si](c2ccc(C(C)(C)C)cc2)(c2ccc(C(C)(C)C)cc2)c2cc3c(c4c2OP(=O)(O)Oc2c([Si](c5ccc(C(C)(C)C)cc5)(c5ccc(C(C)(C)C)cc5)c5ccc(C(C)(C)C)cc5)cc5c(c2-4)CCCC5)CCCC3)cc1*COc1ccc(SC(NC(=O)c2ccccc2)c2ccc(OC)cc2)cc1,,0.191142101,0.14818918268563608
O=C(/N=C/c1ccc(Cl)cc1Cl)c1ccccc1*Sc1ccccc1*O=P1(O)Oc2c(-c3ccc4ccc5cccc6ccc3c4c56)cc3ccccc3c2-c2c(c(-c3ccc4ccc5cccc6ccc3c4c56)cc3ccccc23)O1*O=C(NC(Sc1ccccc1)c1ccc(Cl)cc1Cl)c1ccccc1,,1.743657522,1.918142414897127
COc1ccc(/C=N/C(=O)c2ccccc2)cc1*Sc1ccccc1*O=P1(O)Oc2c(-c3ccc(-c4cc(C(F)(F)F)cc(C(F)(F)F)c4)cc3)cc3ccccc3c2-c2c(c(-c3ccc(-c4cc(C(F)(F)F)cc(C(F)(F)F)c4)cc3)cc3ccccc23)O1*COc1ccc(C(NC(=O)c2ccccc2)Sc2ccccc2)cc1,,1.238109014,1.307685021973087
COc1ccc(/C=N/C(=O)c2ccccc2)cc1*Cc1ccccc1S*O=P1(O)Oc2c(-c3c(C4CCCCC4)cc(C4CCCCC4)cc3C3CCCCC3)cc3ccccc3c2-c2c(c(-c3c(C4CCCCC4)cc(C4CCCCC4)cc3C3CCCCC3)cc3ccccc23)O1*COc1ccc(C(NC(=O)c2ccccc2)Sc2ccccc2C)cc1,,3.134624572,2.458554110938204
O=C(/N=C/c1cccc2ccccc12)c1ccccc1*Cc1ccccc1S*O=P1(O)Oc2c(-c3ccccc3OC(F)(F)F)cc3ccccc3c2-c2c(c(-c3ccccc3OC(F)(F)F)cc3ccccc23)O1*Cc1ccccc1SC(NC(=O)c1ccccc1)c1cccc2ccccc12,,1.446325365,1.4928470835979595
O=C(/N=C/c1ccc(Cl)cc1Cl)c1ccccc1*Cc1ccccc1S*O=P1(O)Oc2c(-c3cc(C(F)(F)F)cc(C(F)(F)F)c3)cc3ccccc3c2-c2c(c(-c3cc(C(F)(F)F)cc(C(F)(F)F)c3)cc3ccccc23)O1*Cc1ccccc1SC(NC(=O)c1ccccc1)c1ccc(Cl)cc1Cl,,0.981980567,1.2007223500904938
COc1ccc(/C=N/C(=O)c2ccccc2)cc1*SC1CCCCC1*O=P1(O)Oc2c(-c3cc(-c4cc(C(F)(F)F)cc(C(F)(F)F)c4)cc(-c4cc(C(F)(F)F)cc(C(F)(F)F)c4)c3)cc3ccccc3c2-c2c(c(-c3cc(-c4cc(C(F)(F)F)cc(C(F)(F)F)c4)cc(-c4cc(C(F)(F)F)cc(C(F)(F)F)c4)c3)cc3ccccc23)O1*COc1ccc(C(NC(=O)c2ccccc2)SC2CCCCC2)cc1,,0.8586767009999999,0.7372912583998282
O=C(/N=C/c1ccc(Cl)cc1Cl)c1ccccc1*Cc1ccccc1S*CC(C)c1cc(C(C)C)c(-c2cc3ccccc3c3c2OP(=O)(O)Oc2c(-c4c(C(C)C)cc(C(C)C)cc4C(C)C)cc4ccccc4c2-3)c(C(C)C)c1*Cc1ccccc1SC(NC(=O)c1ccccc1)c1ccc(Cl)cc1Cl,,2.304684113,2.4810684672984498
O=C(/N=C/c1ccc(C(F)(F)F)cc1)c1ccccc1*COc1ccc(S)cc1*O=P1(O)Oc2c(-c3ccc(S(F)(F)(F)(F)F)cc3)cc3ccccc3c2-c2c(c(-c3ccc(S(F)(F)(F)(F)F)cc3)cc3ccccc23)O1*COc1ccc(SC(NC(=O)c2ccccc2)c2ccc(C(F)(F)F)cc2)cc1,,0.981980567,1.2141633387481214
O=C(/N=C/c1cccc2ccccc12)c1ccccc1*Cc1ccccc1S*O=P1(O)Oc2c(-c3ccc(C4CCCCC4)cc3)cc3c(c2-c2c4c(cc(-c5ccc(C6CCCCC6)cc5)c2O1)CCCC4)CCCC3*Cc1ccccc1SC(NC(=O)c1ccccc1)c1cccc2ccccc12,,1.17989059,1.59747481546272
O=C(/N=C/c1cccc2ccccc12)c1ccccc1*CCS*O=P1(O)Oc2c(-c3cccc(-c4ccc5ccccc5c4)c3)cc3ccccc3c2-c2c(c(-c3cccc(-c4ccc5ccccc5c4)c3)cc3ccccc23)O1*CCSC(NC(=O)c1ccccc1)c1cccc2ccccc12,,0.44637361600000003,0.6099607893271137
O=C(/N=C/c1ccc(C(F)(F)F)cc1)c1ccccc1*COc1ccc(S)cc1*COc1ccc(-c2cc(-c3ccc(OC)cc3)cc(-c3cc4ccccc4c4c3OP(=O)(O)Oc3c(-c5cc(-c6ccc(OC)cc6)cc(-c6ccc(OC)cc6)c5)cc5ccccc5c3-4)c2)cc1*COc1ccc(SC(NC(=O)c2ccccc2)c2ccc(C(F)(F)F)cc2)cc1,,1.531802956,1.4794086175594163
O=C(/N=C/c1ccc(C(F)(F)F)cc1)c1ccccc1*CCS*Cc1ccc(-c2cc3ccccc3c3c2OP(=O)(O)Oc2c(-c4ccc(C)cc4)cc4ccccc4c2-3)cc1*CCSC(NC(=O)c1ccccc1)c1ccc(C(F)(F)F)cc1,,0.501758501,0.6065901529551623
O=C(/N=C/c1ccc(Cl)cc1Cl)c1ccccc1*COc1ccc(S)cc1*CC(C)(C)c1cc(-c2cc3ccccc3c3c2OP(=O)(O)Oc2c(-c4cc(C(C)(C)C)cc(C(C)(C)C)c4)cc4ccccc4c2-3)cc(C(C)(C)C)c1*COc1ccc(SC(NC(=O)c2ccccc2)c2ccc(Cl)cc2Cl)cc1,,1.17989059,1.4510299494776833
COc1ccc(/C=N/C(=O)c2ccccc2)cc1*CCS*O=P1(O)Oc2c([Si](c3ccccc3)(c3ccccc3)c3ccccc3)cc3c(c2-c2c4c(cc([Si](c5ccccc5)(c5ccccc5)c5ccccc5)c2O1)CCCC4)CCCC3*CCSC(NC(=O)c1ccccc1)c1ccc(OC)cc1,,-0.023690626,-0.04440129036122775
O=C(/N=C/c1ccccc1)c1ccccc1*COc1ccc(S)cc1*Cc1ccc(-c2cc3ccccc3c3c2OP(=O)(O)Oc2c(-c4ccc(C)cc4)cc4ccccc4c2-3)cc1*COc1ccc(SC(NC(=O)c2ccccc2)c2ccccc2)cc1,,1.3011671120000001,1.1628009174858565
O=C(/N=C/c1cccc2ccccc12)c1ccccc1*Cc1ccccc1S*Cc1cc(-c2cc3ccccc3c3c2OP(=O)(O)Oc2c(-c4cc(C)c(OC(C)C)c(C)c4)cc4ccccc4c2-3)cc(C)c1OC(C)C*Cc1ccccc1SC(NC(=O)c1ccccc1)c1cccc2ccccc12,,1.125722444,1.524746910646027
COc1ccc(/C=N/C(=O)c2ccccc2)cc1*SC1CCCCC1*COCc1cccc(-c2cc3c(c4c2OP(=O)(O)Oc2c(-c5cccc(COC)c5)cc5c(c2-4)CCCC5)CCCC3)c1*COc1ccc(C(NC(=O)c2ccccc2)SC2CCCCC2)cc1,,0.715545793,0.5880100960792514
O=C(/N=C/c1ccccc1)c1ccccc1*SC1CCCCC1*COCc1cccc(-c2cc3c(c4c2OP(=O)(O)Oc2c(-c5cccc(COC)c5)cc5c(c2-4)CCCC5)CCCC3)c1*O=C(NC(SC1CCCCC1)c1ccccc1)c1ccccc1,,0.5302345,0.5606459381447413
COc1ccc(/C=N/C(=O)c2ccccc2)cc1*COc1ccc(S)cc1*O=P1(O)Oc2c(Cc3c4ccccc4cc4ccccc34)cc3ccccc3c2-c2c(c(Cc3c4ccccc4cc4ccccc34)cc3ccccc23)O1*COc1ccc(SC(NC(=O)c2ccccc2)c2ccc(OC)cc2)cc1,,0.6505835560000001,0.6200080207656942
O=C(/N=C/c1cccc2ccccc12)c1ccccc1*COc1ccc(S)cc1*O=P1(O)Oc2c(-c3cc(-c4cc(C(F)(F)F)cc(C(F)(F)F)c4)cc(-c4cc(C(F)(F)F)cc(C(F)(F)F)c4)c3)cc3ccccc3c2-c2c(c(-c3cc(-c4cc(C(F)(F)F)cc(C(F)(F)F)c4)cc(-c4cc(C(F)(F)F)cc(C(F)(F)F)c4)c3)cc3ccccc23)O1*COc1ccc(SC(NC(=O)c2ccccc2)c2cccc3ccccc23)cc1,,1.370103771,1.4580391509222232
O=C(/N=C/c1ccc(Cl)cc1Cl)c1ccccc1*COc1ccc(S)cc1*COc1ccc(-c2cc(-c3ccc(OC)cc3)cc(-c3cc4ccccc4c4c3OP(=O)(O)Oc3c(-c5cc(-c6ccc(OC)cc6)cc(-c6ccc(OC)cc6)c5)cc5ccccc5c3-4)c2)cc1*COc1ccc(SC(NC(=O)c2ccccc2)c2ccc(Cl)cc2Cl)cc1,,1.531802956,1.4904623171114468
O=C(/N=C/c1cccc2ccccc12)c1ccccc1*Cc1ccccc1S*CC(C)(C)c1cc(-c2cc3c(c4c2OP(=O)(O)Oc2c(-c5cc(C(C)(C)C)cc(C(C)(C)C)c5)cc5c(c2-4)CCCC5)CCCC3)cc(C(C)(C)C)c1*Cc1ccccc1SC(NC(=O)c1ccccc1)c1cccc2ccccc12,,1.370103771,1.3425826688463323
O=C(/N=C/c1ccccc1)c1ccccc1*COc1ccc(S)cc1*O=P1(O)Oc2c(Cc3ccc(C(F)(F)F)cc3C(F)(F)F)cc3ccccc3c2-c2c(c(Cc3ccc(C(F)(F)F)cc3C(F)(F)F)cc3ccccc23)O1*COc1ccc(SC(NC(=O)c2ccccc2)c2ccccc2)cc1,,0.366586769,0.419142863978772
O=C(/N=C/c1ccc(Cl)cc1Cl)c1ccccc1*CCS*COc1ccc(-c2cc(-c3ccc(OC)cc3)cc(-c3cc4ccccc4c4c3OP(=O)(O)Oc3c(-c5cc(-c6ccc(OC)cc6)cc(-c6ccc(OC)cc6)c5)cc5ccccc5c3-4)c2)cc1*CCSC(NC(=O)c1ccccc1)c1ccc(Cl)cc1Cl,,0.559297578,0.70305895705183
O=C(/N=C/c1cccc2ccccc12)c1ccccc1*Cc1ccccc1S*COc1ccc(-c2cc3ccccc3c3c2OP(=O)(O)Oc2c(-c4ccc(OC)cc4)cc4ccccc4c2-3)cc1*Cc1ccccc1SC(NC(=O)c1ccccc1)c1cccc2ccccc12,,1.027207628,1.3048666305429268
O=C(/N=C/c1ccc(Cl)cc1Cl)c1ccccc1*SC1CCCCC1*O=P1(O)Oc2c([Si](c3ccccc3)(c3ccccc3)c3ccccc3)cc3c(c2-c2c4c(cc([Si](c5ccccc5)(c5ccccc5)c5ccccc5)c2O1)CCCC4)CCCC3*O=C(NC(SC1CCCCC1)c1ccc(Cl)cc1Cl)c1ccccc1,,-0.023690626,-0.00773219587898577
O=C(/N=C/c1ccc(C(F)(F)F)cc1)c1ccccc1*Cc1ccccc1S*O=P1(O)Oc2c(Br)cc3c(c2-c2c4c(cc(Br)c2O1)CCCC4)CCCC3*Cc1ccccc1SC(NC(=O)c1ccccc1)c1ccc(C(F)(F)F)cc1,,0.289903935,0.41660522298233893
O=C(/N=C/c1cccc2ccccc12)c1ccccc1*SC1CCCCC1*CC(C)(C)c1ccc([Si](c2ccc(C(C)(C)C)cc2)(c2ccc(C(C)(C)C)cc2)c2cc3c(c4c2OP(=O)(O)Oc2c([Si](c5ccc(C(C)(C)C)cc5)(c5ccc(C(C)(C)C)cc5)c5ccc(C(C)(C)C)cc5)cc5c(c2-4)CCCC5)CCCC3)cc1*O=C(NC(SC1CCCCC1)c1cccc2ccccc12)c1ccccc1,,-0.023690626,-0.08493033344953071
COc1ccc(/C=N/C(=O)c2ccccc2)cc1*COc1ccc(S)cc1*O=P1(O)Oc2c(-c3ccccc3OC(F)(F)F)cc3ccccc3c2-c2c(c(-c3ccccc3OC(F)(F)F)cc3ccccc23)O1*COc1ccc(SC(NC(=O)c2ccccc2)c2ccc(OC)cc2)cc1,,1.3011671120000001,1.3566367298096862
O=C(/N=C/c1cccc2ccccc12)c1ccccc1*Sc1ccccc1*O=P1(O)Oc2c(-c3c(C4CCCCC4)cc(C4CCCCC4)cc3C3CCCCC3)cc3ccccc3c2-c2c(c(-c3c(C4CCCCC4)cc(C4CCCCC4)cc3C3CCCCC3)cc3ccccc23)O1*O=C(NC(Sc1ccccc1)c1cccc2ccccc12)c1ccccc1,,3.134624572,2.651231377255216
O=C(/N=C/c1ccc(Cl)cc1Cl)c1ccccc1*SC1CCCCC1*O=P1(O)Oc2c(Cc3ccc(C(F)(F)F)cc3C(F)(F)F)cc3ccccc3c2-c2c(c(Cc3ccc(C(F)(F)F)cc3C(F)(F)F)cc3ccccc23)O1*O=C(NC(SC1CCCCC1)c1ccc(Cl)cc1Cl)c1ccccc1,,-0.166908496,0.06971167893107855
O=C(/N=C/c1ccc(C(F)(F)F)cc1)c1ccccc1*Sc1ccccc1*O=P1(O)Oc2c(-c3ccccc3-c3ccc4ccccc4c3)cc3c(c2-c2c4c(cc(-c5ccccc5-c5ccc6ccccc6c5)c2O1)CCCC4)CCCC3*O=C(NC(Sc1ccccc1)c1ccc(C(F)(F)F)cc1)c1ccccc1,,1.743657522,1.6518997342274369
O=C(/N=C/c1cccc2ccccc12)c1ccccc1*Cc1ccccc1S*O=P1(O)Oc2c(Cc3c4ccccc4cc4ccccc34)cc3ccccc3c2-c2c(c(Cc3c4ccccc4cc4ccccc34)cc3ccccc23)O1*Cc1ccccc1SC(NC(=O)c1ccccc1)c1cccc2ccccc12,,0.715545793,0.7393089363919246
O=C(/N=C/c1ccccc1)c1ccccc1*Cc1ccccc1S*O=P1(O)Oc2c([Si](c3ccccc3)(c3ccccc3)c3ccccc3)cc3c(c2-c2c4c(cc([Si](c5ccccc5)(c5ccccc5)c5ccccc5)c2O1)CCCC4)CCCC3*Cc1ccccc1SC(NC(=O)c1ccccc1)c1ccccc1,,0.11883451099999999,0.21618306086709138
O=C(/N=C/c1ccccc1)c1ccccc1*Cc1ccccc1S*COc1cc(F)c(-c2cc3ccccc3c3c2OP(=O)(O)Oc2c(-c4c(F)cc(OC)cc4F)cc4ccccc4c2-3)c(F)c1*Cc1ccccc1SC(NC(=O)c1ccccc1)c1ccccc1,,1.629422542,1.719170360447071
COc1ccc(/C=N/C(=O)c2ccccc2)cc1*COc1ccc(S)cc1*O=P1(O)Oc2c(-c3c(C4CCCCC4)cc(C4CCCCC4)cc3C3CCCCC3)cc3ccccc3c2-c2c(c(-c3c(C4CCCCC4)cc(C4CCCCC4)cc3C3CCCCC3)cc3ccccc23)O1*COc1ccc(SC(NC(=O)c2ccccc2)c2ccc(OC)cc2)cc1,,3.134624572,2.455660951354433
O=C(/N=C/c1ccc(C(F)(F)F)cc1)c1ccccc1*SC1CCCCC1*COc1cccc(OC)c1-c1cc2ccccc2c2c1OP(=O)(O)Oc1c(-c3c(OC)cccc3OC)cc3ccccc3c1-2*O=C(NC(SC1CCCCC1)c1ccc(C(F)(F)F)cc1)c1ccccc1,,1.487753909,1.143040957692685
O=C(/N=C/c1ccccc1)c1ccccc1*CCS*COCc1cccc(-c2cc3ccccc3c3c2OP(=O)(O)Oc2c(-c4cccc(COC)c4)cc4ccccc4c2-3)c1*CCSC(NC(=O)c1ccccc1)c1ccccc1,,0.44637361600000003,0.5513831843401933
O=C(/N=C/c1cccc2ccccc12)c1ccccc1*SC1CCCCC1*Cc1cc(C)c(-c2cc3ccccc3c3c2OP(=O)(O)Oc2c(-c4c(C)cc(C)cc4C)cc4ccccc4c2-3)c(C)c1*O=C(NC(SC1CCCCC1)c1cccc2ccccc12)c1ccccc1,,1.074990526,1.050835816090869
O=C(/N=C/c1cccc2ccccc12)c1ccccc1*Cc1ccccc1S*O=P1(O)Oc2c(-c3ccccc3-c3ccc4ccccc4c3)cc3c(c2-c2c4c(cc(-c5ccccc5-c5ccc6ccccc6c5)c2O1)CCCC4)CCCC3*Cc1ccccc1SC(NC(=O)c1ccccc1)c1cccc2ccccc12,,1.629422542,1.6747495040905895
O=C(/N=C/c1cccc2ccccc12)c1ccccc1*CCS*O=P1(O)Oc2c(-c3c(C4CCCCC4)cc(C4CCCCC4)cc3C3CCCCC3)cc3ccccc3c2-c2c(c(-c3c(C4CCCCC4)cc(C4CCCCC4)cc3C3CCCCC3)cc3ccccc23)O1*CCSC(NC(=O)c1ccccc1)c1cccc2ccccc12,,1.3011671120000001,1.696649251813186
O=C(/N=C/c1ccc(Cl)cc1Cl)c1ccccc1*Cc1ccccc1S*O=P1(O)Oc2c(-c3c(C4CCCCC4)cc(C4CCCCC4)cc3C3CCCCC3)cc3ccccc3c2-c2c(c(-c3c(C4CCCCC4)cc(C4CCCCC4)cc3C3CCCCC3)cc3ccccc23)O1*Cc1ccccc1SC(NC(=O)c1ccccc1)c1ccc(Cl)cc1Cl,,3.134624572,2.5599855516537406
O=C(/N=C/c1ccc(C(F)(F)F)cc1)c1ccccc1*CCS*COc1cc(F)c(-c2cc3ccccc3c3c2OP(=O)(O)Oc2c(-c4c(F)cc(OC)cc4F)cc4ccccc4c2-3)c(F)c1*CCSC(NC(=O)c1ccccc1)c1ccc(C(F)(F)F)cc1,,1.074990526,0.9874526454571981
O=C(/N=C/c1ccccc1)c1ccccc1*COc1ccc(S)cc1*O=P1(O)Oc2c(-c3ccccc3)cc3ccccc3c2-c2c(c(-c3ccccc3)cc3ccccc23)O1*COc1ccc(SC(NC(=O)c2ccccc2)c2ccccc2)cc1,,1.238109014,1.0795320496713108
O=C(/N=C/c1ccc(C(F)(F)F)cc1)c1ccccc1*CCS*O=P1(O)Oc2c(Br)cc3ccccc3c2-c2c(c(Br)cc3ccccc23)O1*CCSC(NC(=O)c1ccccc1)c1ccc(C(F)(F)F)cc1,,-0.142812956,0.09057347321932296
O=C(/N=C/c1cccc2ccccc12)c1ccccc1*Sc1ccccc1*Cc1cc(-c2cc3ccccc3c3c2OP(=O)(O)Oc2c(-c4cc(C)c(OC(C)C)c(C)c4)cc4ccccc4c2-3)cc(C)c1OC(C)C*O=C(NC(Sc1ccccc1)c1cccc2ccccc12)c1ccccc1,,1.3011671120000001,1.5799318774704862
O=C(/N=C/c1ccc(C(F)(F)F)cc1)c1ccccc1*SC1CCCCC1*COc1ccc(-c2cc3ccccc3c3c2OP(=O)(O)Oc2c(-c4ccc(OC)cc4)cc4ccccc4c2-3)cc1*O=C(NC(SC1CCCCC1)c1ccc(C(F)(F)F)cc1)c1ccccc1,,0.39279399600000003,0.6603431635916008
COc1ccc(/C=N/C(=O)c2ccccc2)cc1*CCS*COCc1cccc(-c2cc3ccccc3c3c2OP(=O)(O)Oc2c(-c4cccc(COC)c4)cc4ccccc4c2-3)c1*CCSC(NC(=O)c1ccccc1)c1ccc(OC)cc1,,0.7846031729999999,0.5548379206596616
O=C(/N=C/c1cccc2ccccc12)c1ccccc1*Sc1ccccc1*O=P1(O)Oc2c(Br)cc3c(c2-c2c4c(cc(Br)c2O1)CCCC4)CCCC3*O=C(NC(Sc1ccccc1)c1cccc2ccccc12)c1ccccc1,,0.501758501,0.43436620630534717
O=C(/N=C/c1ccc(Cl)cc1Cl)c1ccccc1*Sc1ccccc1*CC(C)(C)c1cc(-c2cc3c(c4c2OP(=O)(O)Oc2c(-c5cc(C(C)(C)C)cc(C(C)(C)C)c5)cc5c(c2-4)CCCC5)CCCC3)cc(C(C)(C)C)c1*O=C(NC(Sc1ccccc1)c1ccc(Cl)cc1Cl)c1ccccc1,,1.3011671120000001,1.3291038788365617
O=C(/N=C/c1ccc(Cl)cc1Cl)c1ccccc1*CCS*O=P1(O)Oc2c(-c3cccc(-c4ccc5ccccc5c4)c3)cc3ccccc3c2-c2c(c(-c3cccc(-c4ccc5ccccc5c4)c3)cc3ccccc23)O1*CCSC(NC(=O)c1ccccc1)c1ccc(Cl)cc1Cl,,0.366586769,0.5840166193652699
COc1ccc(/C=N/C(=O)c2ccccc2)cc1*SC1CCCCC1*O=P1(O)Oc2c(-c3cc(C(F)(F)F)cc(C(F)(F)F)c3)cc3c(c2-c2c4c(cc(-c5cc(C(F)(F)F)cc(C(F)(F)F)c5)c2O1)CCCC4)CCCC3*COc1ccc(C(NC(=O)c2ccccc2)SC2CCCCC2)cc1,,0.366586769,0.6004171333523527
COc1ccc(/C=N/C(=O)c2ccccc2)cc1*CCS*CC(C)(C)c1cc(-c2cc3ccccc3c3c2OP(=O)(O)Oc2c(-c4cc(C(C)(C)C)cc(C(C)(C)C)c4)cc4ccccc4c2-3)cc(C(C)(C)C)c1*CCSC(NC(=O)c1ccccc1)c1ccc(OC)cc1,,0.559297578,0.7378224119700276
O=C(/N=C/c1cccc2ccccc12)c1ccccc1*Cc1ccccc1S*O=P1(O)Oc2c(Cc3cc(C(F)(F)F)cc(C(F)(F)F)c3)cc3c(c2-c2c4c(cc(Cc5cc(C(F)(F)F)cc(C(F)(F)F)c5)c2O1)CCCC4)CCCC3*Cc1ccccc1SC(NC(=O)c1ccccc1)c1cccc2ccccc12,,0.264892334,0.4764847649556051
O=C(/N=C/c1ccccc1)c1ccccc1*Sc1ccccc1*O=P1(O)Oc2c(-c3c(C4CCCCC4)cc(C4CCCCC4)cc3C3CCCCC3)cc3ccccc3c2-c2c(c(-c3c(C4CCCCC4)cc(C4CCCCC4)cc3C3CCCCC3)cc3ccccc23)O1*O=C(NC(Sc1ccccc1)c1ccccc1)c1ccccc1,,3.134624572,2.5367219205242777
O=C(/N=C/c1ccc(Cl)cc1Cl)c1ccccc1*COc1ccc(S)cc1*CCOc1ccc(C)cc1-c1cc2ccccc2c2c1OP(=O)(O)Oc1c(-c3cc(C)ccc3OCC)cc3ccccc3c1-2*COc1ccc(SC(NC(=O)c2ccccc2)c2ccc(Cl)cc2Cl)cc1,,1.125722444,1.5276729591131977
O=C(/N=C/c1cccc2ccccc12)c1ccccc1*Cc1ccccc1S*CCOc1ccc(C)cc1-c1cc2ccccc2c2c1OP(=O)(O)Oc1c(-c3cc(C)ccc3OCC)cc3ccccc3c1-2*Cc1ccccc1SC(NC(=O)c1ccccc1)c1cccc2ccccc12,,1.074990526,1.6232241178420674
O=C(/N=C/c1ccc(C(F)(F)F)cc1)c1ccccc1*Cc1ccccc1S*CC(C)c1cc(C(C)C)c(-c2cc3ccccc3c3c2OP(=O)(O)Oc2c(-c4c(C(C)C)cc(C(C)C)cc4C(C)C)cc4ccccc4c2-3)c(C(C)C)c1*Cc1ccccc1SC(NC(=O)c1ccccc1)c1ccc(C(F)(F)F)cc1,,2.058499317,2.4540320601742898
O=C(/N=C/c1ccccc1)c1ccccc1*Cc1ccccc1S*CCOc1ccc(C)cc1-c1cc2ccccc2c2c1OP(=O)(O)Oc1c(-c3cc(C)ccc3OCC)cc3ccccc3c1-2*Cc1ccccc1SC(NC(=O)c1ccccc1)c1ccccc1,,1.882001124,1.5246255214570081
O=C(/N=C/c1cccc2ccccc12)c1ccccc1*Sc1ccccc1*O=P1(O)Oc2c(-c3cccc(-c4ccc5ccccc5c4)c3)cc3ccccc3c2-c2c(c(-c3cccc(-c4ccc5ccccc5c4)c3)cc3ccccc23)O1*O=C(NC(Sc1ccccc1)c1cccc2ccccc12)c1ccccc1,,1.3011671120000001,1.4901643066524062
O=C(/N=C/c1cccc2ccccc12)c1ccccc1*SC1CCCCC1*Cc1ccc(-c2cc3ccccc3c3c2OP(=O)(O)Oc2c(-c4ccc(C)cc4)cc4ccccc4c2-3)cc1*O=C(NC(SC1CCCCC1)c1cccc2ccccc12)c1ccccc1,,0.559297578,0.6241952839397072
O=C(/N=C/c1ccc(Cl)cc1Cl)c1ccccc1*CCS*O=P1(O)Oc2c(-c3cc(C(F)(F)F)cc(C(F)(F)F)c3)cc3c(c2-c2c4c(cc(-c5cc(C(F)(F)F)cc(C(F)(F)F)c5)c2O1)CCCC4)CCCC3*CCSC(NC(=O)c1ccccc1)c1ccc(Cl)cc1Cl,,0.340722979,0.5029911565332128
O=C(/N=C/c1ccc(Cl)cc1Cl)c1ccccc1*Sc1ccccc1*Cc1cc(C)c(-c2cc(-c3cc4c(c5c3OP(=O)(O)Oc3c(-c6cc(-c7c(C)cc(C)cc7C)cc(-c7c(C)cc(C)cc7C)c6)cc6c(c3-5)CCCC6)CCCC4)cc(-c3c(C)cc(C)cc3C)c2)c(C)c1*O=C(NC(Sc1ccccc1)c1ccc(Cl)cc1Cl)c1ccccc1,,1.3011671120000001,1.7961987807577193
O=C(/N=C/c1cccc2ccccc12)c1ccccc1*SC1CCCCC1*O=P1(O)Oc2c(-c3ccc(S(F)(F)(F)(F)F)cc3)cc3ccccc3c2-c2c(c(-c3ccc(S(F)(F)(F)(F)F)cc3)cc3ccccc23)O1*O=C(NC(SC1CCCCC1)c1cccc2ccccc12)c1ccccc1,,0.589002233,0.6174805081797199
O=C(/N=C/c1ccc(C(F)(F)F)cc1)c1ccccc1*COc1ccc(S)cc1*O=P1(O)Oc2c(-c3ccc4ccc5cccc6ccc3c4c56)cc3ccccc3c2-c2c(c(-c3ccc4ccc5cccc6ccc3c4c56)cc3ccccc23)O1*COc1ccc(SC(NC(=O)c2ccccc2)c2ccc(C(F)(F)F)cc2)cc1,,2.304684113,1.8186771755707185
O=C(/N=C/c1cccc2ccccc12)c1ccccc1*SC1CCCCC1*COCc1cccc(-c2cc3ccccc3c3c2OP(=O)(O)Oc2c(-c4cccc(COC)c4)cc4ccccc4c2-3)c1*O=C(NC(SC1CCCCC1)c1cccc2ccccc12)c1ccccc1,,0.589002233,0.6313094490986266
O=C(/N=C/c1ccc(Cl)cc1Cl)c1ccccc1*Cc1ccccc1S*O=P1(O)Oc2c(-c3ccc(C4CCCCC4)cc3)cc3c(c2-c2c4c(cc(-c5ccc(C6CCCCC6)cc5)c2O1)CCCC4)CCCC3*Cc1ccccc1SC(NC(=O)c1ccccc1)c1ccc(Cl)cc1Cl,,1.125722444,1.5527459719732257
O=C(/N=C/c1cccc2ccccc12)c1ccccc1*SC1CCCCC1*Cc1cc(C)c(-c2cc(-c3cc4c(c5c3OP(=O)(O)Oc3c(-c6cc(-c7c(C)cc(C)cc7C)cc(-c7c(C)cc(C)cc7C)c6)cc6c(c3-5)CCCC6)CCCC4)cc(-c3c(C)cc(C)cc3C)c2)c(C)c1*O=C(NC(SC1CCCCC1)c1cccc2ccccc12)c1ccccc1,,0.7846031729999999,1.0379346110160974
O=C(/N=C/c1ccccc1)c1ccccc1*Sc1ccccc1*CCOc1ccc(C)cc1-c1cc2ccccc2c2c1OP(=O)(O)Oc1c(-c3cc(C)ccc3OCC)cc3ccccc3c1-2*O=C(NC(Sc1ccccc1)c1ccccc1)c1ccccc1,,1.743657522,1.5876636859967808
COc1ccc(/C=N/C(=O)c2ccccc2)cc1*Cc1ccccc1S*CC(C)(C)c1cc(-c2cc3ccccc3c3c2OP(=O)(O)Oc2c(-c4cc(C(C)(C)C)cc(C(C)(C)C)c4)cc4ccccc4c2-3)cc(C(C)(C)C)c1*COc1ccc(C(NC(=O)c2ccccc2)Sc2ccccc2C)cc1,,1.17989059,1.4077082722277652
O=C(/N=C/c1ccccc1)c1ccccc1*Sc1ccccc1*O=P1(O)Oc2c(-c3cccc(-c4ccc5ccccc5c4)c3)cc3ccccc3c2-c2c(c(-c3cccc(-c4ccc5ccccc5c4)c3)cc3ccccc23)O1*O=C(NC(Sc1ccccc1)c1ccccc1)c1ccccc1,,1.074990526,1.4006726686346138
O=C(/N=C/c1ccc(C(F)(F)F)cc1)c1ccccc1*Sc1ccccc1*Cc1cc(C)c(-c2cc(-c3cc4c(c5c3OP(=O)(O)Oc3c(-c6cc(-c7c(C)cc(C)cc7C)cc(-c7c(C)cc(C)cc7C)c6)cc6c(c3-5)CCCC6)CCCC4)cc(-c3c(C)cc(C)cc3C)c2)c(C)c1*O=C(NC(Sc1ccccc1)c1ccc(C(F)(F)F)cc1)c1ccccc1,,1.531802956,1.7799616110981096
O=C(/N=C/c1cccc2ccccc12)c1ccccc1*CCS*Cc1cc(-c2cc3ccccc3c3c2OP(=O)(O)Oc2c(-c4cc(C)c(OC(C)C)c(C)c4)cc4ccccc4c2-3)cc(C)c1OC(C)C*CCSC(NC(=O)c1ccccc1)c1cccc2ccccc12,,0.41937775299999996,0.7292860776264518
O=C(/N=C/c1ccc(C(F)(F)F)cc1)c1ccccc1*SC1CCCCC1*O=P1(O)Oc2c(Cc3c4ccccc4cc4ccccc34)cc3ccccc3c2-c2c(c(Cc3c4ccccc4cc4ccccc34)cc3ccccc23)O1*O=C(NC(SC1CCCCC1)c1ccc(C(F)(F)F)cc1)c1ccccc1,,0.366586769,0.2577923918694164
O=C(/N=C/c1ccc(Cl)cc1Cl)c1ccccc1*SC1CCCCC1*C[Si](c1ccccc1)(c1ccccc1)c1cc2ccccc2c2c1OP(=O)(O)Oc1c([Si](C)(c3ccccc3)c3ccccc3)cc3ccccc3c1-2*O=C(NC(SC1CCCCC1)c1ccc(Cl)cc1Cl)c1ccccc1,,0.240111033,0.4353181630861037
O=C(/N=C/c1ccc(Cl)cc1Cl)c1ccccc1*SC1CCCCC1*O=P1(O)Oc2c(-c3ccc(C4CCCCC4)cc3)cc3c(c2-c2c4c(cc(-c5ccc(C6CCCCC6)cc5)c2O1)CCCC4)CCCC3*O=C(NC(SC1CCCCC1)c1ccc(Cl)cc1Cl)c1ccccc1,,0.749510758,0.8257189391429336
O=C(/N=C/c1ccccc1)c1ccccc1*COc1ccc(S)cc1*COCc1cccc(-c2cc3c(c4c2OP(=O)(O)Oc2c(-c5cccc(COC)c5)cc5c(c2-4)CCCC5)CCCC3)c1*COc1ccc(SC(NC(=O)c2ccccc2)c2ccccc2)cc1,,1.238109014,1.0390987523058464
COc1ccc(/C=N/C(=O)c2ccccc2)cc1*Sc1ccccc1*COc1ccc(Cc2cc3c(c4c2OP(=O)(O)Oc2c(Cc5ccc(OC)cc5)cc5c(c2-4)CCCC5)CCCC3)cc1*COc1ccc(C(NC(=O)c2ccccc2)Sc2ccccc2)cc1,,0.166908496,0.24104440132876803
COc1ccc(/C=N/C(=O)c2ccccc2)cc1*Sc1ccccc1*O=P1(O)Oc2c(-c3ccc4ccc5cccc6ccc3c4c56)cc3ccccc3c2-c2c(c(-c3ccc4ccc5cccc6ccc3c4c56)cc3ccccc23)O1*COc1ccc(C(NC(=O)c2ccccc2)Sc2ccccc2)cc1,,1.125722444,1.836208960931211
O=C(/N=C/c1ccccc1)c1ccccc1*SC1CCCCC1*Cc1cc(-c2cc3ccccc3c3c2OP(=O)(O)Oc2c(-c4cc(C)c(OC(C)C)c(C)c4)cc4ccccc4c2-3)cc(C)c1OC(C)C*O=C(NC(SC1CCCCC1)c1ccccc1)c1ccccc1,,0.6826014440000001,0.7703834307570303
O=C(/N=C/c1cccc2ccccc12)c1ccccc1*COc1ccc(S)cc1*Cc1cc(C)c(-c2cc3ccccc3c3c2OP(=O)(O)Oc2c(-c4c(C)cc(C)cc4C)cc4ccccc4c2-3)c(C)c1*COc1ccc(SC(NC(=O)c2ccccc2)c2cccc3ccccc23)cc1,,1.882001124,1.757218511984807
O=C(/N=C/c1ccc(Cl)cc1Cl)c1ccccc1*CCS*Cc1cc(-c2cc3ccccc3c3c2OP(=O)(O)Oc2c(-c4cc(C)c(OC(C)C)c(C)c4)cc4ccccc4c2-3)cc(C)c1OC(C)C*CCSC(NC(=O)c1ccccc1)c1ccc(Cl)cc1Cl,,0.315171704,0.7061001924791431
O=C(/N=C/c1cccc2ccccc12)c1ccccc1*Sc1ccccc1*COCc1cccc(-c2cc3ccccc3c3c2OP(=O)(O)Oc2c(-c4cccc(COC)c4)cc4ccccc4c2-3)c1*O=C(NC(Sc1ccccc1)c1cccc2ccccc12)c1ccccc1,,1.238109014,1.3264607430480473
COc1ccc(/C=N/C(=O)c2ccccc2)cc1*Cc1ccccc1S*CC(C)c1cc(C(C)C)c(-c2cc3ccccc3c3c2OP(=O)(O)Oc2c(-c4c(C(C)C)cc(C(C)C)cc4C(C)C)cc4ccccc4c2-3)c(C(C)C)c1*COc1ccc(C(NC(=O)c2ccccc2)Sc2ccccc2C)cc1,,2.304684113,2.3800499015620624
O=C(/N=C/c1ccccc1)c1ccccc1*CCS*O=P1(O)Oc2c(-c3ccccc3OC(F)(F)F)cc3ccccc3c2-c2c(c(-c3ccccc3OC(F)(F)F)cc3ccccc23)O1*CCSC(NC(=O)c1ccccc1)c1ccccc1,,0.5302345,0.6670259419200453
COc1ccc(/C=N/C(=O)c2ccccc2)cc1*COc1ccc(S)cc1*COc1cccc(OC)c1-c1cc2ccccc2c2c1OP(=O)(O)Oc1c(-c3c(OC)cccc3OC)cc3ccccc3c1-2*COc1ccc(SC(NC(=O)c2ccccc2)c2ccc(OC)cc2)cc1,,1.531802956,1.7623955332917194
O=C(/N=C/c1ccc(Cl)cc1Cl)c1ccccc1*COc1ccc(S)cc1*O=P1(O)Oc2c(-c3ccc(S(F)(F)(F)(F)F)cc3)cc3ccccc3c2-c2c(c(-c3ccc(S(F)(F)(F)(F)F)cc3)cc3ccccc23)O1*COc1ccc(SC(NC(=O)c2ccccc2)c2ccc(Cl)cc2Cl)cc1,,1.074990526,1.205807475987907
O=C(/N=C/c1ccc(Cl)cc1Cl)c1ccccc1*Cc1ccccc1S*CCc1cc2c(c3c1OP(=O)(O)Oc1c(CC)cc4c(c1-3)CCCC4)CCCC2*Cc1ccccc1SC(NC(=O)c1ccccc1)c1ccc(Cl)cc1Cl,,0.289903935,0.36098985561456554
COc1ccc(/C=N/C(=O)c2ccccc2)cc1*SC1CCCCC1*CCc1cc2c(c3c1OP(=O)(O)Oc1c(CC)cc4c(c1-3)CCCC4)CCCC2*COc1ccc(C(NC(=O)c2ccccc2)SC2CCCCC2)cc1,,-0.047400225,0.1301860279305358
O=C(/N=C/c1ccc(C(F)(F)F)cc1)c1ccccc1*SC1CCCCC1*Cc1cc(C)c(-c2cc(-c3cc4c(c5c3OP(=O)(O)Oc3c(-c6cc(-c7c(C)cc(C)cc7C)cc(-c7c(C)cc(C)cc7C)c6)cc6c(c3-5)CCCC6)CCCC4)cc(-c3c(C)cc(C)cc3C)c2)c(C)c1*O=C(NC(SC1CCCCC1)c1ccc(C(F)(F)F)cc1)c1ccccc1,,0.8586767009999999,1.0346247071727768
O=C(/N=C/c1ccc(Cl)cc1Cl)c1ccccc1*Cc1ccccc1S*O=P1(O)Oc2c(-c3ccc4ccc5cccc6ccc3c4c56)cc3ccccc3c2-c2c(c(-c3ccc4ccc5cccc6ccc3c4c56)cc3ccccc23)O1*Cc1ccccc1SC(NC(=O)c1ccccc1)c1ccc(Cl)cc1Cl,,2.304684113,1.8742662925263667
O=C(/N=C/c1cccc2ccccc12)c1ccccc1*Cc1ccccc1S*O=P1(O)Oc2c(Br)cc3c(c2-c2c4c(cc(Br)c2O1)CCCC4)CCCC3*Cc1ccccc1SC(NC(=O)c1ccccc1)c1cccc2ccccc12,,0.166908496,0.41188788736059123
O=C(/N=C/c1ccc(Cl)cc1Cl)c1ccccc1*Cc1ccccc1S*Cc1cc(-c2cc3ccccc3c3c2OP(=O)(O)Oc2c(-c4cc(C)c(OC(C)C)c(C)c4)cc4ccccc4c2-3)cc(C)c1OC(C)C*Cc1ccccc1SC(NC(=O)c1ccccc1)c1ccc(Cl)cc1Cl,,1.074990526,1.4772275573057252
COc1ccc(/C=N/C(=O)c2ccccc2)cc1*Cc1ccccc1S*CC(C)c1cc(-c2ccc(C(C)(C)C)cc2)cc(C(C)C)c1-c1cc2ccccc2c2c1OP(=O)(O)Oc1c(-c3c(C(C)C)cc(-c4ccc(C(C)(C)C)cc4)cc3C(C)C)cc3ccccc3c1-2*COc1ccc(C(NC(=O)c2ccccc2)Sc2ccccc2C)cc1,,3.134624572,2.173137173312357
O=C(/N=C/c1cccc2ccccc12)c1ccccc1*COc1ccc(S)cc1*O=P1(O)Oc2c(Br)cc3c(c2-c2c4c(cc(Br)c2O1)CCCC4)CCCC3*COc1ccc(SC(NC(=O)c2ccccc2)c2cccc3ccccc23)cc1,,0.166908496,0.3936309153980774
O=C(/N=C/c1ccccc1)c1ccccc1*Sc1ccccc1*O=P1(O)Oc2c(-c3cc(C(F)(F)F)cc(C(F)(F)F)c3)cc3ccccc3c2-c2c(c(-c3cc(C(F)(F)F)cc(C(F)(F)F)c3)cc3ccccc23)O1*O=C(NC(Sc1ccccc1)c1ccccc1)c1ccccc1,,1.152342057,1.2033811337041551
O=C(/N=C/c1ccc(Cl)cc1Cl)c1ccccc1*Sc1ccccc1*O=P1(O)Oc2c(-c3ccccc3)cc3ccccc3c2-c2c(c(-c3ccccc3)cc3ccccc23)O1*O=C(NC(Sc1ccccc1)c1ccc(Cl)cc1Cl)c1ccccc1,,1.17989059,1.1792842795944445
O=C(/N=C/c1ccccc1)c1ccccc1*SC1CCCCC1*O=P1(O)Oc2c(-c3c(C4CCCCC4)cc(C4CCCCC4)cc3C3CCCCC3)cc3ccccc3c2-c2c(c(-c3c(C4CCCCC4)cc(C4CCCCC4)cc3C3CCCCC3)cc3ccccc23)O1*O=C(NC(SC1CCCCC1)c1ccccc1)c1ccccc1,,1.531802956,1.6968717733703056
O=C(/N=C/c1ccc(C(F)(F)F)cc1)c1ccccc1*SC1CCCCC1*O=P1(O)Oc2c(Br)cc3c(c2-c2c4c(cc(Br)c2O1)CCCC4)CCCC3*O=C(NC(SC1CCCCC1)c1ccc(C(F)(F)F)cc1)c1ccccc1,,0.11883451099999999,0.154000234900441
O=C(/N=C/c1ccccc1)c1ccccc1*COc1ccc(S)cc1*CCOc1ccc(C)cc1-c1cc2ccccc2c2c1OP(=O)(O)Oc1c(-c3cc(C)ccc3OCC)cc3ccccc3c1-2*COc1ccc(SC(NC(=O)c2ccccc2)c2ccccc2)cc1,,1.125722444,1.4899719047878117
O=C(/N=C/c1ccccc1)c1ccccc1*SC1CCCCC1*O=P1(O)Oc2c(-c3ccccc3-c3ccc4ccccc4c3)cc3c(c2-c2c4c(cc(-c5ccccc5-c5ccc6ccccc6c5)c2O1)CCCC4)CCCC3*O=C(NC(SC1CCCCC1)c1ccccc1)c1ccccc1,,0.820945045,0.868557975822373
O=C(/N=C/c1cccc2ccccc12)c1ccccc1*Sc1ccccc1*O=P1(O)Oc2c(Cc3cc(C(F)(F)F)cc(C(F)(F)F)c3)cc3c(c2-c2c4c(cc(Cc5cc(C(F)(F)F)cc(C(F)(F)F)c5)c2O1)CCCC4)CCCC3*O=C(NC(Sc1ccccc1)c1cccc2ccccc12)c1ccccc1,,0.619408639,0.5036967311943832
O=C(/N=C/c1ccc(C(F)(F)F)cc1)c1ccccc1*CCS*COCc1cccc(-c2cc3ccccc3c3c2OP(=O)(O)Oc2c(-c4cccc(COC)c4)cc4ccccc4c2-3)c1*CCSC(NC(=O)c1ccccc1)c1ccc(C(F)(F)F)cc1,,0.559297578,0.6171743987857243
O=C(/N=C/c1ccc(C(F)(F)F)cc1)c1ccccc1*Sc1ccccc1*CC(C)(C)c1ccc(-c2cc3ccccc3c3c2OP(=O)(O)Oc2c(-c4ccc(C(C)(C)C)cc4)cc4ccccc4c2-3)cc1*O=C(NC(Sc1ccccc1)c1ccc(C(F)(F)F)cc1)c1ccccc1,,1.3011671120000001,1.3433924485394508
O=C(/N=C/c1ccccc1)c1ccccc1*COc1ccc(S)cc1*O=P1(O)Oc2c(Br)cc3ccccc3c2-c2c(c(Br)cc3ccccc23)O1*COc1ccc(SC(NC(=O)c2ccccc2)c2ccccc2)cc1,,0.559297578,0.43100630528979955
O=C(/N=C/c1ccc(Cl)cc1Cl)c1ccccc1*Sc1ccccc1*COCc1cccc(-c2cc3c(c4c2OP(=O)(O)Oc2c(-c5cccc(COC)c5)cc5c(c2-4)CCCC5)CCCC3)c1*O=C(NC(Sc1ccccc1)c1ccc(Cl)cc1Cl)c1ccccc1,,1.17989059,1.1404481604834917
O=C(/N=C/c1ccc(Cl)cc1Cl)c1ccccc1*SC1CCCCC1*COCc1cccc(-c2cc3ccccc3c3c2OP(=O)(O)Oc2c(-c4cccc(COC)c4)cc4ccccc4c2-3)c1*O=C(NC(SC1CCCCC1)c1ccc(Cl)cc1Cl)c1ccccc1,,0.589002233,0.6049209757379139
O=C(/N=C/c1ccccc1)c1ccccc1*SC1CCCCC1*CCOc1ccc(C)cc1-c1cc2ccccc2c2c1OP(=O)(O)Oc1c(-c3cc(C)ccc3OCC)cc3ccccc3c1-2*O=C(NC(SC1CCCCC1)c1ccccc1)c1ccccc1,,0.8586767009999999,0.8507163872327973
O=C(/N=C/c1cccc2ccccc12)c1ccccc1*CCS*Cc1cc(C)c(-c2cc3ccccc3c3c2OP(=O)(O)Oc2c(-c4c(C)cc(C)cc4C)cc4ccccc4c2-3)c(C)c1*CCSC(NC(=O)c1ccccc1)c1cccc2ccccc12,,0.749510758,0.9424086547692447
COc1ccc(/C=N/C(=O)c2ccccc2)cc1*Sc1ccccc1*CC(C)c1cc(-c2ccc(C(C)(C)C)cc2)cc(C(C)C)c1-c1cc2ccccc2c2c1OP(=O)(O)Oc1c(-c3c(C(C)C)cc(-c4ccc(C(C)(C)C)cc4)cc3C(C)C)cc3ccccc3c1-2*COc1ccc(C(NC(=O)c2ccccc2)Sc2ccccc2)cc1,,3.134624572,2.2455015175079396
O=C(/N=C/c1cccc2ccccc12)c1ccccc1*Sc1ccccc1*COc1ccc(-c2cc3ccccc3c3c2OP(=O)(O)Oc2c(-c4ccc(OC)cc4)cc4ccccc4c2-3)cc1*O=C(NC(Sc1ccccc1)c1cccc2ccccc12)c1ccccc1,,1.238109014,1.3501527262782596
COc1ccc(/C=N/C(=O)c2ccccc2)cc1*CCS*COc1cc(F)c(-c2cc3ccccc3c3c2OP(=O)(O)Oc2c(-c4c(F)cc(OC)cc4F)cc4ccccc4c2-3)c(F)c1*CCSC(NC(=O)c1ccccc1)c1ccc(OC)cc1,,0.820945045,0.916647156569813
O=C(/N=C/c1ccc(C(F)(F)F)cc1)c1ccccc1*COc1ccc(S)cc1*COc1cccc(OC)c1-c1cc2ccccc2c2c1OP(=O)(O)Oc1c(-c3c(OC)cccc3OC)cc3ccccc3c1-2*COc1ccc(SC(NC(=O)c2ccccc2)c2ccc(C(F)(F)F)cc2)cc1,,2.478059282,1.80626513099357
O=C(/N=C/c1ccc(C(F)(F)F)cc1)c1ccccc1*Sc1ccccc1*O=P1(O)Oc2c(-c3cc(C(F)(F)F)cc(C(F)(F)F)c3)cc3c(c2-c2c4c(cc(-c5cc(C(F)(F)F)cc(C(F)(F)F)c5)c2O1)CCCC4)CCCC3*O=C(NC(Sc1ccccc1)c1ccc(C(F)(F)F)cc1)c1ccccc1,,1.17989059,1.2150614670103725
COc1ccc(/C=N/C(=O)c2ccccc2)cc1*CCS*O=P1(O)Oc2c(-c3cc(C(F)(F)F)cc(C(F)(F)F)c3)cc3c(c2-c2c4c(cc(-c5cc(C(F)(F)F)cc(C(F)(F)F)c5)c2O1)CCCC4)CCCC3*CCSC(NC(=O)c1ccccc1)c1ccc(OC)cc1,,0.473819986,0.5176719650531181
O=C(/N=C/c1ccc(C(F)(F)F)cc1)c1ccccc1*CCS*CC(C)(C)c1ccc(-c2cc3ccccc3c3c2OP(=O)(O)Oc2c(-c4ccc(C(C)(C)C)cc4)cc4ccccc4c2-3)cc1*CCSC(NC(=O)c1ccccc1)c1ccc(C(F)(F)F)cc1,,0.5302345,0.6666967306460148
O=C(/N=C/c1ccc(Cl)cc1Cl)c1ccccc1*Sc1ccccc1*O=P1(O)Oc2c(-c3cc(-c4cc(C(F)(F)F)cc(C(F)(F)F)c4)cc(-c4cc(C(F)(F)F)cc(C(F)(F)F)c4)c3)cc3ccccc3c2-c2c(c(-c3cc(-c4cc(C(F)(F)F)cc(C(F)(F)F)c4)cc(-c4cc(C(F)(F)F)cc(C(F)(F)F)c4)c3)cc3ccccc23)O1*O=C(NC(Sc1ccccc1)c1ccc(Cl)cc1Cl)c1ccccc1,,1.238109014,1.494883918321448
O=C(/N=C/c1ccc(C(F)(F)F)cc1)c1ccccc1*SC1CCCCC1*COc1ccc(-c2cc(-c3ccc(OC)cc3)cc(-c3cc4ccccc4c4c3OP(=O)(O)Oc3c(-c5cc(-c6ccc(OC)cc6)cc(-c6ccc(OC)cc6)c5)cc5ccccc5c3-4)c2)cc1*O=C(NC(SC1CCCCC1)c1ccc(C(F)(F)F)cc1)c1ccccc1,,0.820945045,0.8344832575571348
O=C(/N=C/c1ccccc1)c1ccccc1*COc1ccc(S)cc1*CC(C)c1cc(-c2ccc(C(C)(C)C)cc2)cc(C(C)C)c1-c1cc2ccccc2c2c1OP(=O)(O)Oc1c(-c3c(C(C)C)cc(-c4ccc(C(C)(C)C)cc4)cc3C(C)C)cc3ccccc3c1-2*COc1ccc(SC(NC(=O)c2ccccc2)c2ccccc2)cc1,,2.721168735,2.2003086259093
O=C(/N=C/c1cccc2ccccc12)c1ccccc1*Cc1ccccc1S*COc1cc(F)c(-c2cc3ccccc3c3c2OP(=O)(O)Oc2c(-c4c(F)cc(OC)cc4F)cc4ccccc4c2-3)c(F)c1*Cc1ccccc1SC(NC(=O)c1ccccc1)c1cccc2ccccc12,,1.446325365,1.8210828058240938
O=C(/N=C/c1cccc2ccccc12)c1ccccc1*Sc1ccccc1*O=P1(O)Oc2c(-c3ccc4ccc5cccc6ccc3c4c56)cc3ccccc3c2-c2c(c(-c3ccc4ccc5cccc6ccc3c4c56)cc3ccccc23)O1*O=C(NC(Sc1ccccc1)c1cccc2ccccc12)c1ccccc1,,1.743657522,1.9850478113943013
O=C(/N=C/c1ccc(Cl)cc1Cl)c1ccccc1*COc1ccc(S)cc1*O=P1(O)Oc2c(-c3cc(C(F)(F)F)cc(C(F)(F)F)c3)cc3ccccc3c2-c2c(c(-c3cc(C(F)(F)F)cc(C(F)(F)F)c3)cc3ccccc23)O1*COc1ccc(SC(NC(=O)c2ccccc2)c2ccc(Cl)cc2Cl)cc1,,0.878113519,1.162654036567144
O=C(/N=C/c1ccc(Cl)cc1Cl)c1ccccc1*Cc1ccccc1S*O=P1(O)Oc2c([Si](c3ccccc3)(c3ccccc3)c3ccccc3)cc3c(c2-c2c4c(cc([Si](c5ccccc5)(c5ccccc5)c5ccccc5)c2O1)CCCC4)CCCC3*Cc1ccccc1SC(NC(=O)c1ccccc1)c1ccc(Cl)cc1Cl,,0.11883451099999999,0.21448869539312165
O=C(/N=C/c1ccc(C(F)(F)F)cc1)c1ccccc1*CCS*O=P1(O)Oc2c(Cc3c4ccccc4cc4ccccc34)cc3ccccc3c2-c2c(c(Cc3c4ccccc4cc4ccccc34)cc3ccccc23)O1*CCSC(NC(=O)c1ccccc1)c1ccc(C(F)(F)F)cc1,,0.264892334,0.21177761959287822
O=C(/N=C/c1cccc2ccccc12)c1ccccc1*CCS*O=P1(O)Oc2c([Si](c3ccccc3)(c3ccccc3)c3ccccc3)cc3c(c2-c2c4c(cc([Si](c5ccccc5)(c5ccccc5)c5ccccc5)c2O1)CCCC4)CCCC3*CCSC(NC(=O)c1ccccc1)c1cccc2ccccc12,,0.023690626,-0.08065485447581044
O=C(/N=C/c1cccc2ccccc12)c1ccccc1*Cc1ccccc1S*O=P1(O)Oc2c(-c3c4ccccc4cc4ccccc34)cc3ccccc3c2-c2c(c(-c3c4ccccc4cc4ccccc34)cc3ccccc23)O1*Cc1ccccc1SC(NC(=O)c1ccccc1)c1cccc2ccccc12,,2.304684113,1.931294023108371
O=C(/N=C/c1ccc(C(F)(F)F)cc1)c1ccccc1*CCS*O=P1(O)Oc2c(-c3ccc(C4CCCCC4)cc3)cc3c(c2-c2c4c(cc(-c5ccc(C6CCCCC6)cc5)c2O1)CCCC4)CCCC3*CCSC(NC(=O)c1ccccc1)c1ccc(C(F)(F)F)cc1,,0.5302345,0.8498062528210698
O=C(/N=C/c1ccc(Cl)cc1Cl)c1ccccc1*COc1ccc(S)cc1*O=P1(O)Oc2c(Br)cc3ccccc3c2-c2c(c(Br)cc3ccccc23)O1*COc1ccc(SC(NC(=O)c2ccccc2)c2ccc(Cl)cc2Cl)cc1,,0.501758501,0.43782898465858805
O=C(/N=C/c1ccccc1)c1ccccc1*CCS*CC(C)c1cc(C(C)C)c(-c2cc3ccccc3c3c2OP(=O)(O)Oc2c(-c4c(C(C)C)cc(C(C)C)cc4C(C)C)cc4ccccc4c2-3)c(C(C)C)c1*CCSC(NC(=O)c1ccccc1)c1ccccc1,,1.743657522,1.548174151641814
O=C(/N=C/c1ccccc1)c1ccccc1*CCS*COc1ccc(-c2cc(-c3ccc(OC)cc3)cc(-c3cc4ccccc4c4c3OP(=O)(O)Oc3c(-c5cc(-c6ccc(OC)cc6)cc(-c6ccc(OC)cc6)c5)cc5ccccc5c3-4)c2)cc1*CCSC(NC(=O)c1ccccc1)c1ccccc1,,0.44637361600000003,0.7092550406005533
O=C(/N=C/c1ccccc1)c1ccccc1*Sc1ccccc1*Cc1cc(-c2cc3ccccc3c3c2OP(=O)(O)Oc2c(-c4cc(C)c(OC(C)C)c(C)c4)cc4ccccc4c2-3)cc(C)c1OC(C)C*O=C(NC(Sc1ccccc1)c1ccccc1)c1ccccc1,,1.17989059,1.4872074177444001
O=C(/N=C/c1ccc(C(F)(F)F)cc1)c1ccccc1*SC1CCCCC1*Cc1ccc(-c2cc3ccccc3c3c2OP(=O)(O)Oc2c(-c4ccc(C)cc4)cc4ccccc4c2-3)cc1*O=C(NC(SC1CCCCC1)c1ccc(C(F)(F)F)cc1)c1ccccc1,,0.820945045,0.6424360769993722
O=C(/N=C/c1ccc(C(F)(F)F)cc1)c1ccccc1*CCS*O=P1(O)Oc2c(-c3ccc(-c4ccc5ccccc5c4)cc3)cc3ccccc3c2-c2c(c(-c3ccc(-c4ccc5ccccc5c4)cc3)cc3ccccc23)O1*CCSC(NC(=O)c1ccccc1)c1ccc(C(F)(F)F)cc1,,0.44637361600000003,0.6539583198539536
O=C(/N=C/c1ccc(C(F)(F)F)cc1)c1ccccc1*Cc1ccccc1S*COc1ccc(-c2cc(-c3ccc(OC)cc3)cc(-c3cc4ccccc4c4c3OP(=O)(O)Oc3c(-c5cc(-c6ccc(OC)cc6)cc(-c6ccc(OC)cc6)c5)cc5ccccc5c3-4)c2)cc1*Cc1ccccc1SC(NC(=O)c1ccccc1)c1ccc(C(F)(F)F)cc1,,1.743657522,1.514396661444359
COc1ccc(/C=N/C(=O)c2ccccc2)cc1*COc1ccc(S)cc1*CC(C)(C)c1cc(-c2cc3ccccc3c3c2OP(=O)(O)Oc2c(-c4cc(C(C)(C)C)cc(C(C)(C)C)c4)cc4ccccc4c2-3)cc(C(C)(C)C)c1*COc1ccc(SC(NC(=O)c2ccccc2)c2ccc(OC)cc2)cc1,,1.17989059,1.4069174216613094
O=C(/N=C/c1ccc(Cl)cc1Cl)c1ccccc1*Sc1ccccc1*O=P1(O)Oc2c(-c3c4ccccc4cc4ccccc34)cc3ccccc3c2-c2c(c(-c3c4ccccc4cc4ccccc34)cc3ccccc23)O1*O=C(NC(Sc1ccccc1)c1ccc(Cl)cc1Cl)c1ccccc1,,1.3011671120000001,1.9216437343178812
O=C(/N=C/c1ccccc1)c1ccccc1*COc1ccc(S)cc1*CC(C)(C)c1cc(-c2cc3c(c4c2OP(=O)(O)Oc2c(-c5cc(C(C)(C)C)cc(C(C)(C)C)c5)cc5c(c2-4)CCCC5)CCCC3)cc(C(C)(C)C)c1*COc1ccc(SC(NC(=O)c2ccccc2)c2ccccc2)cc1,,1.17989059,1.2266440440853084
O=C(/N=C/c1ccccc1)c1ccccc1*Cc1ccccc1S*O=P1(O)Oc2c(Br)cc3c(c2-c2c4c(cc(Br)c2O1)CCCC4)CCCC3*Cc1ccccc1SC(NC(=O)c1ccccc1)c1ccccc1,,0.366586769,0.38778098070866485
O=C(/N=C/c1ccccc1)c1ccccc1*Cc1ccccc1S*COCc1cccc(-c2cc3c(c4c2OP(=O)(O)Oc2c(-c5cccc(COC)c5)cc5c(c2-4)CCCC5)CCCC3)c1*Cc1ccccc1SC(NC(=O)c1ccccc1)c1ccccc1,,1.3011671120000001,1.069670790263719
O=C(/N=C/c1ccc(Cl)cc1Cl)c1ccccc1*CCS*O=P1(O)Oc2c(-c3ccccc3OC(F)(F)F)cc3ccccc3c2-c2c(c(-c3ccccc3OC(F)(F)F)cc3ccccc23)O1*CCSC(NC(=O)c1ccccc1)c1ccc(Cl)cc1Cl,,0.473819986,0.661032673152287
O=C(/N=C/c1ccc(C(F)(F)F)cc1)c1ccccc1*COc1ccc(S)cc1*O=P1(O)Oc2c(-c3cc(C(F)(F)F)cc(C(F)(F)F)c3)cc3ccccc3c2-c2c(c(-c3cc(C(F)(F)F)cc(C(F)(F)F)c3)cc3ccccc23)O1*COc1ccc(SC(NC(=O)c2ccccc2)c2ccc(C(F)(F)F)cc2)cc1,,1.074990526,1.1718107645019087
O=C(/N=C/c1cccc2ccccc12)c1ccccc1*COc1ccc(S)cc1*COc1ccc(-c2cc3ccccc3c3c2OP(=O)(O)Oc2c(-c4ccc(OC)cc4)cc4ccccc4c2-3)cc1*COc1ccc(SC(NC(=O)c2ccccc2)c2cccc3ccccc23)cc1,,1.125722444,1.2641509136423863
O=C(/N=C/c1cccc2ccccc12)c1ccccc1*Sc1ccccc1*COc1ccc(-c2cc(-c3ccc(OC)cc3)cc(-c3cc4ccccc4c4c3OP(=O)(O)Oc3c(-c5cc(-c6ccc(OC)cc6)cc(-c6ccc(OC)cc6)c5)cc5ccccc5c3-4)c2)cc1*O=C(NC(Sc1ccccc1)c1cccc2ccccc12)c1ccccc1,,1.531802956,1.6399053443287555
O=C(/N=C/c1ccc(C(F)(F)F)cc1)c1ccccc1*Sc1ccccc1*O=P1(O)Oc2c(-c3ccc(S(F)(F)(F)(F)F)cc3)cc3ccccc3c2-c2c(c(-c3ccc(S(F)(F)(F)(F)F)cc3)cc3ccccc23)O1*O=C(NC(Sc1ccccc1)c1ccc(C(F)(F)F)cc1)c1ccccc1,,1.125722444,1.2783413098386565
O=C(/N=C/c1ccc(Cl)cc1Cl)c1ccccc1*Sc1ccccc1*Cc1cc(-c2cc3ccccc3c3c2OP(=O)(O)Oc2c(-c4cc(C)c(OC(C)C)c(C)c4)cc4ccccc4c2-3)cc(C)c1OC(C)C*O=C(NC(Sc1ccccc1)c1ccc(Cl)cc1Cl)c1ccccc1,,1.074990526,1.5143346012214731
COc1ccc(/C=N/C(=O)c2ccccc2)cc1*Sc1ccccc1*O=P1(O)Oc2c(-c3ccc(S(F)(F)(F)(F)F)cc3)cc3ccccc3c2-c2c(c(-c3ccc(S(F)(F)(F)(F)F)cc3)cc3ccccc23)O1*COc1ccc(C(NC(=O)c2ccccc2)Sc2ccccc2)cc1,,1.238109014,1.2069676910960734
O=C(/N=C/c1ccc(Cl)cc1Cl)c1ccccc1*COc1ccc(S)cc1*COc1cc(F)c(-c2cc3ccccc3c3c2OP(=O)(O)Oc2c(-c4c(F)cc(OC)cc4F)cc4ccccc4c2-3)c(F)c1*COc1ccc(SC(NC(=O)c2ccccc2)c2ccc(Cl)cc2Cl)cc1,,1.446325365,1.724193369220416
O=C(/N=C/c1ccc(Cl)cc1Cl)c1ccccc1*SC1CCCCC1*O=P1(O)Oc2c(-c3ccccc3OC(F)(F)F)cc3ccccc3c2-c2c(c(-c3ccccc3OC(F)(F)F)cc3ccccc23)O1*O=C(NC(SC1CCCCC1)c1ccc(Cl)cc1Cl)c1ccccc1,,0.559297578,0.741919752308863
O=C(/N=C/c1ccc(Cl)cc1Cl)c1ccccc1*COc1ccc(S)cc1*CC(C)c1cc(C(C)C)c(-c2cc3ccccc3c3c2OP(=O)(O)Oc2c(-c4c(C(C)C)cc(C(C)C)cc4C(C)C)cc4ccccc4c2-3)c(C(C)C)c1*COc1ccc(SC(NC(=O)c2ccccc2)c2ccc(Cl)cc2Cl)cc1,,3.134624572,2.4376032473325173
COc1ccc(/C=N/C(=O)c2ccccc2)cc1*Cc1ccccc1S*COc1ccc(Cc2cc3c(c4c2OP(=O)(O)Oc2c(Cc5ccc(OC)cc5)cc5c(c2-4)CCCC5)CCCC3)cc1*COc1ccc(C(NC(=O)c2ccccc2)Sc2ccccc2C)cc1,,0.191142101,0.21701040405849603
O=C(/N=C/c1ccc(C(F)(F)F)cc1)c1ccccc1*Cc1ccccc1S*Cc1ccc(-c2cc3ccccc3c3c2OP(=O)(O)Oc2c(-c4ccc(C)cc4)cc4ccccc4c2-3)cc1*Cc1ccccc1SC(NC(=O)c1ccccc1)c1ccc(C(F)(F)F)cc1,,1.3011671120000001,1.2343090695905818
O=C(/N=C/c1ccc(Cl)cc1Cl)c1ccccc1*CCS*O=P1(O)Oc2c(Cc3ccc(C(F)(F)F)cc3C(F)(F)F)cc3ccccc3c2-c2c(c(Cc3ccc(C(F)(F)F)cc3C(F)(F)F)cc3ccccc23)O1*CCSC(NC(=O)c1ccccc1)c1ccc(Cl)cc1Cl,,-0.264892334,-0.0045642415185738194
O=C(/N=C/c1ccc(C(F)(F)F)cc1)c1ccccc1*Sc1ccccc1*Cc1cc(-c2cc3ccccc3c3c2OP(=O)(O)Oc2c(-c4cc(C)c(OC(C)C)c(C)c4)cc4ccccc4c2-3)cc(C)c1OC(C)C*O=C(NC(Sc1ccccc1)c1ccc(C(F)(F)F)cc1)c1ccccc1,,1.370103771,1.5061076006722263
O=C(/N=C/c1cccc2ccccc12)c1ccccc1*COc1ccc(S)cc1*CCOc1ccc(C)cc1-c1cc2ccccc2c2c1OP(=O)(O)Oc1c(-c3cc(C)ccc3OCC)cc3ccccc3c1-2*COc1ccc(SC(NC(=O)c2ccccc2)c2cccc3ccccc23)cc1,,1.3011671120000001,1.575938324888262
O=C(/N=C/c1cccc2ccccc12)c1ccccc1*COc1ccc(S)cc1*COCc1cccc(-c2cc3ccccc3c3c2OP(=O)(O)Oc2c(-c4cccc(COC)c4)cc4ccccc4c2-3)c1*COc1ccc(SC(NC(=O)c2ccccc2)c2cccc3ccccc23)cc1,,1.531802956,1.245705238392131
O=C(/N=C/c1ccc(C(F)(F)F)cc1)c1ccccc1*SC1CCCCC1*O=P1(O)Oc2c(-c3ccccc3OC(F)(F)F)cc3ccccc3c2-c2c(c(-c3ccccc3OC(F)(F)F)cc3ccccc23)O1*O=C(NC(SC1CCCCC1)c1ccc(C(F)(F)F)cc1)c1ccccc1,,0.749510758,0.7891344756859104
O=C(/N=C/c1ccc(C(F)(F)F)cc1)c1ccccc1*Cc1ccccc1S*Cc1cc(C)c(-c2cc3ccccc3c3c2OP(=O)(O)Oc2c(-c4c(C)cc(C)cc4C)cc4ccccc4c2-3)c(C)c1*Cc1ccccc1SC(NC(=O)c1ccccc1)c1ccc(C(F)(F)F)cc1,,1.629422542,1.7320692515404268
O=C(/N=C/c1ccccc1)c1ccccc1*CCS*C[Si](c1ccccc1)(c1ccccc1)c1cc2ccccc2c2c1OP(=O)(O)Oc1c([Si](C)(c3ccccc3)c3ccccc3)cc3ccccc3c1-2*CCSC(NC(=O)c1ccccc1)c1ccccc1,,0.41937775299999996,0.37604530151907933
O=C(/N=C/c1cccc2ccccc12)c1ccccc1*SC1CCCCC1*CC(C)(C)c1cc(-c2cc3ccccc3c3c2OP(=O)(O)Oc2c(-c4cc(C(C)(C)C)cc(C(C)(C)C)c4)cc4ccccc4c2-3)cc(C(C)(C)C)c1*O=C(NC(SC1CCCCC1)c1cccc2ccccc12)c1ccccc1,,0.619408639,0.8240322742956422
O=C(/N=C/c1ccc(C(F)(F)F)cc1)c1ccccc1*SC1CCCCC1*O=P1(O)Oc2c(-c3cccc(-c4ccc5ccccc5c4)c3)cc3ccccc3c2-c2c(c(-c3cccc(-c4ccc5ccccc5c4)c3)cc3ccccc23)O1*O=C(NC(SC1CCCCC1)c1ccc(C(F)(F)F)cc1)c1ccccc1,,0.41937775299999996,0.709900129304883
O=C(/N=C/c1cccc2ccccc12)c1ccccc1*COc1ccc(S)cc1*CC(C)c1cc(-c2ccc(C(C)(C)C)cc2)cc(C(C)C)c1-c1cc2ccccc2c2c1OP(=O)(O)Oc1c(-c3c(C(C)C)cc(-c4ccc(C(C)(C)C)cc4)cc3C(C)C)cc3ccccc3c1-2*COc1ccc(SC(NC(=O)c2ccccc2)c2cccc3ccccc23)cc1,,3.134624572,2.291876436334647
O=C(/N=C/c1ccccc1)c1ccccc1*COc1ccc(S)cc1*O=P1(O)Oc2c(-c3ccccc3-c3ccc4ccccc4c3)cc3c(c2-c2c4c(cc(-c5ccccc5-c5ccc6ccccc6c5)c2O1)CCCC4)CCCC3*COc1ccc(SC(NC(=O)c2ccccc2)c2ccccc2)cc1,,1.446325365,1.5390971991647076
O=C(/N=C/c1ccccc1)c1ccccc1*SC1CCCCC1*O=P1(O)Oc2c(Br)cc3ccccc3c2-c2c(c(Br)cc3ccccc23)O1*O=C(NC(SC1CCCCC1)c1ccccc1)c1ccccc1,,0.39279399600000003,0.1395498382349416
O=C(/N=C/c1ccccc1)c1ccccc1*CCS*O=P1(O)Oc2c(Br)cc3ccccc3c2-c2c(c(Br)cc3ccccc23)O1*CCSC(NC(=O)c1ccccc1)c1ccccc1,,0.366586769,0.05025056414762219
O=C(/N=C/c1ccccc1)c1ccccc1*Cc1ccccc1S*COc1cccc(OC)c1-c1cc2ccccc2c2c1OP(=O)(O)Oc1c(-c3c(OC)cccc3OC)cc3ccccc3c1-2*Cc1ccccc1SC(NC(=O)c1ccccc1)c1ccccc1,,1.8091592140000001,1.8136613742804713
O=C(/N=C/c1ccc(Cl)cc1Cl)c1ccccc1*Sc1ccccc1*CC(C)(C)c1ccc(-c2cc3ccccc3c3c2OP(=O)(O)Oc2c(-c4ccc(C(C)(C)C)cc4)cc4ccccc4c2-3)cc1*O=C(NC(Sc1ccccc1)c1ccc(Cl)cc1Cl)c1ccccc1,,1.370103771,1.3378763341198394
O=C(/N=C/c1ccccc1)c1ccccc1*Cc1ccccc1S*O=P1(O)Oc2c(-c3c(C4CCCCC4)cc(C4CCCCC4)cc3C3CCCCC3)cc3ccccc3c2-c2c(c(-c3c(C4CCCCC4)cc(C4CCCCC4)cc3C3CCCCC3)cc3ccccc23)O1*Cc1ccccc1SC(NC(=O)c1ccccc1)c1ccccc1,,2.304684113,2.5079895546930424
O=C(/N=C/c1cccc2ccccc12)c1ccccc1*Cc1ccccc1S*O=P1(O)Oc2c(-c3ccc(-c4cc(C(F)(F)F)cc(C(F)(F)F)c4)cc3)cc3ccccc3c2-c2c(c(-c3ccc(-c4cc(C(F)(F)F)cc(C(F)(F)F)c4)cc3)cc3ccccc23)O1*Cc1ccccc1SC(NC(=O)c1ccccc1)c1cccc2ccccc12,,1.238109014,1.3944987006787648
O=C(/N=C/c1ccccc1)c1ccccc1*Cc1ccccc1S*O=P1(O)Oc2c(-c3ccc4ccc5cccc6ccc3c4c56)cc3ccccc3c2-c2c(c(-c3ccc4ccc5cccc6ccc3c4c56)cc3ccccc23)O1*Cc1ccccc1SC(NC(=O)c1ccccc1)c1ccccc1,,1.531802956,1.8255986353920708
O=C(/N=C/c1ccc(C(F)(F)F)cc1)c1ccccc1*Cc1ccccc1S*O=P1(O)Oc2c(-c3ccccc3-c3ccc4ccccc4c3)cc3c(c2-c2c4c(cc(-c5ccccc5-c5ccc6ccccc6c5)c2O1)CCCC4)CCCC3*Cc1ccccc1SC(NC(=O)c1ccccc1)c1ccc(C(F)(F)F)cc1,,1.238109014,1.6051395564620816
COc1ccc(/C=N/C(=O)c2ccccc2)cc1*CCS*O=P1(O)Oc2c(-c3ccccc3)cc3ccccc3c2-c2c(c(-c3ccccc3)cc3ccccc23)O1*CCSC(NC(=O)c1ccccc1)c1ccc(OC)cc1,,0.473819986,0.471936615516052
O=C(/N=C/c1ccccc1)c1ccccc1*CCS*CC(C)(C)c1ccc([Si](c2ccc(C(C)(C)C)cc2)(c2ccc(C(C)(C)C)cc2)c2cc3c(c4c2OP(=O)(O)Oc2c([Si](c5ccc(C(C)(C)C)cc5)(c5ccc(C(C)(C)C)cc5)c5ccc(C(C)(C)C)cc5)cc5c(c2-4)CCCC5)CCCC3)cc1*CCSC(NC(=O)c1ccccc1)c1ccccc1,,0.0,-0.1270105786370047
O=C(/N=C/c1cccc2ccccc12)c1ccccc1*SC1CCCCC1*CCc1cc2c(c3c1OP(=O)(O)Oc1c(CC)cc4c(c1-3)CCCC4)CCCC2*O=C(NC(SC1CCCCC1)c1cccc2ccccc12)c1ccccc1,,0.142812956,0.07850275986804622
O=C(/N=C/c1ccc(C(F)(F)F)cc1)c1ccccc1*SC1CCCCC1*CCOc1ccc(C)cc1-c1cc2ccccc2c2c1OP(=O)(O)Oc1c(-c3cc(C)ccc3OCC)cc3ccccc3c1-2*O=C(NC(SC1CCCCC1)c1ccc(C(F)(F)F)cc1)c1ccccc1,,1.446325365,0.9058012222016121
O=C(/N=C/c1ccc(C(F)(F)F)cc1)c1ccccc1*CCS*COc1ccc(-c2cc(-c3ccc(OC)cc3)cc(-c3cc4ccccc4c4c3OP(=O)(O)Oc3c(-c5cc(-c6ccc(OC)cc6)cc(-c6ccc(OC)cc6)c5)cc5ccccc5c3-4)c2)cc1*CCSC(NC(=O)c1ccccc1)c1ccc(C(F)(F)F)cc1,,0.820945045,0.7778400461984074
O=C(/N=C/c1ccc(C(F)(F)F)cc1)c1ccccc1*SC1CCCCC1*O=P1(O)Oc2c(-c3cc(-c4cc(C(F)(F)F)cc(C(F)(F)F)c4)cc(-c4cc(C(F)(F)F)cc(C(F)(F)F)c4)c3)cc3ccccc3c2-c2c(c(-c3cc(-c4cc(C(F)(F)F)cc(C(F)(F)F)c4)cc(-c4cc(C(F)(F)F)cc(C(F)(F)F)c4)c3)cc3ccccc23)O1*O=C(NC(SC1CCCCC1)c1ccc(C(F)(F)F)cc1)c1ccccc1,,0.820945045,0.7673412280096172
COc1ccc(/C=N/C(=O)c2ccccc2)cc1*SC1CCCCC1*O=P1(O)Oc2c(Cc3cc(C(F)(F)F)cc(C(F)(F)F)c3)cc3c(c2-c2c4c(cc(Cc5cc(C(F)(F)F)cc(C(F)(F)F)c5)c2O1)CCCC4)CCCC3*COc1ccc(C(NC(=O)c2ccccc2)SC2CCCCC2)cc1,,-0.21553544600000002,0.15369782408329857
O=C(/N=C/c1ccccc1)c1ccccc1*Cc1ccccc1S*O=P1(O)Oc2c(Br)cc3ccccc3c2-c2c(c(Br)cc3ccccc23)O1*Cc1ccccc1SC(NC(=O)c1ccccc1)c1ccccc1,,0.340722979,0.44397067067698237
COc1ccc(/C=N/C(=O)c2ccccc2)cc1*Sc1ccccc1*CC(C)c1cc(C(C)C)c(-c2cc3ccccc3c3c2OP(=O)(O)Oc2c(-c4c(C(C)C)cc(C(C)C)cc4C(C)C)cc4ccccc4c2-3)c(C(C)C)c1*COc1ccc(C(NC(=O)c2ccccc2)Sc2ccccc2)cc1,,3.134624572,2.440857843226591
O=C(/N=C/c1ccc(C(F)(F)F)cc1)c1ccccc1*Cc1ccccc1S*COCc1cccc(-c2cc3ccccc3c3c2OP(=O)(O)Oc2c(-c4cccc(COC)c4)cc4ccccc4c2-3)c1*Cc1ccccc1SC(NC(=O)c1ccccc1)c1ccc(C(F)(F)F)cc1,,1.370103771,1.2452017956977373
O=C(/N=C/c1ccccc1)c1ccccc1*COc1ccc(S)cc1*O=P1(O)Oc2c(-c3c(Cl)cc(Cl)cc3Cl)cc3c(c2-c2c4c(cc(-c5c(Cl)cc(Cl)cc5Cl)c2O1)CCCC4)CCCC3*COc1ccc(SC(NC(=O)c2ccccc2)c2ccccc2)cc1,,1.9641529359999998,1.6795164575433488
O=C(/N=C/c1ccc(C(F)(F)F)cc1)c1ccccc1*SC1CCCCC1*CC(C)(C)c1ccc(-c2cc3ccccc3c3c2OP(=O)(O)Oc2c(-c4ccc(C(C)(C)C)cc4)cc4ccccc4c2-3)cc1*O=C(NC(SC1CCCCC1)c1ccc(C(F)(F)F)cc1)c1ccccc1,,0.5302345,0.6964947038862256
O=C(/N=C/c1cccc2ccccc12)c1ccccc1*Sc1ccccc1*CC(C)(C)c1cc(-c2cc3ccccc3c3c2OP(=O)(O)Oc2c(-c4cc(C(C)(C)C)cc(C(C)(C)C)c4)cc4ccccc4c2-3)cc(C(C)(C)C)c1*O=C(NC(Sc1ccccc1)c1cccc2ccccc12)c1ccccc1,,1.531802956,1.5805485345507004
O=C(/N=C/c1ccccc1)c1ccccc1*CCS*Cc1cc(-c2cc3ccccc3c3c2OP(=O)(O)Oc2c(-c4cc(C)c(OC(C)C)c(C)c4)cc4ccccc4c2-3)cc(C)c1OC(C)C*CCSC(NC(=O)c1ccccc1)c1ccccc1,,0.6826014440000001,0.7114102487503955
O=C(/N=C/c1ccccc1)c1ccccc1*SC1CCCCC1*O=P1(O)Oc2c(-c3ccccc3)cc3ccccc3c2-c2c(c(-c3ccccc3)cc3ccccc23)O1*O=C(NC(SC1CCCCC1)c1ccccc1)c1ccccc1,,0.6505835560000001,0.5373803344409567
O=C(/N=C/c1ccc(C(F)(F)F)cc1)c1ccccc1*SC1CCCCC1*O=P1(O)Oc2c(-c3cc(C(F)(F)F)cc(C(F)(F)F)c3)cc3ccccc3c2-c2c(c(-c3cc(C(F)(F)F)cc(C(F)(F)F)c3)cc3ccccc23)O1*O=C(NC(SC1CCCCC1)c1ccc(C(F)(F)F)cc1)c1ccccc1,,0.6826014440000001,0.5940655957734424
O=C(/N=C/c1ccc(C(F)(F)F)cc1)c1ccccc1*COc1ccc(S)cc1*O=P1(O)Oc2c(-c3ccc(-c4cc(C(F)(F)F)cc(C(F)(F)F)c4)cc3)cc3ccccc3c2-c2c(c(-c3ccc(-c4cc(C(F)(F)F)cc(C(F)(F)F)c4)cc3)cc3ccccc23)O1*COc1ccc(SC(NC(=O)c2ccccc2)c2ccc(C(F)(F)F)cc2)cc1,,0.715545793,1.3128728924387678
O=C(/N=C/c1ccc(Cl)cc1Cl)c1ccccc1*COc1ccc(S)cc1*O=P1(O)Oc2c([Si](c3ccccc3)(c3ccccc3)c3ccccc3)cc3c(c2-c2c4c(cc([Si](c5ccccc5)(c5ccccc5)c5ccccc5)c2O1)CCCC4)CCCC3*COc1ccc(SC(NC(=O)c2ccccc2)c2ccc(Cl)cc2Cl)cc1,,0.11883451099999999,0.20700429320769564
O=C(/N=C/c1ccc(Cl)cc1Cl)c1ccccc1*CCS*O=P1(O)Oc2c(-c3cc(-c4cc(C(F)(F)F)cc(C(F)(F)F)c4)cc(-c4cc(C(F)(F)F)cc(C(F)(F)F)c4)c3)cc3ccccc3c2-c2c(c(-c3cc(-c4cc(C(F)(F)F)cc(C(F)(F)F)c4)cc(-c4cc(C(F)(F)F)cc(C(F)(F)F)c4)c3)cc3ccccc23)O1*CCSC(NC(=O)c1ccccc1)c1ccc(Cl)cc1Cl,,0.619408639,0.6442698503701054
O=C(/N=C/c1ccc(C(F)(F)F)cc1)c1ccccc1*CCS*COc1ccc(-c2cc3ccccc3c3c2OP(=O)(O)Oc2c(-c4ccc(OC)cc4)cc4ccccc4c2-3)cc1*CCSC(NC(=O)c1ccccc1)c1ccc(C(F)(F)F)cc1,,0.39279399600000003,0.6266907990941388
O=C(/N=C/c1cccc2ccccc12)c1ccccc1*Sc1ccccc1*O=P1(O)Oc2c(-c3ccccc3-c3ccc4ccccc4c3)cc3c(c2-c2c4c(cc(-c5ccccc5-c5ccc6ccccc6c5)c2O1)CCCC4)CCCC3*O=C(NC(Sc1ccccc1)c1cccc2ccccc12)c1ccccc1,,2.058499317,1.7321521755301752
O=C(/N=C/c1ccccc1)c1ccccc1*COc1ccc(S)cc1*CCc1cc2c(c3c1OP(=O)(O)Oc1c(CC)cc4c(c1-3)CCCC4)CCCC2*COc1ccc(SC(NC(=O)c2ccccc2)c2ccccc2)cc1,,0.11883451099999999,0.336108637673187
O=C(/N=C/c1ccc(Cl)cc1Cl)c1ccccc1*CCS*O=P1(O)Oc2c(-c3ccc(-c4ccc5ccccc5c4)cc3)cc3ccccc3c2-c2c(c(-c3ccc(-c4ccc5ccccc5c4)cc3)cc3ccccc23)O1*CCSC(NC(=O)c1ccccc1)c1ccc(Cl)cc1Cl,,0.501758501,0.5765283478994441
COc1ccc(/C=N/C(=O)c2ccccc2)cc1*COc1ccc(S)cc1*O=P1(O)Oc2c(-c3ccc(-c4cc(C(F)(F)F)cc(C(F)(F)F)c4)cc3)cc3ccccc3c2-c2c(c(-c3ccc(-c4cc(C(F)(F)F)cc(C(F)(F)F)c4)cc3)cc3ccccc23)O1*COc1ccc(SC(NC(=O)c2ccccc2)c2ccc(OC)cc2)cc1,,1.125722444,1.2620808865625257
O=C(/N=C/c1ccc(Cl)cc1Cl)c1ccccc1*COc1ccc(S)cc1*O=P1(O)Oc2c(-c3cccc(-c4ccc5ccccc5c4)c3)cc3ccccc3c2-c2c(c(-c3cccc(-c4ccc5ccccc5c4)c3)cc3ccccc23)O1*COc1ccc(SC(NC(=O)c2ccccc2)c2ccc(Cl)cc2Cl)cc1,,1.074990526,1.3430632562324811
O=C(/N=C/c1ccc(C(F)(F)F)cc1)c1ccccc1*SC1CCCCC1*CCc1cc2c(c3c1OP(=O)(O)Oc1c(CC)cc4c(c1-3)CCCC4)CCCC2*O=C(NC(SC1CCCCC1)c1ccc(C(F)(F)F)cc1)c1ccccc1,,0.023690626,0.11052940068451633
O=C(/N=C/c1ccc(Cl)cc1Cl)c1ccccc1*COc1ccc(S)cc1*O=P1(O)Oc2c(-c3ccc(C4CCCCC4)cc3)cc3c(c2-c2c4c(cc(-c5ccc(C6CCCCC6)cc5)c2O1)CCCC4)CCCC3*COc1ccc(SC(NC(=O)c2ccccc2)c2ccc(Cl)cc2Cl)cc1,,1.074990526,1.5121663627008721
COc1ccc(/C=N/C(=O)c2ccccc2)cc1*SC1CCCCC1*Cc1ccc(-c2cc3ccccc3c3c2OP(=O)(O)Oc2c(-c4ccc(C)cc4)cc4ccccc4c2-3)cc1*COc1ccc(C(NC(=O)c2ccccc2)SC2CCCCC2)cc1,,1.074990526,0.6323737857145292
O=C(/N=C/c1ccc(C(F)(F)F)cc1)c1ccccc1*CCS*O=P1(O)Oc2c(-c3ccccc3)cc3ccccc3c2-c2c(c(-c3ccccc3)cc3ccccc23)O1*CCSC(NC(=O)c1ccccc1)c1ccc(C(F)(F)F)cc1,,0.501758501,0.5322731877859731
O=C(/N=C/c1ccc(C(F)(F)F)cc1)c1ccccc1*COc1ccc(S)cc1*O=P1(O)Oc2c(-c3ccccc3-c3ccc4ccccc4c3)cc3c(c2-c2c4c(cc(-c5ccccc5-c5ccc6ccccc6c5)c2O1)CCCC4)CCCC3*COc1ccc(SC(NC(=O)c2ccccc2)c2ccc(C(F)(F)F)cc2)cc1,,1.743657522,1.5716096622761029
O=C(/N=C/c1cccc2ccccc12)c1ccccc1*COc1ccc(S)cc1*CC(C)(C)c1cc(-c2cc3c(c4c2OP(=O)(O)Oc2c(-c5cc(C(C)(C)C)cc(C(C)(C)C)c5)cc5c(c2-4)CCCC5)CCCC3)cc(C(C)(C)C)c1*COc1ccc(SC(NC(=O)c2ccccc2)c2cccc3ccccc23)cc1,,1.446325365,1.3018535991349998
COc1ccc(/C=N/C(=O)c2ccccc2)cc1*Sc1ccccc1*CCc1cc2c(c3c1OP(=O)(O)Oc1c(CC)cc4c(c1-3)CCCC4)CCCC2*COc1ccc(C(NC(=O)c2ccccc2)Sc2ccccc2)cc1,,0.240111033,0.3602735076628697
O=C(/N=C/c1ccc(C(F)(F)F)cc1)c1ccccc1*Cc1ccccc1S*O=P1(O)Oc2c(-c3ccc(C4CCCCC4)cc3)cc3c(c2-c2c4c(cc(-c5ccc(C6CCCCC6)cc5)c2O1)CCCC4)CCCC3*Cc1ccccc1SC(NC(=O)c1ccccc1)c1ccc(C(F)(F)F)cc1,,1.370103771,1.5454180859733904
O=C(/N=C/c1cccc2ccccc12)c1ccccc1*COc1ccc(S)cc1*O=P1(O)Oc2c(-c3ccc4ccc5cccc6ccc3c4c56)cc3ccccc3c2-c2c(c(-c3ccc4ccc5cccc6ccc3c4c56)cc3ccccc23)O1*COc1ccc(SC(NC(=O)c2ccccc2)c2cccc3ccccc23)cc1,,2.304684113,1.8808013553854241
O=C(/N=C/c1ccccc1)c1ccccc1*CCS*O=P1(O)Oc2c(-c3cc(C(F)(F)F)cc(C(F)(F)F)c3)cc3c(c2-c2c4c(cc(-c5cc(C(F)(F)F)cc(C(F)(F)F)c5)c2O1)CCCC4)CCCC3*CCSC(NC(=O)c1ccccc1)c1ccccc1,,0.6505835560000001,0.5142393822606456
O=C(/N=C/c1cccc2ccccc12)c1ccccc1*COc1ccc(S)cc1*O=P1(O)Oc2c([Si](c3ccccc3)(c3ccccc3)c3ccccc3)cc3c(c2-c2c4c(cc([Si](c5ccccc5)(c5ccccc5)c5ccccc5)c2O1)CCCC4)CCCC3*COc1ccc(SC(NC(=O)c2ccccc2)c2cccc3ccccc23)cc1,,0.11883451099999999,0.21031230034493786
O=C(/N=C/c1ccccc1)c1ccccc1*Cc1ccccc1S*O=P1(O)Oc2c(-c3cc(C(F)(F)F)cc(C(F)(F)F)c3)cc3c(c2-c2c4c(cc(-c5cc(C(F)(F)F)cc(C(F)(F)F)c5)c2O1)CCCC4)CCCC3*Cc1ccccc1SC(NC(=O)c1ccccc1)c1ccccc1,,1.531802956,1.1408980970994134
O=C(/N=C/c1ccc(C(F)(F)F)cc1)c1ccccc1*Cc1ccccc1S*COc1cccc(OC)c1-c1cc2ccccc2c2c1OP(=O)(O)Oc1c(-c3c(OC)cccc3OC)cc3ccccc3c1-2*Cc1ccccc1SC(NC(=O)c1ccccc1)c1ccc(C(F)(F)F)cc1,,1.743657522,1.8420128056629181
O=C(/N=C/c1ccc(Cl)cc1Cl)c1ccccc1*CCS*O=P1(O)Oc2c(-c3ccc(C4CCCCC4)cc3)cc3c(c2-c2c4c(cc(-c5ccc(C6CCCCC6)cc5)c2O1)CCCC4)CCCC3*CCSC(NC(=O)c1ccccc1)c1ccc(Cl)cc1Cl,,0.619408639,0.7753033156208919
O=C(/N=C/c1ccccc1)c1ccccc1*SC1CCCCC1*COc1ccc(Cc2cc3c(c4c2OP(=O)(O)Oc2c(Cc5ccc(OC)cc5)cc5c(c2-4)CCCC5)CCCC3)cc1*O=C(NC(SC1CCCCC1)c1ccccc1)c1ccccc1,,-0.142812956,-0.031712478433117086
O=C(/N=C/c1cccc2ccccc12)c1ccccc1*COc1ccc(S)cc1*O=P1(O)Oc2c(-c3ccc(S(F)(F)(F)(F)F)cc3)cc3ccccc3c2-c2c(c(-c3ccc(S(F)(F)(F)(F)F)cc3)cc3ccccc23)O1*COc1ccc(SC(NC(=O)c2ccccc2)c2cccc3ccccc23)cc1,,1.125722444,1.2433604355026904
O=C(/N=C/c1cccc2ccccc12)c1ccccc1*SC1CCCCC1*C[Si](c1ccccc1)(c1ccccc1)c1cc2ccccc2c2c1OP(=O)(O)Oc1c([Si](C)(c3ccccc3)c3ccccc3)cc3ccccc3c1-2*O=C(NC(SC1CCCCC1)c1cccc2ccccc12)c1ccccc1,,0.240111033,0.4455120099045456
O=C(/N=C/c1ccccc1)c1ccccc1*COc1ccc(S)cc1*O=P1(O)Oc2c(-c3ccccc3OC(F)(F)F)cc3ccccc3c2-c2c(c(-c3ccccc3OC(F)(F)F)cc3ccccc23)O1*COc1ccc(SC(NC(=O)c2ccccc2)c2ccccc2)cc1,,1.446325365,1.365689290646624
O=C(/N=C/c1ccc(Cl)cc1Cl)c1ccccc1*SC1CCCCC1*O=P1(O)Oc2c(-c3cccc(-c4ccc5ccccc5c4)c3)cc3ccccc3c2-c2c(c(-c3cccc(-c4ccc5ccccc5c4)c3)cc3ccccc23)O1*O=C(NC(SC1CCCCC1)c1ccc(Cl)cc1Cl)c1ccccc1,,0.589002233,0.6649469813545553
O=C(/N=C/c1ccc(Cl)cc1Cl)c1ccccc1*Cc1ccccc1S*C[Si](c1ccccc1)(c1ccccc1)c1cc2ccccc2c2c1OP(=O)(O)Oc1c([Si](C)(c3ccccc3)c3ccccc3)cc3ccccc3c1-2*Cc1ccccc1SC(NC(=O)c1ccccc1)c1ccc(Cl)cc1Cl,,0.938987334,0.8118317693474195
O=C(/N=C/c1ccccc1)c1ccccc1*CCS*O=P1(O)Oc2c(-c3cc(-c4cc(C(F)(F)F)cc(C(F)(F)F)c4)cc(-c4cc(C(F)(F)F)cc(C(F)(F)F)c4)c3)cc3ccccc3c2-c2c(c(-c3cc(-c4cc(C(F)(F)F)cc(C(F)(F)F)c4)cc(-c4cc(C(F)(F)F)cc(C(F)(F)F)c4)c3)cc3ccccc23)O1*CCSC(NC(=O)c1ccccc1)c1ccccc1,,0.501758501,0.6509414001985658
O=C(/N=C/c1cccc2ccccc12)c1ccccc1*SC1CCCCC1*O=P1(O)Oc2c(-c3c4ccccc4c(-c4ccc5ccccc5c4)c4ccccc34)cc3ccccc3c2-c2c(c(-c3c4ccccc4c(-c4ccc5ccccc5c4)c4ccccc34)cc3ccccc23)O1*O=C(NC(SC1CCCCC1)c1cccc2ccccc12)c1ccccc1,,1.17989059,1.2950848241529598
O=C(/N=C/c1ccccc1)c1ccccc1*Cc1ccccc1S*COc1ccc(-c2cc3ccccc3c3c2OP(=O)(O)Oc2c(-c4ccc(OC)cc4)cc4ccccc4c2-3)cc1*Cc1ccccc1SC(NC(=O)c1ccccc1)c1ccccc1,,1.027207628,1.221182061657175
COc1ccc(/C=N/C(=O)c2ccccc2)cc1*Cc1ccccc1S*O=P1(O)Oc2c(-c3ccc4ccc5cccc6ccc3c4c56)cc3ccccc3c2-c2c(c(-c3ccc4ccc5cccc6ccc3c4c56)cc3ccccc23)O1*COc1ccc(C(NC(=O)c2ccccc2)Sc2ccccc2C)cc1,,1.370103771,1.773808013765543
O=C(/N=C/c1ccccc1)c1ccccc1*CCS*CC(C)(C)c1cc(-c2cc3ccccc3c3c2OP(=O)(O)Oc2c(-c4cc(C(C)(C)C)cc(C(C)(C)C)c4)cc4ccccc4c2-3)cc(C(C)(C)C)c1*CCSC(NC(=O)c1ccccc1)c1ccccc1,,0.501758501,0.7325610251767473
O=C(/N=C/c1ccc(Cl)cc1Cl)c1ccccc1*Sc1ccccc1*O=P1(O)Oc2c(Cc3ccc(C(F)(F)F)cc3C(F)(F)F)cc3ccccc3c2-c2c(c(Cc3ccc(C(F)(F)F)cc3C(F)(F)F)cc3ccccc23)O1*O=C(NC(Sc1ccccc1)c1ccc(Cl)cc1Cl)c1ccccc1,,0.315171704,0.47618944781919587
O=C(/N=C/c1ccc(Cl)cc1Cl)c1ccccc1*CCS*COc1ccc(-c2cc3ccccc3c3c2OP(=O)(O)Oc2c(-c4ccc(OC)cc4)cc4ccccc4c2-3)cc1*CCSC(NC(=O)c1ccccc1)c1ccc(Cl)cc1Cl,,0.340722979,0.5456722402722071
O=C(/N=C/c1ccc(C(F)(F)F)cc1)c1ccccc1*Sc1ccccc1*CC(C)(C)c1cc(-c2cc3c(c4c2OP(=O)(O)Oc2c(-c5cc(C(C)(C)C)cc(C(C)(C)C)c5)cc5c(c2-4)CCCC5)CCCC3)cc(C(C)(C)C)c1*O=C(NC(Sc1ccccc1)c1ccc(C(F)(F)F)cc1)c1ccccc1,,1.3011671120000001,1.329119583562891
O=C(/N=C/c1ccc(Cl)cc1Cl)c1ccccc1*Sc1ccccc1*O=P1(O)Oc2c(Br)cc3c(c2-c2c4c(cc(Br)c2O1)CCCC4)CCCC3*O=C(NC(Sc1ccccc1)c1ccc(Cl)cc1Cl)c1ccccc1,,0.315171704,0.41358779121630995
O=C(/N=C/c1ccc(Cl)cc1Cl)c1ccccc1*Cc1ccccc1S*O=P1(O)Oc2c(Br)cc3c(c2-c2c4c(cc(Br)c2O1)CCCC4)CCCC3*Cc1ccccc1SC(NC(=O)c1ccccc1)c1ccc(Cl)cc1Cl,,0.240111033,0.39729622402637144
O=C(/N=C/c1ccc(C(F)(F)F)cc1)c1ccccc1*COc1ccc(S)cc1*CC(C)c1cc(-c2ccc(C(C)(C)C)cc2)cc(C(C)C)c1-c1cc2ccccc2c2c1OP(=O)(O)Oc1c(-c3c(C(C)C)cc(-c4ccc(C(C)(C)C)cc4)cc3C(C)C)cc3ccccc3c1-2*COc1ccc(SC(NC(=O)c2ccccc2)c2ccc(C(F)(F)F)cc2)cc1,,2.721168735,2.2237458435790596
O=C(/N=C/c1cccc2ccccc12)c1ccccc1*COc1ccc(S)cc1*O=P1(O)Oc2c(-c3ccc(C4CCCCC4)cc3)cc3c(c2-c2c4c(cc(-c5ccc(C6CCCCC6)cc5)c2O1)CCCC4)CCCC3*COc1ccc(SC(NC(=O)c2ccccc2)c2cccc3ccccc23)cc1,,1.370103771,1.5551401081877658
COc1ccc(/C=N/C(=O)c2ccccc2)cc1*COc1ccc(S)cc1*O=P1(O)Oc2c(-c3ccc(C4CCCCC4)cc3)cc3c(c2-c2c4c(cc(-c5ccc(C6CCCCC6)cc5)c2O1)CCCC4)CCCC3*COc1ccc(SC(NC(=O)c2ccccc2)c2ccc(OC)cc2)cc1,,1.3011671120000001,1.465184118587856
COc1ccc(/C=N/C(=O)c2ccccc2)cc1*Sc1ccccc1*COc1cccc(OC)c1-c1cc2ccccc2c2c1OP(=O)(O)Oc1c(-c3c(OC)cccc3OC)cc3ccccc3c1-2*COc1ccc(C(NC(=O)c2ccccc2)Sc2ccccc2)cc1,,1.531802956,1.8246949687480707
O=C(/N=C/c1ccccc1)c1ccccc1*SC1CCCCC1*O=P1(O)Oc2c(-c3ccc4ccc5cccc6ccc3c4c56)cc3ccccc3c2-c2c(c(-c3ccc4ccc5cccc6ccc3c4c56)cc3ccccc23)O1*O=C(NC(SC1CCCCC1)c1ccccc1)c1ccccc1,,1.074990526,1.075787819103094
O=C(/N=C/c1ccc(C(F)(F)F)cc1)c1ccccc1*COc1ccc(S)cc1*COc1ccc(Cc2cc3c(c4c2OP(=O)(O)Oc2c(Cc5ccc(OC)cc5)cc5c(c2-4)CCCC5)CCCC3)cc1*COc1ccc(SC(NC(=O)c2ccccc2)c2ccc(C(F)(F)F)cc2)cc1,,0.264892334,0.24697213890151715
O=C(/N=C/c1ccc(Cl)cc1Cl)c1ccccc1*COc1ccc(S)cc1*O=P1(O)Oc2c(-c3ccc4ccc5cccc6ccc3c4c56)cc3ccccc3c2-c2c(c(-c3ccc4ccc5cccc6ccc3c4c56)cc3ccccc23)O1*COc1ccc(SC(NC(=O)c2ccccc2)c2ccc(Cl)cc2Cl)cc1,,1.446325365,1.8302381301963604
O=C(/N=C/c1ccccc1)c1ccccc1*CCS*Cc1cc(C)c(-c2cc(-c3cc4c(c5c3OP(=O)(O)Oc3c(-c6cc(-c7c(C)cc(C)cc7C)cc(-c7c(C)cc(C)cc7C)c6)cc6c(c3-5)CCCC6)CCCC4)cc(-c3c(C)cc(C)cc3C)c2)c(C)c1*CCSC(NC(=O)c1ccccc1)c1ccccc1,,0.589002233,0.9117885258287538
O=C(/N=C/c1ccc(Cl)cc1Cl)c1ccccc1*SC1CCCCC1*CC(C)(C)c1ccc([Si](c2ccc(C(C)(C)C)cc2)(c2ccc(C(C)(C)C)cc2)c2cc3c(c4c2OP(=O)(O)Oc2c([Si](c5ccc(C(C)(C)C)cc5)(c5ccc(C(C)(C)C)cc5)c5ccc(C(C)(C)C)cc5)cc5c(c2-4)CCCC5)CCCC3)cc1*O=C(NC(SC1CCCCC1)c1ccc(Cl)cc1Cl)c1ccccc1,,0.023690626,-0.08737844991906252
O=C(/N=C/c1ccc(Cl)cc1Cl)c1ccccc1*COc1ccc(S)cc1*CC(C)(C)c1ccc(-c2cc3ccccc3c3c2OP(=O)(O)Oc2c(-c4ccc(C(C)(C)C)cc4)cc4ccccc4c2-3)cc1*COc1ccc(SC(NC(=O)c2ccccc2)c2ccc(Cl)cc2Cl)cc1,,1.238109014,1.2716064479612987
COc1ccc(/C=N/C(=O)c2ccccc2)cc1*CCS*O=P1(O)Oc2c(-c3cccc(-c4ccc5ccccc5c4)c3)cc3ccccc3c2-c2c(c(-c3cccc(-c4ccc5ccccc5c4)c3)cc3ccccc23)O1*CCSC(NC(=O)c1ccccc1)c1ccc(OC)cc1,,0.39279399600000003,0.5951021077111747
O=C(/N=C/c1ccc(C(F)(F)F)cc1)c1ccccc1*Cc1ccccc1S*O=P1(O)Oc2c(-c3c4ccccc4c(-c4ccc5ccccc5c4)c4ccccc34)cc3ccccc3c2-c2c(c(-c3c4ccccc4c(-c4ccc5ccccc5c4)c4ccccc34)cc3ccccc23)O1*Cc1ccccc1SC(NC(=O)c1ccccc1)c1ccc(C(F)(F)F)cc1,,2.721168735,2.0306486465362865
O=C(/N=C/c1ccc(C(F)(F)F)cc1)c1ccccc1*COc1ccc(S)cc1*O=P1(O)Oc2c(-c3ccccc3)cc3ccccc3c2-c2c(c(-c3ccccc3)cc3ccccc23)O1*COc1ccc(SC(NC(=O)c2ccccc2)c2ccc(C(F)(F)F)cc2)cc1,,1.125722444,1.1240647927193579
O=C(/N=C/c1cccc2ccccc12)c1ccccc1*Cc1ccccc1S*O=P1(O)Oc2c(Cc3ccc(C(F)(F)F)cc3C(F)(F)F)cc3ccccc3c2-c2c(c(Cc3ccc(C(F)(F)F)cc3C(F)(F)F)cc3ccccc23)O1*Cc1ccccc1SC(NC(=O)c1ccccc1)c1cccc2ccccc12,,0.11883451099999999,0.4831073038989992
O=C(/N=C/c1ccc(Cl)cc1Cl)c1ccccc1*SC1CCCCC1*Cc1cc(-c2cc3ccccc3c3c2OP(=O)(O)Oc2c(-c4cc(C)c(OC(C)C)c(C)c4)cc4ccccc4c2-3)cc(C)c1OC(C)C*O=C(NC(SC1CCCCC1)c1ccc(Cl)cc1Cl)c1ccccc1,,0.5302345,0.7778843532523992
O=C(/N=C/c1ccc(C(F)(F)F)cc1)c1ccccc1*SC1CCCCC1*O=P1(O)Oc2c(Br)cc3ccccc3c2-c2c(c(Br)cc3ccccc23)O1*O=C(NC(SC1CCCCC1)c1ccc(C(F)(F)F)cc1)c1ccccc1,,0.11883451099999999,0.15828398351266304
COc1ccc(/C=N/C(=O)c2ccccc2)cc1*Cc1ccccc1S*COc1cc(F)c(-c2cc3ccccc3c3c2OP(=O)(O)Oc2c(-c4c(F)cc(OC)cc4F)cc4ccccc4c2-3)c(F)c1*COc1ccc(C(NC(=O)c2ccccc2)Sc2ccccc2C)cc1,,1.629422542,1.6674877751987696
O=C(/N=C/c1ccc(C(F)(F)F)cc1)c1ccccc1*CCS*CC(C)(C)c1ccc([Si](c2ccc(C(C)(C)C)cc2)(c2ccc(C(C)(C)C)cc2)c2cc3c(c4c2OP(=O)(O)Oc2c([Si](c5ccc(C(C)(C)C)cc5)(c5ccc(C(C)(C)C)cc5)c5ccc(C(C)(C)C)cc5)cc5c(c2-4)CCCC5)CCCC3)cc1*CCSC(NC(=O)c1ccccc1)c1ccc(C(F)(F)F)cc1,,0.023690626,-0.09543307781990318
COc1ccc(/C=N/C(=O)c2ccccc2)cc1*Sc1ccccc1*Cc1cc(C)c(-c2cc3ccccc3c3c2OP(=O)(O)Oc2c(-c4c(C)cc(C)cc4C)cc4ccccc4c2-3)c(C)c1*COc1ccc(C(NC(=O)c2ccccc2)Sc2ccccc2)cc1,,1.370103771,1.71263787710828
O=C(/N=C/c1ccc(C(F)(F)F)cc1)c1ccccc1*CCS*O=P1(O)Oc2c(-c3cc(C(F)(F)F)cc(C(F)(F)F)c3)cc3c(c2-c2c4c(cc(-c5cc(C(F)(F)F)cc(C(F)(F)F)c5)c2O1)CCCC4)CCCC3*CCSC(NC(=O)c1ccccc1)c1ccc(C(F)(F)F)cc1,,0.366586769,0.5785636273239481
O=C(/N=C/c1ccc(Cl)cc1Cl)c1ccccc1*SC1CCCCC1*O=P1(O)Oc2c(-c3ccccc3)cc3ccccc3c2-c2c(c(-c3ccccc3)cc3ccccc23)O1*O=C(NC(SC1CCCCC1)c1ccc(Cl)cc1Cl)c1ccccc1,,0.559297578,0.5309127563841691
O=C(/N=C/c1ccc(Cl)cc1Cl)c1ccccc1*SC1CCCCC1*O=P1(O)Oc2c(-c3ccc4ccc5cccc6ccc3c4c56)cc3ccccc3c2-c2c(c(-c3ccc4ccc5cccc6ccc3c4c56)cc3ccccc23)O1*O=C(NC(SC1CCCCC1)c1ccc(Cl)cc1Cl)c1ccccc1,,0.820945045,1.0870277941590856
O=C(/N=C/c1cccc2ccccc12)c1ccccc1*CCS*CCc1cc2c(c3c1OP(=O)(O)Oc1c(CC)cc4c(c1-3)CCCC4)CCCC2*CCSC(NC(=O)c1ccccc1)c1cccc2ccccc12,,-0.07114786,-0.001892313731788886
COc1ccc(/C=N/C(=O)c2ccccc2)cc1*SC1CCCCC1*O=P1(O)Oc2c([Si](c3ccccc3)(c3ccccc3)c3ccccc3)cc3c(c2-c2c4c(cc([Si](c5ccccc5)(c5ccccc5)c5ccccc5)c2O1)CCCC4)CCCC3*COc1ccc(C(NC(=O)c2ccccc2)SC2CCCCC2)cc1,,0.0,0.03805679250597793
O=C(/N=C/c1cccc2ccccc12)c1ccccc1*Cc1ccccc1S*O=P1(O)Oc2c(-c3cc(C(F)(F)F)cc(C(F)(F)F)c3)cc3c(c2-c2c4c(cc(-c5cc(C(F)(F)F)cc(C(F)(F)F)c5)c2O1)CCCC4)CCCC3*Cc1ccccc1SC(NC(=O)c1ccccc1)c1cccc2ccccc12,,1.027207628,1.2232757596288941
O=C(/N=C/c1ccccc1)c1ccccc1*CCS*O=P1(O)Oc2c(-c3ccc4ccc5cccc6ccc3c4c56)cc3ccccc3c2-c2c(c(-c3ccc4ccc5cccc6ccc3c4c56)cc3ccccc23)O1*CCSC(NC(=O)c1ccccc1)c1ccccc1,,0.559297578,0.9771988627266783
COc1ccc(/C=N/C(=O)c2ccccc2)cc1*COc1ccc(S)cc1*Cc1cc(C)c(-c2cc(-c3cc4c(c5c3OP(=O)(O)Oc3c(-c6cc(-c7c(C)cc(C)cc7C)cc(-c7c(C)cc(C)cc7C)c6)cc6c(c3-5)CCCC6)CCCC4)cc(-c3c(C)cc(C)cc3C)c2)c(C)c1*COc1ccc(SC(NC(=O)c2ccccc2)c2ccc(OC)cc2)cc1,,1.531802956,1.6507011677223649
O=C(/N=C/c1ccccc1)c1ccccc1*COc1ccc(S)cc1*O=P1(O)Oc2c(Cc3cc(C(F)(F)F)cc(C(F)(F)F)c3)cc3c(c2-c2c4c(cc(Cc5cc(C(F)(F)F)cc(C(F)(F)F)c5)c2O1)CCCC4)CCCC3*COc1ccc(SC(NC(=O)c2ccccc2)c2ccccc2)cc1,,0.559297578,0.4377130579830753
O=C(/N=C/c1cccc2ccccc12)c1ccccc1*Cc1ccccc1S*COc1ccc(-c2cc(-c3ccc(OC)cc3)cc(-c3cc4ccccc4c4c3OP(=O)(O)Oc3c(-c5cc(-c6ccc(OC)cc6)cc(-c6ccc(OC)cc6)c5)cc5ccccc5c3-4)c2)cc1*Cc1ccccc1SC(NC(=O)c1ccccc1)c1cccc2ccccc12,,1.531802956,1.5762317832527142
O=C(/N=C/c1cccc2ccccc12)c1ccccc1*Cc1ccccc1S*COCc1cccc(-c2cc3c(c4c2OP(=O)(O)Oc2c(-c5cccc(COC)c5)cc5c(c2-4)CCCC5)CCCC3)c1*Cc1ccccc1SC(NC(=O)c1ccccc1)c1cccc2ccccc12,,1.17989059,1.1530700945552774
O=C(/N=C/c1ccc(Cl)cc1Cl)c1ccccc1*SC1CCCCC1*O=P1(O)Oc2c(Cc3c4ccccc4cc4ccccc34)cc3ccccc3c2-c2c(c(Cc3c4ccccc4cc4ccccc34)cc3ccccc23)O1*O=C(NC(SC1CCCCC1)c1ccc(Cl)cc1Cl)c1ccccc1,,0.340722979,0.2126817414463371
O=C(/N=C/c1cccc2ccccc12)c1ccccc1*Sc1ccccc1*COc1ccc(Cc2cc3c(c4c2OP(=O)(O)Oc2c(Cc5ccc(OC)cc5)cc5c(c2-4)CCCC5)CCCC3)cc1*O=C(NC(Sc1ccccc1)c1cccc2ccccc12)c1ccccc1,,0.5302345,0.2701599776560867
O=C(/N=C/c1ccc(C(F)(F)F)cc1)c1ccccc1*COc1ccc(S)cc1*O=P1(O)Oc2c(-c3ccccc3OC(F)(F)F)cc3ccccc3c2-c2c(c(-c3ccccc3OC(F)(F)F)cc3ccccc23)O1*COc1ccc(SC(NC(=O)c2ccccc2)c2ccc(C(F)(F)F)cc2)cc1,,1.882001124,1.4077869855300196
O=C(/N=C/c1ccc(C(F)(F)F)cc1)c1ccccc1*CCS*O=P1(O)Oc2c(-c3c4ccccc4cc4ccccc34)cc3ccccc3c2-c2c(c(-c3c4ccccc4cc4ccccc34)cc3ccccc23)O1*CCSC(NC(=O)c1ccccc1)c1ccc(C(F)(F)F)cc1,,1.125722444,1.0599495646658967
O=C(/N=C/c1ccc(Cl)cc1Cl)c1ccccc1*CCS*O=P1(O)Oc2c(-c3c4ccccc4cc4ccccc34)cc3ccccc3c2-c2c(c(-c3c4ccccc4cc4ccccc34)cc3ccccc23)O1*CCSC(NC(=O)c1ccccc1)c1ccc(Cl)cc1Cl,,1.074990526,0.983317721887419
COc1ccc(/C=N/C(=O)c2ccccc2)cc1*Cc1ccccc1S*O=P1(O)Oc2c(-c3ccc(C4CCCCC4)cc3)cc3c(c2-c2c4c(cc(-c5ccc(C6CCCCC6)cc5)c2O1)CCCC4)CCCC3*COc1ccc(C(NC(=O)c2ccccc2)Sc2ccccc2C)cc1,,1.125722444,1.4654971888931592
COc1ccc(/C=N/C(=O)c2ccccc2)cc1*COc1ccc(S)cc1*COCc1cccc(-c2cc3ccccc3c3c2OP(=O)(O)Oc2c(-c4cccc(COC)c4)cc4ccccc4c2-3)c1*COc1ccc(SC(NC(=O)c2ccccc2)c2ccc(OC)cc2)cc1,,1.446325365,1.165216031269624
COc1ccc(/C=N/C(=O)c2ccccc2)cc1*Cc1ccccc1S*O=P1(O)Oc2c(-c3ccc(-c4ccc5ccccc5c4)cc3)cc3ccccc3c2-c2c(c(-c3ccc(-c4ccc5ccccc5c4)cc3)cc3ccccc23)O1*COc1ccc(C(NC(=O)c2ccccc2)Sc2ccccc2C)cc1,,1.238109014,1.28362211890218
O=C(/N=C/c1ccc(Cl)cc1Cl)c1ccccc1*COc1ccc(S)cc1*O=P1(O)Oc2c(Cc3ccc(C(F)(F)F)cc3C(F)(F)F)cc3ccccc3c2-c2c(c(Cc3ccc(C(F)(F)F)cc3C(F)(F)F)cc3ccccc23)O1*COc1ccc(SC(NC(=O)c2ccccc2)c2ccc(Cl)cc2Cl)cc1,,0.39279399600000003,0.4320252157951241
O=C(/N=C/c1ccccc1)c1ccccc1*SC1CCCCC1*COc1cccc(OC)c1-c1cc2ccccc2c2c1OP(=O)(O)Oc1c(-c3c(OC)cccc3OC)cc3ccccc3c1-2*O=C(NC(SC1CCCCC1)c1ccccc1)c1ccccc1,,1.152342057,1.0871191395238222
O=C(/N=C/c1cccc2ccccc12)c1ccccc1*Sc1ccccc1*O=P1(O)Oc2c(-c3ccc(C4CCCCC4)cc3)cc3c(c2-c2c4c(cc(-c5ccc(C6CCCCC6)cc5)c2O1)CCCC4)CCCC3*O=C(NC(Sc1ccccc1)c1cccc2ccccc12)c1ccccc1,,1.238109014,1.6449581693216535
COc1ccc(/C=N/C(=O)c2ccccc2)cc1*Cc1ccccc1S*Cc1cc(C)c(-c2cc(-c3cc4c(c5c3OP(=O)(O)Oc3c(-c6cc(-c7c(C)cc(C)cc7C)cc(-c7c(C)cc(C)cc7C)c6)cc6c(c3-5)CCCC6)CCCC4)cc(-c3c(C)cc(C)cc3C)c2)c(C)c1*COc1ccc(C(NC(=O)c2ccccc2)Sc2ccccc2C)cc1,,1.3011671120000001,1.6515480849204986
O=C(/N=C/c1ccccc1)c1ccccc1*Sc1ccccc1*O=P1(O)Oc2c(-c3c(Cl)cc(Cl)cc3Cl)cc3c(c2-c2c4c(cc(-c5c(Cl)cc(Cl)cc5Cl)c2O1)CCCC4)CCCC3*O=C(NC(Sc1ccccc1)c1ccccc1)c1ccccc1,,1.684091101,1.7805879793134456
COc1ccc(/C=N/C(=O)c2ccccc2)cc1*SC1CCCCC1*O=P1(O)Oc2c(-c3c4ccccc4c(-c4ccc5ccccc5c4)c4ccccc34)cc3ccccc3c2-c2c(c(-c3c4ccccc4c(-c4ccc5ccccc5c4)c4ccccc34)cc3ccccc23)O1*COc1ccc(C(NC(=O)c2ccccc2)SC2CCCCC2)cc1,,1.3011671120000001,1.232771561709297
O=C(/N=C/c1ccc(C(F)(F)F)cc1)c1ccccc1*COc1ccc(S)cc1*Cc1cc(C)c(-c2cc(-c3cc4c(c5c3OP(=O)(O)Oc3c(-c6cc(-c7c(C)cc(C)cc7C)cc(-c7c(C)cc(C)cc7C)c6)cc6c(c3-5)CCCC6)CCCC4)cc(-c3c(C)cc(C)cc3C)c2)c(C)c1*COc1ccc(SC(NC(=O)c2ccccc2)c2ccc(C(F)(F)F)cc2)cc1,,1.531802956,1.6959873013918192
COc1ccc(/C=N/C(=O)c2ccccc2)cc1*Sc1ccccc1*O=P1(O)Oc2c([Si](c3ccccc3)(c3ccccc3)c3ccccc3)cc3c(c2-c2c4c(cc([Si](c5ccccc5)(c5ccccc5)c5ccccc5)c2O1)CCCC4)CCCC3*COc1ccc(C(NC(=O)c2ccccc2)Sc2ccccc2)cc1,,0.240111033,0.22441377896025205
O=C(/N=C/c1ccccc1)c1ccccc1*SC1CCCCC1*O=P1(O)Oc2c(-c3c4ccccc4c(-c4ccc5ccccc5c4)c4ccccc34)cc3ccccc3c2-c2c(c(-c3c4ccccc4c(-c4ccc5ccccc5c4)c4ccccc34)cc3ccccc23)O1*O=C(NC(SC1CCCCC1)c1ccccc1)c1ccccc1,,1.125722444,1.213049346367086
O=C(/N=C/c1ccc(Cl)cc1Cl)c1ccccc1*Cc1ccccc1S*COc1ccc(-c2cc(-c3ccc(OC)cc3)cc(-c3cc4ccccc4c4c3OP(=O)(O)Oc3c(-c5cc(-c6ccc(OC)cc6)cc(-c6ccc(OC)cc6)c5)cc5ccccc5c3-4)c2)cc1*Cc1ccccc1SC(NC(=O)c1ccccc1)c1ccc(Cl)cc1Cl,,1.446325365,1.5272057624719626
O=C(/N=C/c1cccc2ccccc12)c1ccccc1*SC1CCCCC1*O=P1(O)Oc2c(-c3ccccc3)cc3ccccc3c2-c2c(c(-c3ccccc3)cc3ccccc23)O1*O=C(NC(SC1CCCCC1)c1cccc2ccccc12)c1ccccc1,,0.559297578,0.5550982625359849
COc1ccc(/C=N/C(=O)c2ccccc2)cc1*Cc1ccccc1S*C[Si](c1ccccc1)(c1ccccc1)c1cc2ccccc2c2c1OP(=O)(O)Oc1c([Si](C)(c3ccccc3)c3ccccc3)cc3ccccc3c1-2*COc1ccc(C(NC(=O)c2ccccc2)Sc2ccccc2C)cc1,,0.8586767009999999,0.7762081202885391
O=C(/N=C/c1ccc(C(F)(F)F)cc1)c1ccccc1*CCS*CC(C)c1cc(-c2ccc(C(C)(C)C)cc2)cc(C(C)C)c1-c1cc2ccccc2c2c1OP(=O)(O)Oc1c(-c3c(C(C)C)cc(-c4ccc(C(C)(C)C)cc4)cc3C(C)C)cc3ccccc3c1-2*CCSC(NC(=O)c1ccccc1)c1ccc(C(F)(F)F)cc1,,1.17989059,1.4281643990199582
O=C(/N=C/c1ccccc1)c1ccccc1*SC1CCCCC1*CCc1cc2c(c3c1OP(=O)(O)Oc1c(CC)cc4c(c1-3)CCCC4)CCCC2*O=C(NC(SC1CCCCC1)c1ccccc1)c1ccccc1,,0.0,0.09777390057068858
COc1ccc(/C=N/C(=O)c2ccccc2)cc1*Sc1ccccc1*COc1cc(F)c(-c2cc3ccccc3c3c2OP(=O)(O)Oc2c(-c4c(F)cc(OC)cc4F)cc4ccccc4c2-3)c(F)c1*COc1ccc(C(NC(=O)c2ccccc2)Sc2ccccc2)cc1,,1.238109014,1.7302929483638696
COc1ccc(/C=N/C(=O)c2ccccc2)cc1*Sc1ccccc1*O=P1(O)Oc2c(Br)cc3ccccc3c2-c2c(c(Br)cc3ccccc23)O1*COc1ccc(C(NC(=O)c2ccccc2)Sc2ccccc2)cc1,,0.166908496,0.4551151086478043
O=C(/N=C/c1ccccc1)c1ccccc1*Sc1ccccc1*O=P1(O)Oc2c(-c3ccc4ccc5cccc6ccc3c4c56)cc3ccccc3c2-c2c(c(-c3ccc4ccc5cccc6ccc3c4c56)cc3ccccc23)O1*O=C(NC(Sc1ccccc1)c1ccccc1)c1ccccc1,,1.125722444,1.8912771665294832
O=C(/N=C/c1ccccc1)c1ccccc1*COc1ccc(S)cc1*COCc1cccc(-c2cc3ccccc3c3c2OP(=O)(O)Oc2c(-c4cccc(COC)c4)cc4ccccc4c2-3)c1*COc1ccc(SC(NC(=O)c2ccccc2)c2ccccc2)cc1,,1.370103771,1.1734180521998183
O=C(/N=C/c1ccc(Cl)cc1Cl)c1ccccc1*COc1ccc(S)cc1*O=P1(O)Oc2c(-c3c(C4CCCCC4)cc(C4CCCCC4)cc3C3CCCCC3)cc3ccccc3c2-c2c(c(-c3c(C4CCCCC4)cc(C4CCCCC4)cc3C3CCCCC3)cc3ccccc23)O1*COc1ccc(SC(NC(=O)c2ccccc2)c2ccc(Cl)cc2Cl)cc1,,3.134624572,2.498814352841074
O=C(/N=C/c1ccccc1)c1ccccc1*Sc1ccccc1*O=P1(O)Oc2c(-c3ccc(-c4ccc5ccccc5c4)cc3)cc3ccccc3c2-c2c(c(-c3ccc(-c4ccc5ccccc5c4)cc3)cc3ccccc23)O1*O=C(NC(Sc1ccccc1)c1ccccc1)c1ccccc1,,1.446325365,1.3904989648347248
COc1ccc(/C=N/C(=O)c2ccccc2)cc1*COc1ccc(S)cc1*O=P1(O)Oc2c(-c3ccccc3)cc3ccccc3c2-c2c(c(-c3ccccc3)cc3ccccc23)O1*COc1ccc(SC(NC(=O)c2ccccc2)c2ccc(OC)cc2)cc1,,1.125722444,1.0722465360852675
O=C(/N=C/c1cccc2ccccc12)c1ccccc1*Sc1ccccc1*O=P1(O)Oc2c(Cc3ccc(C(F)(F)F)cc3C(F)(F)F)cc3ccccc3c2-c2c(c(Cc3ccc(C(F)(F)F)cc3C(F)(F)F)cc3ccccc23)O1*O=C(NC(Sc1ccccc1)c1cccc2ccccc12)c1ccccc1,,0.5302345,0.5132240375627484
O=C(/N=C/c1ccc(Cl)cc1Cl)c1ccccc1*SC1CCCCC1*Cc1cc(C)c(-c2cc3ccccc3c3c2OP(=O)(O)Oc2c(-c4c(C)cc(C)cc4C)cc4ccccc4c2-3)c(C)c1*O=C(NC(SC1CCCCC1)c1ccc(Cl)cc1Cl)c1ccccc1,,1.531802956,1.007001113039096
COc1ccc(/C=N/C(=O)c2ccccc2)cc1*Cc1ccccc1S*O=P1(O)Oc2c(Cc3ccc(C(F)(F)F)cc3C(F)(F)F)cc3ccccc3c2-c2c(c(Cc3ccc(C(F)(F)F)cc3C(F)(F)F)cc3ccccc23)O1*COc1ccc(C(NC(=O)c2ccccc2)Sc2ccccc2C)cc1,,0.166908496,0.4181974698010468
O=C(/N=C/c1ccc(Cl)cc1Cl)c1ccccc1*Cc1ccccc1S*O=P1(O)Oc2c(-c3cc(C(F)(F)F)cc(C(F)(F)F)c3)cc3c(c2-c2c4c(cc(-c5cc(C(F)(F)F)cc(C(F)(F)F)c5)c2O1)CCCC4)CCCC3*Cc1ccccc1SC(NC(=O)c1ccccc1)c1ccc(Cl)cc1Cl,,1.027207628,1.183312883304998
COc1ccc(/C=N/C(=O)c2ccccc2)cc1*CCS*O=P1(O)Oc2c(Br)cc3c(c2-c2c4c(cc(Br)c2O1)CCCC4)CCCC3*CCSC(NC(=O)c1ccccc1)c1ccc(OC)cc1,,-0.09495278,0.07364977182757027
O=C(/N=C/c1ccccc1)c1ccccc1*COc1ccc(S)cc1*O=P1(O)Oc2c(-c3cccc(-c4ccc5ccccc5c4)c3)cc3ccccc3c2-c2c(c(-c3cccc(-c4ccc5ccccc5c4)c3)cc3ccccc23)O1*COc1ccc(SC(NC(=O)c2ccccc2)c2ccccc2)cc1,,1.238109014,1.3038899786490292
O=C(/N=C/c1cccc2ccccc12)c1ccccc1*Sc1ccccc1*O=P1(O)Oc2c([Si](c3ccccc3)(c3ccccc3)c3ccccc3)cc3c(c2-c2c4c(cc([Si](c5ccccc5)(c5ccccc5)c5ccccc5)c2O1)CCCC4)CCCC3*O=C(NC(Sc1ccccc1)c1cccc2ccccc12)c1ccccc1,,0.191142101,0.22473227384493955
O=C(/N=C/c1ccc(Cl)cc1Cl)c1ccccc1*Sc1ccccc1*O=P1(O)Oc2c(-c3ccc(S(F)(F)(F)(F)F)cc3)cc3ccccc3c2-c2c(c(-c3ccc(S(F)(F)(F)(F)F)cc3)cc3ccccc23)O1*O=C(NC(Sc1ccccc1)c1ccc(Cl)cc1Cl)c1ccccc1,,1.074990526,1.2708608148677523
O=C(/N=C/c1ccc(C(F)(F)F)cc1)c1ccccc1*COc1ccc(S)cc1*O=P1(O)Oc2c(Cc3ccc(C(F)(F)F)cc3C(F)(F)F)cc3ccccc3c2-c2c(c(Cc3ccc(C(F)(F)F)cc3C(F)(F)F)cc3ccccc23)O1*COc1ccc(SC(NC(=O)c2ccccc2)c2ccc(C(F)(F)F)cc2)cc1,,0.240111033,0.4547671010165367
COc1ccc(/C=N/C(=O)c2ccccc2)cc1*CCS*O=P1(O)Oc2c(-c3ccc(S(F)(F)(F)(F)F)cc3)cc3ccccc3c2-c2c(c(-c3ccc(S(F)(F)(F)(F)F)cc3)cc3ccccc23)O1*CCSC(NC(=O)c1ccccc1)c1ccc(OC)cc1,,0.44637361600000003,0.5400281361264241
O=C(/N=C/c1ccccc1)c1ccccc1*SC1CCCCC1*CC(C)c1cc(C(C)C)c(-c2cc3ccccc3c3c2OP(=O)(O)Oc2c(-c4c(C(C)C)cc(C(C)C)cc4C(C)C)cc4ccccc4c2-3)c(C(C)C)c1*O=C(NC(SC1CCCCC1)c1ccccc1)c1ccccc1,,1.882001124,1.631539732499298
O=C(/N=C/c1cccc2ccccc12)c1ccccc1*COc1ccc(S)cc1*Cc1cc(C)c(-c2cc(-c3cc4c(c5c3OP(=O)(O)Oc3c(-c6cc(-c7c(C)cc(C)cc7C)cc(-c7c(C)cc(C)cc7C)c6)cc6c(c3-5)CCCC6)CCCC4)cc(-c3c(C)cc(C)cc3C)c2)c(C)c1*COc1ccc(SC(NC(=O)c2ccccc2)c2cccc3ccccc23)cc1,,1.446325365,1.7731518293306545
O=C(/N=C/c1ccc(C(F)(F)F)cc1)c1ccccc1*CCS*COc1ccc(Cc2cc3c(c4c2OP(=O)(O)Oc2c(Cc5ccc(OC)cc5)cc5c(c2-4)CCCC5)CCCC3)cc1*CCSC(NC(=O)c1ccccc1)c1ccc(C(F)(F)F)cc1,,-0.264892334,-0.06877343239115963
O=C(/N=C/c1ccc(Cl)cc1Cl)c1ccccc1*COc1ccc(S)cc1*O=P1(O)Oc2c(-c3c(Cl)cc(Cl)cc3Cl)cc3c(c2-c2c4c(cc(-c5c(Cl)cc(Cl)cc5Cl)c2O1)CCCC4)CCCC3*COc1ccc(SC(NC(=O)c2ccccc2)c2ccc(Cl)cc2Cl)cc1,,2.058499317,1.7184270792690617
O=C(/N=C/c1cccc2ccccc12)c1ccccc1*COc1ccc(S)cc1*O=P1(O)Oc2c(-c3c(Cl)cc(Cl)cc3Cl)cc3c(c2-c2c4c(cc(-c5c(Cl)cc(Cl)cc5Cl)c2O1)CCCC4)CCCC3*COc1ccc(SC(NC(=O)c2ccccc2)c2cccc3ccccc23)cc1,,2.058499317,1.7687113369281122
O=C(/N=C/c1ccc(Cl)cc1Cl)c1ccccc1*Cc1ccccc1S*CCOc1ccc(C)cc1-c1cc2ccccc2c2c1OP(=O)(O)Oc1c(-c3cc(C)ccc3OCC)cc3ccccc3c1-2*Cc1ccccc1SC(NC(=O)c1ccccc1)c1ccc(Cl)cc1Cl,,1.3011671120000001,1.5731166331895252
O=C(/N=C/c1ccc(C(F)(F)F)cc1)c1ccccc1*Sc1ccccc1*O=P1(O)Oc2c(Cc3c4ccccc4cc4ccccc34)cc3ccccc3c2-c2c(c(Cc3c4ccccc4cc4ccccc34)cc3ccccc23)O1*O=C(NC(Sc1ccccc1)c1ccc(C(F)(F)F)cc1)c1ccccc1,,0.820945045,0.7369645318107605
O=C(/N=C/c1cccc2ccccc12)c1ccccc1*Cc1ccccc1S*O=P1(O)Oc2c(-c3cc(-c4cc(C(F)(F)F)cc(C(F)(F)F)c4)cc(-c4cc(C(F)(F)F)cc(C(F)(F)F)c4)c3)cc3ccccc3c2-c2c(c(-c3cc(-c4cc(C(F)(F)F)cc(C(F)(F)F)c4)cc(-c4cc(C(F)(F)F)cc(C(F)(F)F)c4)c3)cc3ccccc23)O1*Cc1ccccc1SC(NC(=O)c1ccccc1)c1cccc2ccccc12,,1.446325365,1.5052732776024529
COc1ccc(/C=N/C(=O)c2ccccc2)cc1*Cc1ccccc1S*CC(C)(C)c1ccc([Si](c2ccc(C(C)(C)C)cc2)(c2ccc(C(C)(C)C)cc2)c2cc3c(c4c2OP(=O)(O)Oc2c([Si](c5ccc(C(C)(C)C)cc5)(c5ccc(C(C)(C)C)cc5)c5ccc(C(C)(C)C)cc5)cc5c(c2-4)CCCC5)CCCC3)cc1*COc1ccc(C(NC(=O)c2ccccc2)Sc2ccccc2C)cc1,,0.047400225,0.13677275706316938
COc1ccc(/C=N/C(=O)c2ccccc2)cc1*CCS*CC(C)c1cc(C(C)C)c(-c2cc3ccccc3c3c2OP(=O)(O)Oc2c(-c4c(C(C)C)cc(C(C)C)cc4C(C)C)cc4ccccc4c2-3)c(C(C)C)c1*CCSC(NC(=O)c1ccccc1)c1ccc(OC)cc1,,1.629422542,1.5426870188910806
O=C(/N=C/c1ccccc1)c1ccccc1*Cc1ccccc1S*O=P1(O)Oc2c(Cc3cc(C(F)(F)F)cc(C(F)(F)F)c3)cc3c(c2-c2c4c(cc(Cc5cc(C(F)(F)F)cc(C(F)(F)F)c5)c2O1)CCCC4)CCCC3*Cc1ccccc1SC(NC(=O)c1ccccc1)c1ccccc1,,0.340722979,0.44996634826146026
O=C(/N=C/c1ccccc1)c1ccccc1*Sc1ccccc1*CC(C)c1cc(-c2ccc(C(C)(C)C)cc2)cc(C(C)C)c1-c1cc2ccccc2c2c1OP(=O)(O)Oc1c(-c3c(C(C)C)cc(-c4ccc(C(C)(C)C)cc4)cc3C(C)C)cc3ccccc3c1-2*O=C(NC(Sc1ccccc1)c1ccccc1)c1ccccc1,,3.134624572,2.3019370205840195
O=C(/N=C/c1ccc(Cl)cc1Cl)c1ccccc1*CCS*COc1cc(F)c(-c2cc3ccccc3c3c2OP(=O)(O)Oc2c(-c4c(F)cc(OC)cc4F)cc4ccccc4c2-3)c(F)c1*CCSC(NC(=O)c1ccccc1)c1ccc(Cl)cc1Cl,,0.820945045,0.9130015736847346
O=C(/N=C/c1ccccc1)c1ccccc1*COc1ccc(S)cc1*CC(C)(C)c1cc(-c2cc3ccccc3c3c2OP(=O)(O)Oc2c(-c4cc(C(C)(C)C)cc(C(C)(C)C)c4)cc4ccccc4c2-3)cc(C(C)(C)C)c1*COc1ccc(SC(NC(=O)c2ccccc2)c2ccccc2)cc1,,1.074990526,1.4160770705234345
COc1ccc(/C=N/C(=O)c2ccccc2)cc1*SC1CCCCC1*O=P1(O)Oc2c(-c3c(C4CCCCC4)cc(C4CCCCC4)cc3C3CCCCC3)cc3ccccc3c2-c2c(c(-c3c(C4CCCCC4)cc(C4CCCCC4)cc3C3CCCCC3)cc3ccccc23)O1*COc1ccc(C(NC(=O)c2ccccc2)SC2CCCCC2)cc1,,1.743657522,1.714759456659352
COc1ccc(/C=N/C(=O)c2ccccc2)cc1*SC1CCCCC1*C[Si](c1ccccc1)(c1ccccc1)c1cc2ccccc2c2c1OP(=O)(O)Oc1c([Si](C)(c3ccccc3)c3ccccc3)cc3ccccc3c1-2*COc1ccc(C(NC(=O)c2ccccc2)SC2CCCCC2)cc1,,0.340722979,0.48741749259395434
O=C(/N=C/c1ccccc1)c1ccccc1*COc1ccc(S)cc1*O=P1(O)Oc2c(-c3cc(C(F)(F)F)cc(C(F)(F)F)c3)cc3ccccc3c2-c2c(c(-c3cc(C(F)(F)F)cc(C(F)(F)F)c3)cc3ccccc23)O1*COc1ccc(SC(NC(=O)c2ccccc2)c2ccccc2)cc1,,1.4071970880000002,1.1284348035240261
O=C(/N=C/c1ccc(C(F)(F)F)cc1)c1ccccc1*Sc1ccccc1*O=P1(O)Oc2c(-c3c(C4CCCCC4)cc(C4CCCCC4)cc3C3CCCCC3)cc3ccccc3c2-c2c(c(-c3c(C4CCCCC4)cc(C4CCCCC4)cc3C3CCCCC3)cc3ccccc23)O1*O=C(NC(Sc1ccccc1)c1ccc(C(F)(F)F)cc1)c1ccccc1,,3.134624572,2.5662885335570436
O=C(/N=C/c1ccc(C(F)(F)F)cc1)c1ccccc1*CCS*O=P1(O)Oc2c(-c3ccc(-c4cc(C(F)(F)F)cc(C(F)(F)F)c4)cc3)cc3ccccc3c2-c2c(c(-c3ccc(-c4cc(C(F)(F)F)cc(C(F)(F)F)c4)cc3)cc3ccccc23)O1*CCSC(NC(=O)c1ccccc1)c1ccc(C(F)(F)F)cc1,,1.3011671120000001,0.654827599216752
O=C(/N=C/c1ccccc1)c1ccccc1*SC1CCCCC1*CC(C)c1cc(-c2ccc(C(C)(C)C)cc2)cc(C(C)C)c1-c1cc2ccccc2c2c1OP(=O)(O)Oc1c(-c3c(C(C)C)cc(-c4ccc(C(C)(C)C)cc4)cc3C(C)C)cc3ccccc3c1-2*O=C(NC(SC1CCCCC1)c1ccccc1)c1ccccc1,,1.446325365,1.4448369006586856
O=C(/N=C/c1ccccc1)c1ccccc1*Sc1ccccc1*O=P1(O)Oc2c([Si](c3ccccc3)(c3ccccc3)c3ccccc3)cc3c(c2-c2c4c(cc([Si](c5ccccc5)(c5ccccc5)c5ccccc5)c2O1)CCCC4)CCCC3*O=C(NC(Sc1ccccc1)c1ccccc1)c1ccccc1,,0.191142101,0.2383703492311754
O=C(/N=C/c1ccccc1)c1ccccc1*Cc1ccccc1S*O=P1(O)Oc2c(-c3ccc(S(F)(F)(F)(F)F)cc3)cc3ccccc3c2-c2c(c(-c3ccc(S(F)(F)(F)(F)F)cc3)cc3ccccc23)O1*Cc1ccccc1SC(NC(=O)c1ccccc1)c1ccccc1,,1.074990526,1.2008870031451608
O=C(/N=C/c1cccc2ccccc12)c1ccccc1*Sc1ccccc1*O=P1(O)Oc2c(-c3ccc(S(F)(F)(F)(F)F)cc3)cc3ccccc3c2-c2c(c(-c3ccc(S(F)(F)(F)(F)F)cc3)cc3ccccc23)O1*O=C(NC(Sc1ccccc1)c1cccc2ccccc12)c1ccccc1,,1.17989059,1.3231197332250406
COc1ccc(/C=N/C(=O)c2ccccc2)cc1*Cc1ccccc1S*Cc1cc(-c2cc3ccccc3c3c2OP(=O)(O)Oc2c(-c4cc(C)c(OC(C)C)c(C)c4)cc4ccccc4c2-3)cc(C)c1OC(C)C*COc1ccc(C(NC(=O)c2ccccc2)Sc2ccccc2C)cc1,,1.125722444,1.3899359845365296
COc1ccc(/C=N/C(=O)c2ccccc2)cc1*CCS*CCc1cc2c(c3c1OP(=O)(O)Oc1c(CC)cc4c(c1-3)CCCC4)CCCC2*CCSC(NC(=O)c1ccccc1)c1ccc(OC)cc1,,-0.09495278,0.034644921743881674
COc1ccc(/C=N/C(=O)c2ccccc2)cc1*Cc1ccccc1S*O=P1(O)Oc2c(-c3cc(C(F)(F)F)cc(C(F)(F)F)c3)cc3c(c2-c2c4c(cc(-c5cc(C(F)(F)F)cc(C(F)(F)F)c5)c2O1)CCCC4)CCCC3*COc1ccc(C(NC(=O)c2ccccc2)Sc2ccccc2C)cc1,,1.027207628,1.102607186150701
COc1ccc(/C=N/C(=O)c2ccccc2)cc1*Cc1ccccc1S*O=P1(O)Oc2c(-c3cc(C(F)(F)F)cc(C(F)(F)F)c3)cc3ccccc3c2-c2c(c(-c3cc(C(F)(F)F)cc(C(F)(F)F)c3)cc3ccccc23)O1*COc1ccc(C(NC(=O)c2ccccc2)Sc2ccccc2C)cc1,,1.370103771,1.1202430058395945
O=C(/N=C/c1ccc(C(F)(F)F)cc1)c1ccccc1*CCS*O=P1(O)Oc2c(-c3ccccc3OC(F)(F)F)cc3ccccc3c2-c2c(c(-c3ccccc3OC(F)(F)F)cc3ccccc23)O1*CCSC(NC(=O)c1ccccc1)c1ccc(C(F)(F)F)cc1,,0.589002233,0.7406461900454504
O=C(/N=C/c1ccc(Cl)cc1Cl)c1ccccc1*SC1CCCCC1*CCOc1ccc(C)cc1-c1cc2ccccc2c2c1OP(=O)(O)Oc1c(-c3cc(C)ccc3OCC)cc3ccccc3c1-2*O=C(NC(SC1CCCCC1)c1ccc(Cl)cc1Cl)c1ccccc1,,1.17989059,0.8615120114722683
O=C(/N=C/c1ccccc1)c1ccccc1*CCS*COc1cccc(OC)c1-c1cc2ccccc2c2c1OP(=O)(O)Oc1c(-c3c(OC)cccc3OC)cc3ccccc3c1-2*CCSC(NC(=O)c1ccccc1)c1ccccc1,,1.268975128,0.9911125200225774
O=C(/N=C/c1cccc2ccccc12)c1ccccc1*Cc1ccccc1S*COCc1cccc(-c2cc3ccccc3c3c2OP(=O)(O)Oc2c(-c4cccc(COC)c4)cc4ccccc4c2-3)c1*Cc1ccccc1SC(NC(=O)c1ccccc1)c1cccc2ccccc12,,1.370103771,1.2851153576635945
O=C(/N=C/c1ccccc1)c1ccccc1*SC1CCCCC1*O=P1(O)Oc2c(-c3cc(C(F)(F)F)cc(C(F)(F)F)c3)cc3ccccc3c2-c2c(c(-c3cc(C(F)(F)F)cc(C(F)(F)F)c3)cc3ccccc23)O1*O=C(NC(SC1CCCCC1)c1ccccc1)c1ccccc1,,0.39279399600000003,0.5546550402595809
O=C(/N=C/c1ccc(C(F)(F)F)cc1)c1ccccc1*Sc1ccccc1*COc1ccc(-c2cc(-c3ccc(OC)cc3)cc(-c3cc4ccccc4c4c3OP(=O)(O)Oc3c(-c5cc(-c6ccc(OC)cc6)cc(-c6ccc(OC)cc6)c5)cc5ccccc5c3-4)c2)cc1*O=C(NC(Sc1ccccc1)c1ccc(C(F)(F)F)cc1)c1ccccc1,,1.446325365,1.5597368891711696
O=C(/N=C/c1ccc(Cl)cc1Cl)c1ccccc1*Cc1ccccc1S*O=P1(O)Oc2c(-c3c4ccccc4c(-c4ccc5ccccc5c4)c4ccccc34)cc3ccccc3c2-c2c(c(-c3c4ccccc4c(-c4ccc5ccccc5c4)c4ccccc34)cc3ccccc23)O1*Cc1ccccc1SC(NC(=O)c1ccccc1)c1ccc(Cl)cc1Cl,,2.721168735,2.052720084093101
O=C(/N=C/c1ccc(Cl)cc1Cl)c1ccccc1*Sc1ccccc1*Cc1cc(C)c(-c2cc3ccccc3c3c2OP(=O)(O)Oc2c(-c4c(C)cc(C)cc4C)cc4ccccc4c2-3)c(C)c1*O=C(NC(Sc1ccccc1)c1ccc(Cl)cc1Cl)c1ccccc1,,1.743657522,1.795114547695054
O=C(/N=C/c1ccc(Cl)cc1Cl)c1ccccc1*COc1ccc(S)cc1*O=P1(O)Oc2c(-c3ccccc3OC(F)(F)F)cc3ccccc3c2-c2c(c(-c3ccccc3OC(F)(F)F)cc3ccccc23)O1*COc1ccc(SC(NC(=O)c2ccccc2)c2ccc(Cl)cc2Cl)cc1,,1.238109014,1.4004524231247883
O=C(/N=C/c1ccc(Cl)cc1Cl)c1ccccc1*CCS*O=P1(O)Oc2c(Cc3cc(C(F)(F)F)cc(C(F)(F)F)c3)cc3c(c2-c2c4c(cc(Cc5cc(C(F)(F)F)cc(C(F)(F)F)c5)c2O1)CCCC4)CCCC3*CCSC(NC(=O)c1ccccc1)c1ccc(Cl)cc1Cl,,-0.240111033,0.02400295914735351
COc1ccc(/C=N/C(=O)c2ccccc2)cc1*COc1ccc(S)cc1*COc1cc(F)c(-c2cc3ccccc3c3c2OP(=O)(O)Oc2c(-c4c(F)cc(OC)cc4F)cc4ccccc4c2-3)c(F)c1*COc1ccc(SC(NC(=O)c2ccccc2)c2ccc(OC)cc2)cc1,,1.531802956,1.6684035807616717
O=C(/N=C/c1ccccc1)c1ccccc1*Cc1ccccc1S*CC(C)c1cc(C(C)C)c(-c2cc3ccccc3c3c2OP(=O)(O)Oc2c(-c4c(C(C)C)cc(C(C)C)cc4C(C)C)cc4ccccc4c2-3)c(C(C)C)c1*Cc1ccccc1SC(NC(=O)c1ccccc1)c1ccccc1,,3.134624572,2.4321012823402506
O=C(/N=C/c1ccc(C(F)(F)F)cc1)c1ccccc1*Sc1ccccc1*O=P1(O)Oc2c(Br)cc3ccccc3c2-c2c(c(Br)cc3ccccc23)O1*O=C(NC(Sc1ccccc1)c1ccc(C(F)(F)F)cc1)c1ccccc1,,0.366586769,0.49745596125045244
O=C(/N=C/c1ccc(Cl)cc1Cl)c1ccccc1*SC1CCCCC1*O=P1(O)Oc2c(-c3c(C4CCCCC4)cc(C4CCCCC4)cc3C3CCCCC3)cc3ccccc3c2-c2c(c(-c3c(C4CCCCC4)cc(C4CCCCC4)cc3C3CCCCC3)cc3ccccc23)O1*O=C(NC(SC1CCCCC1)c1ccc(Cl)cc1Cl)c1ccccc1,,2.058499317,1.7049794331730987
O=C(/N=C/c1cccc2ccccc12)c1ccccc1*Cc1ccccc1S*O=P1(O)Oc2c(-c3c(C4CCCCC4)cc(C4CCCCC4)cc3C3CCCCC3)cc3ccccc3c2-c2c(c(-c3c(C4CCCCC4)cc(C4CCCCC4)cc3C3CCCCC3)cc3ccccc23)O1*Cc1ccccc1SC(NC(=O)c1ccccc1)c1cccc2ccccc12,,3.134624572,2.611592496263635
O=C(/N=C/c1cccc2ccccc12)c1ccccc1*SC1CCCCC1*COCc1cccc(-c2cc3c(c4c2OP(=O)(O)Oc2c(-c5cccc(COC)c5)cc5c(c2-4)CCCC5)CCCC3)c1*O=C(NC(SC1CCCCC1)c1cccc2ccccc12)c1ccccc1,,0.501758501,0.5651918874052433
COc1ccc(/C=N/C(=O)c2ccccc2)cc1*COc1ccc(S)cc1*COCc1cccc(-c2cc3c(c4c2OP(=O)(O)Oc2c(-c5cccc(COC)c5)cc5c(c2-4)CCCC5)CCCC3)c1*COc1ccc(SC(NC(=O)c2ccccc2)c2ccc(OC)cc2)cc1,,1.125722444,1.0317303905982977
O=C(/N=C/c1cccc2ccccc12)c1ccccc1*COc1ccc(S)cc1*O=P1(O)Oc2c(-c3cccc(-c4ccc5ccccc5c4)c3)cc3ccccc3c2-c2c(c(-c3cccc(-c4ccc5ccccc5c4)c3)cc3ccccc23)O1*COc1ccc(SC(NC(=O)c2ccccc2)c2cccc3ccccc23)cc1,,1.17989059,1.3886301782697839
O=C(/N=C/c1cccc2ccccc12)c1ccccc1*CCS*COc1ccc(Cc2cc3c(c4c2OP(=O)(O)Oc2c(Cc5ccc(OC)cc5)cc5c(c2-4)CCCC5)CCCC3)cc1*CCSC(NC(=O)c1ccccc1)c1cccc2ccccc12,,-0.240111033,-0.1295797808225826
O=C(/N=C/c1ccccc1)c1ccccc1*CCS*COc1cc(F)c(-c2cc3ccccc3c3c2OP(=O)(O)Oc2c(-c4c(F)cc(OC)cc4F)cc4ccccc4c2-3)c(F)c1*CCSC(NC(=O)c1ccccc1)c1ccccc1,,0.981980567,0.9164382723293971
O=C(/N=C/c1cccc2ccccc12)c1ccccc1*CCS*Cc1cc(C)c(-c2cc(-c3cc4c(c5c3OP(=O)(O)Oc3c(-c6cc(-c7c(C)cc(C)cc7C)cc(-c7c(C)cc(C)cc7C)c6)cc6c(c3-5)CCCC6)CCCC4)cc(-c3c(C)cc(C)cc3C)c2)c(C)c1*CCSC(NC(=O)c1ccccc1)c1cccc2ccccc12,,0.589002233,0.9537240997600966
O=C(/N=C/c1cccc2ccccc12)c1ccccc1*Cc1ccccc1S*O=P1(O)Oc2c(-c3ccccc3)cc3ccccc3c2-c2c(c(-c3ccccc3)cc3ccccc23)O1*Cc1ccccc1SC(NC(=O)c1ccccc1)c1cccc2ccccc12,,1.125722444,1.1921386739632007
O=C(/N=C/c1ccc(Cl)cc1Cl)c1ccccc1*COc1ccc(S)cc1*O=P1(O)Oc2c(-c3c4ccccc4cc4ccccc34)cc3ccccc3c2-c2c(c(-c3c4ccccc4cc4ccccc34)cc3ccccc23)O1*COc1ccc(SC(NC(=O)c2ccccc2)c2ccc(Cl)cc2Cl)cc1,,1.743657522,1.8340386739680454
O=C(/N=C/c1ccc(Cl)cc1Cl)c1ccccc1*Sc1ccccc1*CC(C)c1cc(-c2ccc(C(C)(C)C)cc2)cc(C(C)C)c1-c1cc2ccccc2c2c1OP(=O)(O)Oc1c(-c3c(C(C)C)cc(-c4ccc(C(C)(C)C)cc4)cc3C(C)C)cc3ccccc3c1-2*O=C(NC(Sc1ccccc1)c1ccc(Cl)cc1Cl)c1ccccc1,,2.721168735,2.3294353135723953
O=C(/N=C/c1ccc(Cl)cc1Cl)c1ccccc1*CCS*O=P1(O)Oc2c(-c3ccccc3)cc3ccccc3c2-c2c(c(-c3ccccc3)cc3ccccc23)O1*CCSC(NC(=O)c1ccccc1)c1ccc(Cl)cc1Cl,,0.39279399600000003,0.45500661706011897
O=C(/N=C/c1ccccc1)c1ccccc1*Sc1ccccc1*COc1cccc(OC)c1-c1cc2ccccc2c2c1OP(=O)(O)Oc1c(-c3c(OC)cccc3OC)cc3ccccc3c1-2*O=C(NC(Sc1ccccc1)c1ccccc1)c1ccccc1,,1.629422542,1.8806492395579353
COc1ccc(/C=N/C(=O)c2ccccc2)cc1*CCS*O=P1(O)Oc2c(Cc3c4ccccc4cc4ccccc34)cc3ccccc3c2-c2c(c(Cc3c4ccccc4cc4ccccc34)cc3ccccc23)O1*CCSC(NC(=O)c1ccccc1)c1ccc(OC)cc1,,0.289903935,0.1568789036497732
O=C(/N=C/c1cccc2ccccc12)c1ccccc1*Sc1ccccc1*COc1cccc(OC)c1-c1cc2ccccc2c2c1OP(=O)(O)Oc1c(-c3c(OC)cccc3OC)cc3ccccc3c1-2*O=C(NC(Sc1ccccc1)c1cccc2ccccc12)c1ccccc1,,1.743657522,1.9738995800113228
O=C(/N=C/c1ccccc1)c1ccccc1*Sc1ccccc1*O=P1(O)Oc2c(-c3c4ccccc4c(-c4ccc5ccccc5c4)c4ccccc34)cc3ccccc3c2-c2c(c(-c3c4ccccc4c(-c4ccc5ccccc5c4)c4ccccc34)cc3ccccc23)O1*O=C(NC(Sc1ccccc1)c1ccccc1)c1ccccc1,,2.304684113,2.067661803501153
O=C(/N=C/c1ccc(C(F)(F)F)cc1)c1ccccc1*SC1CCCCC1*COCc1cccc(-c2cc3ccccc3c3c2OP(=O)(O)Oc2c(-c4cccc(COC)c4)cc4ccccc4c2-3)c1*O=C(NC(SC1CCCCC1)c1ccc(C(F)(F)F)cc1)c1ccccc1,,0.6826014440000001,0.64848835229323
COc1ccc(/C=N/C(=O)c2ccccc2)cc1*COc1ccc(S)cc1*Cc1cc(-c2cc3ccccc3c3c2OP(=O)(O)Oc2c(-c4cc(C)c(OC(C)C)c(C)c4)cc4ccccc4c2-3)cc(C)c1OC(C)C*COc1ccc(SC(NC(=O)c2ccccc2)c2ccc(OC)cc2)cc1,,1.3011671120000001,1.389729888454049
O=C(/N=C/c1cccc2ccccc12)c1ccccc1*SC1CCCCC1*O=P1(O)Oc2c(-c3ccc(C4CCCCC4)cc3)cc3c(c2-c2c4c(cc(-c5ccc(C6CCCCC6)cc5)c2O1)CCCC4)CCCC3*O=C(NC(SC1CCCCC1)c1cccc2ccccc12)c1ccccc1,,0.619408639,0.8681179400121808
COc1ccc(/C=N/C(=O)c2ccccc2)cc1*CCS*COc1ccc(Cc2cc3c(c4c2OP(=O)(O)Oc2c(Cc5ccc(OC)cc5)cc5c(c2-4)CCCC5)CCCC3)cc1*CCSC(NC(=O)c1ccccc1)c1ccc(OC)cc1,,-0.191142101,-0.0926254976143902
O=C(/N=C/c1ccccc1)c1ccccc1*Sc1ccccc1*O=P1(O)Oc2c(Br)cc3ccccc3c2-c2c(c(Br)cc3ccccc23)O1*O=C(NC(Sc1ccccc1)c1ccccc1)c1ccccc1,,0.41937775299999996,0.4703630322851557
O=C(/N=C/c1ccc(C(F)(F)F)cc1)c1ccccc1*SC1CCCCC1*O=P1(O)Oc2c(-c3c4ccccc4c(-c4ccc5ccccc5c4)c4ccccc34)cc3ccccc3c2-c2c(c(-c3c4ccccc4c(-c4ccc5ccccc5c4)c4ccccc34)cc3ccccc23)O1*O=C(NC(SC1CCCCC1)c1ccc(C(F)(F)F)cc1)c1ccccc1,,1.3011671120000001,1.2805349642207082
O=C(/N=C/c1ccc(C(F)(F)F)cc1)c1ccccc1*Cc1ccccc1S*O=P1(O)Oc2c(-c3c(C4CCCCC4)cc(C4CCCCC4)cc3C3CCCCC3)cc3ccccc3c2-c2c(c(-c3c(C4CCCCC4)cc(C4CCCCC4)cc3C3CCCCC3)cc3ccccc23)O1*Cc1ccccc1SC(NC(=O)c1ccccc1)c1ccc(C(F)(F)F)cc1,,2.058499317,2.5277982977665507
COc1ccc(/C=N/C(=O)c2ccccc2)cc1*COc1ccc(S)cc1*COc1ccc(-c2cc3ccccc3c3c2OP(=O)(O)Oc2c(-c4ccc(OC)cc4)cc4ccccc4c2-3)cc1*COc1ccc(SC(NC(=O)c2ccccc2)c2ccc(OC)cc2)cc1,,1.238109014,1.1837392628314258
O=C(/N=C/c1ccccc1)c1ccccc1*Cc1ccccc1S*O=P1(O)Oc2c(-c3cc(C(F)(F)F)cc(C(F)(F)F)c3)cc3ccccc3c2-c2c(c(-c3cc(C(F)(F)F)cc(C(F)(F)F)c3)cc3ccccc23)O1*Cc1ccccc1SC(NC(=O)c1ccccc1)c1ccccc1,,1.334823138,1.1582296092650861
O=C(/N=C/c1ccc(C(F)(F)F)cc1)c1ccccc1*COc1ccc(S)cc1*CC(C)(C)c1cc(-c2cc3c(c4c2OP(=O)(O)Oc2c(-c5cc(C(C)(C)C)cc(C(C)(C)C)c5)cc5c(c2-4)CCCC5)CCCC3)cc(C(C)(C)C)c1*COc1ccc(SC(NC(=O)c2ccccc2)c2ccc(C(F)(F)F)cc2)cc1,,0.619408639,1.2659946257529704
O=C(/N=C/c1ccccc1)c1ccccc1*Cc1ccccc1S*O=P1(O)Oc2c(-c3ccc(C4CCCCC4)cc3)cc3c(c2-c2c4c(cc(-c5ccc(C6CCCCC6)cc5)c2O1)CCCC4)CCCC3*Cc1ccccc1SC(NC(=O)c1ccccc1)c1ccccc1,,1.3011671120000001,1.507302753106357
O=C(/N=C/c1ccc(Cl)cc1Cl)c1ccccc1*SC1CCCCC1*CC(C)(C)c1cc(-c2cc3ccccc3c3c2OP(=O)(O)Oc2c(-c4cc(C(C)(C)C)cc(C(C)(C)C)c4)cc4ccccc4c2-3)cc(C(C)(C)C)c1*O=C(NC(SC1CCCCC1)c1ccc(Cl)cc1Cl)c1ccccc1,,0.559297578,0.7864972386532998
O=C(/N=C/c1ccc(Cl)cc1Cl)c1ccccc1*Sc1ccccc1*COc1ccc(-c2cc(-c3ccc(OC)cc3)cc(-c3cc4ccccc4c4c3OP(=O)(O)Oc3c(-c5cc(-c6ccc(OC)cc6)cc(-c6ccc(OC)cc6)c5)cc5ccccc5c3-4)c2)cc1*O=C(NC(Sc1ccccc1)c1ccc(Cl)cc1Cl)c1ccccc1,,1.238109014,1.5741773470968181
O=C(/N=C/c1ccccc1)c1ccccc1*CCS*COc1ccc(Cc2cc3c(c4c2OP(=O)(O)Oc2c(Cc5ccc(OC)cc5)cc5c(c2-4)CCCC5)CCCC3)cc1*CCSC(NC(=O)c1ccccc1)c1ccccc1,,-0.142812956,-0.10185706957100893
O=C(/N=C/c1cccc2ccccc12)c1ccccc1*SC1CCCCC1*O=P1(O)Oc2c(-c3cc(C(F)(F)F)cc(C(F)(F)F)c3)cc3c(c2-c2c4c(cc(-c5cc(C(F)(F)F)cc(C(F)(F)F)c5)c2O1)CCCC4)CCCC3*O=C(NC(SC1CCCCC1)c1cccc2ccccc12)c1ccccc1,,0.6826014440000001,0.5826495494921915
O=C(/N=C/c1ccc(C(F)(F)F)cc1)c1ccccc1*CCS*CCc1cc2c(c3c1OP(=O)(O)Oc1c(CC)cc4c(c1-3)CCCC4)CCCC2*CCSC(NC(=O)c1ccccc1)c1ccc(C(F)(F)F)cc1,,-0.11883451099999999,0.057927595802371945
COc1ccc(/C=N/C(=O)c2ccccc2)cc1*SC1CCCCC1*COc1ccc(-c2cc(-c3ccc(OC)cc3)cc(-c3cc4ccccc4c4c3OP(=O)(O)Oc3c(-c5cc(-c6ccc(OC)cc6)cc(-c6ccc(OC)cc6)c5)cc5ccccc5c3-4)c2)cc1*COc1ccc(C(NC(=O)c2ccccc2)SC2CCCCC2)cc1,,0.820945045,0.8056352874904198
O=C(/N=C/c1ccc(Cl)cc1Cl)c1ccccc1*CCS*O=P1(O)Oc2c([Si](c3ccccc3)(c3ccccc3)c3ccccc3)cc3c(c2-c2c4c(cc([Si](c5ccccc5)(c5ccccc5)c5ccccc5)c2O1)CCCC4)CCCC3*CCSC(NC(=O)c1ccccc1)c1ccc(Cl)cc1Cl,,0.023690626,-0.08060963700290114
O=C(/N=C/c1ccc(Cl)cc1Cl)c1ccccc1*CCS*O=P1(O)Oc2c(-c3c(Cl)cc(Cl)cc3Cl)cc3c(c2-c2c4c(cc(-c5c(Cl)cc(Cl)cc5Cl)c2O1)CCCC4)CCCC3*CCSC(NC(=O)c1ccccc1)c1ccc(Cl)cc1Cl,,1.0999599359999999,0.9295285979672475
O=C(/N=C/c1ccc(C(F)(F)F)cc1)c1ccccc1*CCS*O=P1(O)Oc2c([Si](c3ccccc3)(c3ccccc3)c3ccccc3)cc3ccccc3c2-c2c(c([Si](c3ccccc3)(c3ccccc3)c3ccccc3)cc3ccccc23)O1*CCSC(NC(=O)c1ccccc1)c1ccc(C(F)(F)F)cc1,,0.0,-0.009129764785805183
COc1ccc(/C=N/C(=O)c2ccccc2)cc1*COc1ccc(S)cc1*CC(C)c1cc(-c2ccc(C(C)(C)C)cc2)cc(C(C)C)c1-c1cc2ccccc2c2c1OP(=O)(O)Oc1c(-c3c(C(C)C)cc(-c4ccc(C(C)(C)C)cc4)cc3C(C)C)cc3ccccc3c1-2*COc1ccc(SC(NC(=O)c2ccccc2)c2ccc(OC)cc2)cc1,,3.134624572,2.1823260314480897
O=C(/N=C/c1ccc(C(F)(F)F)cc1)c1ccccc1*COc1ccc(S)cc1*Cc1ccc(-c2cc3ccccc3c3c2OP(=O)(O)Oc2c(-c4ccc(C)cc4)cc4ccccc4c2-3)cc1*COc1ccc(SC(NC(=O)c2ccccc2)c2ccc(C(F)(F)F)cc2)cc1,,1.125722444,1.2055258530693838
O=C(/N=C/c1cccc2ccccc12)c1ccccc1*Cc1ccccc1S*O=P1(O)Oc2c(-c3c(Cl)cc(Cl)cc3Cl)cc3c(c2-c2c4c(cc(-c5c(Cl)cc(Cl)cc5Cl)c2O1)CCCC4)CCCC3*Cc1ccccc1SC(NC(=O)c1ccccc1)c1cccc2ccccc12,,2.058499317,1.8154985237880241
O=C(/N=C/c1ccc(C(F)(F)F)cc1)c1ccccc1*Cc1ccccc1S*CCOc1ccc(C)cc1-c1cc2ccccc2c2c1OP(=O)(O)Oc1c(-c3cc(C)ccc3OCC)cc3ccccc3c1-2*Cc1ccccc1SC(NC(=O)c1ccccc1)c1ccc(C(F)(F)F)cc1,,1.238109014,1.5607535615633217
O=C(/N=C/c1ccc(C(F)(F)F)cc1)c1ccccc1*COc1ccc(S)cc1*O=P1(O)Oc2c(-c3cc(-c4cc(C(F)(F)F)cc(C(F)(F)F)c4)cc(-c4cc(C(F)(F)F)cc(C(F)(F)F)c4)c3)cc3ccccc3c2-c2c(c(-c3cc(-c4cc(C(F)(F)F)cc(C(F)(F)F)c4)cc(-c4cc(C(F)(F)F)cc(C(F)(F)F)c4)c3)cc3ccccc23)O1*COc1ccc(SC(NC(=O)c2ccccc2)c2ccc(C(F)(F)F)cc2)cc1,,1.370103771,1.4082679143232624
O=C(/N=C/c1ccc(C(F)(F)F)cc1)c1ccccc1*SC1CCCCC1*O=P1(O)Oc2c(-c3c(C4CCCCC4)cc(C4CCCCC4)cc3C3CCCCC3)cc3ccccc3c2-c2c(c(-c3c(C4CCCCC4)cc(C4CCCCC4)cc3C3CCCCC3)cc3ccccc23)O1*O=C(NC(SC1CCCCC1)c1ccc(C(F)(F)F)cc1)c1ccccc1,,2.304684113,1.736853502952621
O=C(/N=C/c1cccc2ccccc12)c1ccccc1*COc1ccc(S)cc1*CCc1cc2c(c3c1OP(=O)(O)Oc1c(CC)cc4c(c1-3)CCCC4)CCCC2*COc1ccc(SC(NC(=O)c2ccccc2)c2cccc3ccccc23)cc1,,0.340722979,0.3551113565316121
COc1ccc(/C=N/C(=O)c2ccccc2)cc1*COc1ccc(S)cc1*O=P1(O)Oc2c(-c3c4ccccc4c(-c4ccc5ccccc5c4)c4ccccc34)cc3ccccc3c2-c2c(c(-c3c4ccccc4c(-c4ccc5ccccc5c4)c4ccccc34)cc3ccccc23)O1*COc1ccc(SC(NC(=O)c2ccccc2)c2ccc(OC)cc2)cc1,,2.304684113,1.9528673097807503
O=C(/N=C/c1ccccc1)c1ccccc1*Sc1ccccc1*Cc1cc(C)c(-c2cc(-c3cc4c(c5c3OP(=O)(O)Oc3c(-c6cc(-c7c(C)cc(C)cc7C)cc(-c7c(C)cc(C)cc7C)c6)cc6c(c3-5)CCCC6)CCCC4)cc(-c3c(C)cc(C)cc3C)c2)c(C)c1*O=C(NC(Sc1ccccc1)c1ccccc1)c1ccccc1,,1.629422542,1.7838758054980133
O=C(/N=C/c1ccc(C(F)(F)F)cc1)c1ccccc1*Cc1ccccc1S*O=P1(O)Oc2c([Si](c3ccccc3)(c3ccccc3)c3ccccc3)cc3ccccc3c2-c2c(c([Si](c3ccccc3)(c3ccccc3)c3ccccc3)cc3ccccc23)O1*Cc1ccccc1SC(NC(=O)c1ccccc1)c1ccc(C(F)(F)F)cc1,,0.191142101,0.2707419629491876
O=C(/N=C/c1cccc2ccccc12)c1ccccc1*SC1CCCCC1*O=P1(O)Oc2c(-c3cccc(-c4ccc5ccccc5c4)c3)cc3ccccc3c2-c2c(c(-c3cccc(-c4ccc5ccccc5c4)c3)cc3ccccc23)O1*O=C(NC(SC1CCCCC1)c1cccc2ccccc12)c1ccccc1,,0.589002233,0.7037547447096358
O=C(/N=C/c1cccc2ccccc12)c1ccccc1*COc1ccc(S)cc1*CC(C)c1cc(C(C)C)c(-c2cc3ccccc3c3c2OP(=O)(O)Oc2c(-c4c(C(C)C)cc(C(C)C)cc4C(C)C)cc4ccccc4c2-3)c(C(C)C)c1*COc1ccc(SC(NC(=O)c2ccccc2)c2cccc3ccccc23)cc1,,3.134624572,2.4870197240265712
O=C(/N=C/c1ccc(Cl)cc1Cl)c1ccccc1*Cc1ccccc1S*COc1ccc(-c2cc3ccccc3c3c2OP(=O)(O)Oc2c(-c4ccc(OC)cc4)cc4ccccc4c2-3)cc1*Cc1ccccc1SC(NC(=O)c1ccccc1)c1ccc(Cl)cc1Cl,,1.074990526,1.263674840416704
O=C(/N=C/c1ccc(Cl)cc1Cl)c1ccccc1*Sc1ccccc1*O=P1(O)Oc2c([Si](c3ccccc3)(c3ccccc3)c3ccccc3)cc3c(c2-c2c4c(cc([Si](c5ccccc5)(c5ccccc5)c5ccccc5)c2O1)CCCC4)CCCC3*O=C(NC(Sc1ccccc1)c1ccc(Cl)cc1Cl)c1ccccc1,,0.09495278,0.2259937351235718
O=C(/N=C/c1ccc(Cl)cc1Cl)c1ccccc1*SC1CCCCC1*CCc1cc2c(c3c1OP(=O)(O)Oc1c(CC)cc4c(c1-3)CCCC4)CCCC2*O=C(NC(SC1CCCCC1)c1ccc(Cl)cc1Cl)c1ccccc1,,0.047400225,0.07474401949832954
COc1ccc(/C=N/C(=O)c2ccccc2)cc1*Cc1ccccc1S*O=P1(O)Oc2c(-c3c4ccccc4c(-c4ccc5ccccc5c4)c4ccccc34)cc3ccccc3c2-c2c(c(-c3c4ccccc4c(-c4ccc5ccccc5c4)c4ccccc34)cc3ccccc23)O1*COc1ccc(C(NC(=O)c2ccccc2)Sc2ccccc2C)cc1,,3.134624572,1.9519670572076917
COc1ccc(/C=N/C(=O)c2ccccc2)cc1*COc1ccc(S)cc1*CCOc1ccc(C)cc1-c1cc2ccccc2c2c1OP(=O)(O)Oc1c(-c3cc(C)ccc3OCC)cc3ccccc3c1-2*COc1ccc(SC(NC(=O)c2ccccc2)c2ccc(OC)cc2)cc1,,1.743657522,1.4788437405551424
O=C(/N=C/c1ccc(C(F)(F)F)cc1)c1ccccc1*Cc1ccccc1S*O=P1(O)Oc2c(Br)cc3ccccc3c2-c2c(c(Br)cc3ccccc23)O1*Cc1ccccc1SC(NC(=O)c1ccccc1)c1ccc(C(F)(F)F)cc1,,0.289903935,0.4799131749947051
O=C(/N=C/c1ccc(C(F)(F)F)cc1)c1ccccc1*CCS*COCc1cccc(-c2cc3c(c4c2OP(=O)(O)Oc2c(-c5cccc(COC)c5)cc5c(c2-4)CCCC5)CCCC3)c1*CCSC(NC(=O)c1ccccc1)c1ccc(C(F)(F)F)cc1,,0.5302345,0.5557722760080105
O=C(/N=C/c1ccc(C(F)(F)F)cc1)c1ccccc1*COc1ccc(S)cc1*O=P1(O)Oc2c(-c3ccc(C4CCCCC4)cc3)cc3c(c2-c2c4c(cc(-c5ccc(C6CCCCC6)cc5)c2O1)CCCC4)CCCC3*COc1ccc(SC(NC(=O)c2ccccc2)c2ccc(C(F)(F)F)cc2)cc1,,1.125722444,1.5132700939020234
COc1ccc(/C=N/C(=O)c2ccccc2)cc1*Cc1ccccc1S*COCc1cccc(-c2cc3c(c4c2OP(=O)(O)Oc2c(-c5cccc(COC)c5)cc5c(c2-4)CCCC5)CCCC3)c1*COc1ccc(C(NC(=O)c2ccccc2)Sc2ccccc2C)cc1,,1.3011671120000001,1.0315539969330052
O=C(/N=C/c1ccccc1)c1ccccc1*Sc1ccccc1*O=P1(O)Oc2c([Si](c3ccccc3)(c3ccccc3)c3ccccc3)cc3ccccc3c2-c2c(c([Si](c3ccccc3)(c3ccccc3)c3ccccc3)cc3ccccc23)O1*O=C(NC(Sc1ccccc1)c1ccccc1)c1ccccc1,,0.240111033,0.2673704540924401
O=C(/N=C/c1ccc(C(F)(F)F)cc1)c1ccccc1*CCS*O=P1(O)Oc2c(-c3cc(-c4cc(C(F)(F)F)cc(C(F)(F)F)c4)cc(-c4cc(C(F)(F)F)cc(C(F)(F)F)c4)c3)cc3ccccc3c2-c2c(c(-c3cc(-c4cc(C(F)(F)F)cc(C(F)(F)F)c4)cc(-c4cc(C(F)(F)F)cc(C(F)(F)F)c4)c3)cc3ccccc23)O1*CCSC(NC(=O)c1ccccc1)c1ccc(C(F)(F)F)cc1,,0.749510758,0.723781248608007
COc1ccc(/C=N/C(=O)c2ccccc2)cc1*Cc1ccccc1S*O=P1(O)Oc2c(-c3ccc(S(F)(F)(F)(F)F)cc3)cc3ccccc3c2-c2c(c(-c3ccc(S(F)(F)(F)(F)F)cc3)cc3ccccc23)O1*COc1ccc(C(NC(=O)c2ccccc2)Sc2ccccc2C)cc1,,1.17989059,1.1625614393763959
O=C(/N=C/c1ccc(Cl)cc1Cl)c1ccccc1*Sc1ccccc1*CC(C)(C)c1cc(-c2cc3ccccc3c3c2OP(=O)(O)Oc2c(-c4cc(C(C)(C)C)cc(C(C)(C)C)c4)cc4ccccc4c2-3)cc(C(C)(C)C)c1*O=C(NC(Sc1ccccc1)c1ccc(Cl)cc1Cl)c1ccccc1,,1.238109014,1.5184230270417398
O=C(/N=C/c1ccc(Cl)cc1Cl)c1ccccc1*CCS*O=P1(O)Oc2c(-c3ccc4ccc5cccc6ccc3c4c56)cc3ccccc3c2-c2c(c(-c3ccc4ccc5cccc6ccc3c4c56)cc3ccccc23)O1*CCSC(NC(=O)c1ccccc1)c1ccc(Cl)cc1Cl,,0.44637361600000003,0.9790474683389448
O=C(/N=C/c1ccc(Cl)cc1Cl)c1ccccc1*Cc1ccccc1S*O=P1(O)Oc2c(Cc3ccc(C(F)(F)F)cc3C(F)(F)F)cc3ccccc3c2-c2c(c(Cc3ccc(C(F)(F)F)cc3C(F)(F)F)cc3ccccc23)O1*Cc1ccccc1SC(NC(=O)c1ccccc1)c1ccc(Cl)cc1Cl,,0.240111033,0.46042884452884886
O=C(/N=C/c1cccc2ccccc12)c1ccccc1*CCS*O=P1(O)Oc2c(-c3c(Cl)cc(Cl)cc3Cl)cc3c(c2-c2c4c(cc(-c5c(Cl)cc(Cl)cc5Cl)c2O1)CCCC4)CCCC3*CCSC(NC(=O)c1ccccc1)c1cccc2ccccc12,,0.839627562,0.9654944033191436
COc1ccc(/C=N/C(=O)c2ccccc2)cc1*CCS*Cc1cc(-c2cc3ccccc3c3c2OP(=O)(O)Oc2c(-c4cc(C)c(OC(C)C)c(C)c4)cc4ccccc4c2-3)cc(C)c1OC(C)C*CCSC(NC(=O)c1ccccc1)c1ccc(OC)cc1,,0.39279399600000003,0.716725312325695
O=C(/N=C/c1cccc2ccccc12)c1ccccc1*CCS*COCc1cccc(-c2cc3c(c4c2OP(=O)(O)Oc2c(-c5cccc(COC)c5)cc5c(c2-4)CCCC5)CCCC3)c1*CCSC(NC(=O)c1ccccc1)c1cccc2ccccc12,,0.473819986,0.5019286217880847
O=C(/N=C/c1ccccc1)c1ccccc1*Cc1ccccc1S*Cc1cc(C)c(-c2cc3ccccc3c3c2OP(=O)(O)Oc2c(-c4c(C)cc(C)cc4C)cc4ccccc4c2-3)c(C)c1*Cc1ccccc1SC(NC(=O)c1ccccc1)c1ccccc1,,2.058499317,1.7018481990423648
O=C(/N=C/c1cccc2ccccc12)c1ccccc1*CCS*O=P1(O)Oc2c(-c3c4ccccc4c(-c4ccc5ccccc5c4)c4ccccc34)cc3ccccc3c2-c2c(c(-c3c4ccccc4c(-c4ccc5ccccc5c4)c4ccccc34)cc3ccccc23)O1*CCSC(NC(=O)c1ccccc1)c1cccc2ccccc12,,1.074990526,1.186885765446091
O=C(/N=C/c1cccc2ccccc12)c1ccccc1*CCS*O=P1(O)Oc2c(-c3cc(C(F)(F)F)cc(C(F)(F)F)c3)cc3c(c2-c2c4c(cc(-c5cc(C(F)(F)F)cc(C(F)(F)F)c5)c2O1)CCCC4)CCCC3*CCSC(NC(=O)c1ccccc1)c1cccc2ccccc12,,0.44637361600000003,0.5247755086579983
O=C(/N=C/c1ccc(C(F)(F)F)cc1)c1ccccc1*CCS*O=P1(O)Oc2c(-c3c(C4CCCCC4)cc(C4CCCCC4)cc3C3CCCCC3)cc3ccccc3c2-c2c(c(-c3c(C4CCCCC4)cc(C4CCCCC4)cc3C3CCCCC3)cc3ccccc23)O1*CCSC(NC(=O)c1ccccc1)c1ccc(C(F)(F)F)cc1,,1.531802956,1.7106697790130734
O=C(/N=C/c1cccc2ccccc12)c1ccccc1*COc1ccc(S)cc1*O=P1(O)Oc2c(-c3ccccc3)cc3ccccc3c2-c2c(c(-c3ccccc3)cc3ccccc23)O1*COc1ccc(SC(NC(=O)c2ccccc2)c2cccc3ccccc23)cc1,,1.074990526,1.151315774202169
O=C(/N=C/c1cccc2ccccc12)c1ccccc1*Cc1ccccc1S*Cc1cc(C)c(-c2cc3ccccc3c3c2OP(=O)(O)Oc2c(-c4c(C)cc(C)cc4C)cc4ccccc4c2-3)c(C)c1*Cc1ccccc1SC(NC(=O)c1ccccc1)c1cccc2ccccc12,,2.058499317,1.8036499526526515
O=C(/N=C/c1ccc(Cl)cc1Cl)c1ccccc1*Cc1ccccc1S*O=P1(O)Oc2c(-c3ccccc3-c3ccc4ccccc4c3)cc3c(c2-c2c4c(cc(-c5ccccc5-c5ccc6ccccc6c5)c2O1)CCCC4)CCCC3*Cc1ccccc1SC(NC(=O)c1ccccc1)c1ccc(Cl)cc1Cl,,1.370103771,1.6236947285542438
O=C(/N=C/c1ccc(C(F)(F)F)cc1)c1ccccc1*Cc1ccccc1S*O=P1(O)Oc2c(-c3cc(C(F)(F)F)cc(C(F)(F)F)c3)cc3ccccc3c2-c2c(c(-c3cc(C(F)(F)F)cc(C(F)(F)F)c3)cc3ccccc23)O1*Cc1ccccc1SC(NC(=O)c1ccccc1)c1ccc(C(F)(F)F)cc1,,1.268975128,1.2002376847862761
O=C(/N=C/c1ccc(C(F)(F)F)cc1)c1ccccc1*COc1ccc(S)cc1*COc1ccc(-c2cc3ccccc3c3c2OP(=O)(O)Oc2c(-c4ccc(OC)cc4)cc4ccccc4c2-3)cc1*COc1ccc(SC(NC(=O)c2ccccc2)c2ccc(C(F)(F)F)cc2)cc1,,1.3011671120000001,1.2345367501882347
O=C(/N=C/c1ccc(C(F)(F)F)cc1)c1ccccc1*Sc1ccccc1*O=P1(O)Oc2c(-c3c(Cl)cc(Cl)cc3Cl)cc3c(c2-c2c4c(cc(-c5c(Cl)cc(Cl)cc5Cl)c2O1)CCCC4)CCCC3*O=C(NC(Sc1ccccc1)c1ccc(C(F)(F)F)cc1)c1ccccc1,,1.578863981,1.7917120087268636
O=C(/N=C/c1ccc(Cl)cc1Cl)c1ccccc1*Cc1ccccc1S*O=P1(O)Oc2c(-c3c(Cl)cc(Cl)cc3Cl)cc3c(c2-c2c4c(cc(-c5c(Cl)cc(Cl)cc5Cl)c2O1)CCCC4)CCCC3*Cc1ccccc1SC(NC(=O)c1ccccc1)c1ccc(Cl)cc1Cl,,1.882001124,1.7638250427288993
O=C(/N=C/c1cccc2ccccc12)c1ccccc1*Sc1ccccc1*CC(C)c1cc(C(C)C)c(-c2cc3ccccc3c3c2OP(=O)(O)Oc2c(-c4c(C(C)C)cc(C(C)C)cc4C(C)C)cc4ccccc4c2-3)c(C(C)C)c1*O=C(NC(Sc1ccccc1)c1cccc2ccccc12)c1ccccc1,,2.721168735,2.5837166828974114
O=C(/N=C/c1cccc2ccccc12)c1ccccc1*Sc1ccccc1*O=P1(O)Oc2c([Si](c3ccccc3)(c3ccccc3)c3ccccc3)cc3ccccc3c2-c2c(c([Si](c3ccccc3)(c3ccccc3)c3ccccc3)cc3ccccc23)O1*O=C(NC(Sc1ccccc1)c1cccc2ccccc12)c1ccccc1,,0.191142101,0.2815724581299103
COc1ccc(/C=N/C(=O)c2ccccc2)cc1*CCS*COc1ccc(-c2cc3ccccc3c3c2OP(=O)(O)Oc2c(-c4ccc(OC)cc4)cc4ccccc4c2-3)cc1*CCSC(NC(=O)c1ccccc1)c1ccc(OC)cc1,,0.44637361600000003,0.5623484973889697
O=C(/N=C/c1cccc2ccccc12)c1ccccc1*CCS*O=P1(O)Oc2c(-c3cc(-c4cc(C(F)(F)F)cc(C(F)(F)F)c4)cc(-c4cc(C(F)(F)F)cc(C(F)(F)F)c4)c3)cc3ccccc3c2-c2c(c(-c3cc(-c4cc(C(F)(F)F)cc(C(F)(F)F)c4)cc(-c4cc(C(F)(F)F)cc(C(F)(F)F)c4)c3)cc3ccccc23)O1*CCSC(NC(=O)c1ccccc1)c1cccc2ccccc12,,0.44637361600000003,0.6705637160316267
O=C(/N=C/c1ccc(C(F)(F)F)cc1)c1ccccc1*COc1ccc(S)cc1*Cc1cc(C)c(-c2cc3ccccc3c3c2OP(=O)(O)Oc2c(-c4c(C)cc(C)cc4C)cc4ccccc4c2-3)c(C)c1*COc1ccc(SC(NC(=O)c2ccccc2)c2ccc(C(F)(F)F)cc2)cc1,,2.304684113,1.6958535456791692
O=C(/N=C/c1cccc2ccccc12)c1ccccc1*SC1CCCCC1*CC(C)(C)c1cc(-c2cc3c(c4c2OP(=O)(O)Oc2c(-c5cc(C(C)(C)C)cc(C(C)(C)C)c5)cc5c(c2-4)CCCC5)CCCC3)cc(C(C)(C)C)c1*O=C(NC(SC1CCCCC1)c1cccc2ccccc12)c1ccccc1,,0.619408639,0.6908332069457036
O=C(/N=C/c1ccc(C(F)(F)F)cc1)c1ccccc1*Sc1ccccc1*O=P1(O)Oc2c(-c3ccc4ccc5cccc6ccc3c4c56)cc3ccccc3c2-c2c(c(-c3ccc4ccc5cccc6ccc3c4c56)cc3ccccc23)O1*O=C(NC(Sc1ccccc1)c1ccc(C(F)(F)F)cc1)c1ccccc1,,1.743657522,1.9042999504638813
