rxn,Output
O=P1(O)Oc2c(-c3c4ccccc4cc4ccccc34)cc3ccccc3c2-c2c(c(-c3c4ccccc4cc4ccccc34)cc3ccccc23)O1*O=C(/N=C/c1cccc2ccccc12)c1ccccc1*COc1ccc(S)cc1,1.882001124
CC(C)(C)c1cc(-c2cc3c(c4c2OP(=O)(O)Oc2c(-c5cc(C(C)(C)C)cc(C(C)(C)C)c5)cc5c(c2-4)CCCC5)CCCC3)cc(C(C)(C)C)c1*O=C(/N=C/c1ccc(C(F)(F)F)cc1)c1ccccc1*CCS,1.301167112
O=P1(O)Oc2c(-c3c4ccccc4cc4ccccc34)cc3ccccc3c2-c2c(c(-c3c4ccccc4cc4ccccc34)cc3ccccc23)O1*O=C(/N=C/c1ccc(Cl)cc1Cl)c1ccccc1*Sc1ccccc1,1.301167112
Cc1ccc(-c2cc3ccccc3c3c2OP(=O)(O)Oc2c(-c4ccc(C)cc4)cc4ccccc4c2-3)cc1*O=C(/N=C/c1ccc(Cl)cc1Cl)c1ccccc1*CCS,0.650583556
O=P1(O)Oc2c(-c3c(Cl)cc(Cl)cc3Cl)cc3c(c2-c2c4c(cc(-c5c(Cl)cc(Cl)cc5Cl)c2O1)CCCC4)CCCC3*O=C(/N=C/c1ccc(C(F)(F)F)cc1)c1ccccc1*Sc1ccccc1,1.578863981
COc1cccc(OC)c1-c1cc2ccccc2c2c1OP(=O)(O)Oc1c(-c3c(OC)cccc3OC)cc3ccccc3c1-2*COc1ccc(/C=N/C(=O)c2ccccc2)cc1*SC1CCCCC1,1.370103771
O=P1(O)Oc2c(-c3ccc(S(F)(F)(F)(F)F)cc3)cc3ccccc3c2-c2c(c(-c3ccc(S(F)(F)(F)(F)F)cc3)cc3ccccc23)O1*O=C(/N=C/c1ccc(Cl)cc1Cl)c1ccccc1*COc1ccc(S)cc1,1.074990526
O=P1(O)Oc2c([Si](c3ccccc3)(c3ccccc3)c3ccccc3)cc3ccccc3c2-c2c(c([Si](c3ccccc3)(c3ccccc3)c3ccccc3)cc3ccccc23)O1*O=C(/N=C/c1cccc2ccccc12)c1ccccc1*CCS,0.023690626
O=P1(O)Oc2c(-c3c4ccccc4cc4ccccc34)cc3ccccc3c2-c2c(c(-c3c4ccccc4cc4ccccc34)cc3ccccc23)O1*O=C(/N=C/c1ccc(Cl)cc1Cl)c1ccccc1*COc1ccc(S)cc1,1.743657522
O=P1(O)Oc2c(Br)cc3ccccc3c2-c2c(c(Br)cc3ccccc23)O1*O=C(/N=C/c1ccc(C(F)(F)F)cc1)c1ccccc1*Sc1ccccc1,0.366586769
O=P1(O)Oc2c(-c3ccc4ccc5cccc6ccc3c4c56)cc3ccccc3c2-c2c(c(-c3ccc4ccc5cccc6ccc3c4c56)cc3ccccc23)O1*O=C(/N=C/c1ccccc1)c1ccccc1*CCS,0.559297578
O=P1(O)Oc2c(-c3ccc(-c4ccc5ccccc5c4)cc3)cc3ccccc3c2-c2c(c(-c3ccc(-c4ccc5ccccc5c4)cc3)cc3ccccc23)O1*O=C(/N=C/c1ccc(Cl)cc1Cl)c1ccccc1*SC1CCCCC1,0.650583556
O=P1(O)Oc2c([Si](c3ccccc3)(c3ccccc3)c3ccccc3)cc3ccccc3c2-c2c(c([Si](c3ccccc3)(c3ccccc3)c3ccccc3)cc3ccccc23)O1*O=C(/N=C/c1ccc(Cl)cc1Cl)c1ccccc1*CCS,0.023690626
Cc1cc(-c2cc3ccccc3c3c2OP(=O)(O)Oc2c(-c4cc(C)c(OC(C)C)c(C)c4)cc4ccccc4c2-3)cc(C)c1OC(C)C*O=C(/N=C/c1cccc2ccccc12)c1ccccc1*COc1ccc(S)cc1,1.17989059
Cc1cc(-c2cc3ccccc3c3c2OP(=O)(O)Oc2c(-c4cc(C)c(OC(C)C)c(C)c4)cc4ccccc4c2-3)cc(C)c1OC(C)C*O=C(/N=C/c1ccc(C(F)(F)F)cc1)c1ccccc1*Sc1ccccc1,1.370103771
O=P1(O)Oc2c(Br)cc3c(c2-c2c4c(cc(Br)c2O1)CCCC4)CCCC3*O=C(/N=C/c1ccc(C(F)(F)F)cc1)c1ccccc1*COc1ccc(S)cc1,0.240111033
Cc1cc(C)c(-c2cc3ccccc3c3c2OP(=O)(O)Oc2c(-c4c(C)cc(C)cc4C)cc4ccccc4c2-3)c(C)c1*O=C(/N=C/c1ccc(C(F)(F)F)cc1)c1ccccc1*Sc1ccccc1,1.531802956
O=P1(O)Oc2c(-c3ccc(C4CCCCC4)cc3)cc3c(c2-c2c4c(cc(-c5ccc(C6CCCCC6)cc5)c2O1)CCCC4)CCCC3*O=C(/N=C/c1cccc2ccccc12)c1ccccc1*Cc1ccccc1S,1.17989059
CCOc1ccc(C)cc1-c1cc2ccccc2c2c1OP(=O)(O)Oc1c(-c3cc(C)ccc3OCC)cc3ccccc3c1-2*COc1ccc(/C=N/C(=O)c2ccccc2)cc1*Sc1ccccc1,1.531802956
O=P1(O)Oc2c(-c3c(C4CCCCC4)cc(C4CCCCC4)cc3C3CCCCC3)cc3ccccc3c2-c2c(c(-c3c(C4CCCCC4)cc(C4CCCCC4)cc3C3CCCCC3)cc3ccccc23)O1*O=C(/N=C/c1ccc(Cl)cc1Cl)c1ccccc1*CCS,1.17989059
Cc1cc(C)c(-c2cc(-c3cc4c(c5c3OP(=O)(O)Oc3c(-c6cc(-c7c(C)cc(C)cc7C)cc(-c7c(C)cc(C)cc7C)c6)cc6c(c3-5)CCCC6)CCCC4)cc(-c3c(C)cc(C)cc3C)c2)c(C)c1*O=C(/N=C/c1ccccc1)c1ccccc1*Sc1ccccc1,1.629422542
Cc1ccc(-c2cc3ccccc3c3c2OP(=O)(O)Oc2c(-c4ccc(C)cc4)cc4ccccc4c2-3)cc1*O=C(/N=C/c1ccc(C(F)(F)F)cc1)c1ccccc1*Cc1ccccc1S,1.301167112
O=P1(O)Oc2c(Br)cc3ccccc3c2-c2c(c(Br)cc3ccccc23)O1*O=C(/N=C/c1ccccc1)c1ccccc1*Cc1ccccc1S,0.340722979
O=P1(O)Oc2c(-c3c4ccccc4cc4ccccc34)cc3ccccc3c2-c2c(c(-c3c4ccccc4cc4ccccc34)cc3ccccc23)O1*COc1ccc(/C=N/C(=O)c2ccccc2)cc1*SC1CCCCC1,1.027207628
CC(C)c1cc(C(C)C)c(-c2cc3ccccc3c3c2OP(=O)(O)Oc2c(-c4c(C(C)C)cc(C(C)C)cc4C(C)C)cc4ccccc4c2-3)c(C(C)C)c1*COc1ccc(/C=N/C(=O)c2ccccc2)cc1*COc1ccc(S)cc1,2.058499317
COc1ccc(-c2cc(-c3ccc(OC)cc3)cc(-c3cc4ccccc4c4c3OP(=O)(O)Oc3c(-c5cc(-c6ccc(OC)cc6)cc(-c6ccc(OC)cc6)c5)cc5ccccc5c3-4)c2)cc1*O=C(/N=C/c1ccc(C(F)(F)F)cc1)c1ccccc1*SC1CCCCC1,0.820945045
O=P1(O)Oc2c(-c3cccc(-c4ccc5ccccc5c4)c3)cc3ccccc3c2-c2c(c(-c3cccc(-c4ccc5ccccc5c4)c3)cc3ccccc23)O1*O=C(/N=C/c1ccccc1)c1ccccc1*CCS,0.559297578
CC(C)(C)c1ccc(-c2cc3ccccc3c3c2OP(=O)(O)Oc2c(-c4ccc(C(C)(C)C)cc4)cc4ccccc4c2-3)cc1*COc1ccc(/C=N/C(=O)c2ccccc2)cc1*Cc1ccccc1S,1.301167112
COc1ccc(-c2cc(-c3ccc(OC)cc3)cc(-c3cc4ccccc4c4c3OP(=O)(O)Oc3c(-c5cc(-c6ccc(OC)cc6)cc(-c6ccc(OC)cc6)c5)cc5ccccc5c3-4)c2)cc1*COc1ccc(/C=N/C(=O)c2ccccc2)cc1*Cc1ccccc1S,1.301167112
O=P1(O)Oc2c(Cc3cc(C(F)(F)F)cc(C(F)(F)F)c3)cc3c(c2-c2c4c(cc(Cc5cc(C(F)(F)F)cc(C(F)(F)F)c5)c2O1)CCCC4)CCCC3*O=C(/N=C/c1ccccc1)c1ccccc1*COc1ccc(S)cc1,0.559297578
O=P1(O)Oc2c(-c3ccc(C4CCCCC4)cc3)cc3c(c2-c2c4c(cc(-c5ccc(C6CCCCC6)cc5)c2O1)CCCC4)CCCC3*COc1ccc(/C=N/C(=O)c2ccccc2)cc1*SC1CCCCC1,0.650583556
CC(C)c1cc(-c2ccc(C(C)(C)C)cc2)cc(C(C)C)c1-c1cc2ccccc2c2c1OP(=O)(O)Oc1c(-c3c(C(C)C)cc(-c4ccc(C(C)(C)C)cc4)cc3C(C)C)cc3ccccc3c1-2*O=C(/N=C/c1ccc(C(F)(F)F)cc1)c1ccccc1*CCS,1.17989059
COc1ccc(-c2cc3ccccc3c3c2OP(=O)(O)Oc2c(-c4ccc(OC)cc4)cc4ccccc4c2-3)cc1*O=C(/N=C/c1ccc(Cl)cc1Cl)c1ccccc1*COc1ccc(S)cc1,1.027207628
CCc1cc2c(c3c1OP(=O)(O)Oc1c(CC)cc4c(c1-3)CCCC4)CCCC2*COc1ccc(/C=N/C(=O)c2ccccc2)cc1*COc1ccc(S)cc1,0.289903935
O=P1(O)Oc2c(-c3c(C4CCCCC4)cc(C4CCCCC4)cc3C3CCCCC3)cc3ccccc3c2-c2c(c(-c3c(C4CCCCC4)cc(C4CCCCC4)cc3C3CCCCC3)cc3ccccc23)O1*O=C(/N=C/c1ccccc1)c1ccccc1*SC1CCCCC1,1.531802956
O=P1(O)Oc2c(-c3ccc(S(F)(F)(F)(F)F)cc3)cc3ccccc3c2-c2c(c(-c3ccc(S(F)(F)(F)(F)F)cc3)cc3ccccc23)O1*O=C(/N=C/c1cccc2ccccc12)c1ccccc1*CCS,0.419377753
Cc1cc(C)c(-c2cc(-c3cc4c(c5c3OP(=O)(O)Oc3c(-c6cc(-c7c(C)cc(C)cc7C)cc(-c7c(C)cc(C)cc7C)c6)cc6c(c3-5)CCCC6)CCCC4)cc(-c3c(C)cc(C)cc3C)c2)c(C)c1*O=C(/N=C/c1ccccc1)c1ccccc1*SC1CCCCC1,0.559297578
C[Si](c1ccccc1)(c1ccccc1)c1cc2ccccc2c2c1OP(=O)(O)Oc1c([Si](C)(c3ccccc3)c3ccccc3)cc3ccccc3c1-2*O=C(/N=C/c1cccc2ccccc12)c1ccccc1*COc1ccc(S)cc1,0.858676701
COc1ccc(-c2cc(-c3ccc(OC)cc3)cc(-c3cc4ccccc4c4c3OP(=O)(O)Oc3c(-c5cc(-c6ccc(OC)cc6)cc(-c6ccc(OC)cc6)c5)cc5ccccc5c3-4)c2)cc1*O=C(/N=C/c1cccc2ccccc12)c1ccccc1*Cc1ccccc1S,1.531802956
COc1ccc(-c2cc3ccccc3c3c2OP(=O)(O)Oc2c(-c4ccc(OC)cc4)cc4ccccc4c2-3)cc1*O=C(/N=C/c1ccc(C(F)(F)F)cc1)c1ccccc1*COc1ccc(S)cc1,1.301167112
CC(C)c1cc(-c2ccc(C(C)(C)C)cc2)cc(C(C)C)c1-c1cc2ccccc2c2c1OP(=O)(O)Oc1c(-c3c(C(C)C)cc(-c4ccc(C(C)(C)C)cc4)cc3C(C)C)cc3ccccc3c1-2*O=C(/N=C/c1ccccc1)c1ccccc1*Sc1ccccc1,3.134624572
CC(C)c1cc(C(C)C)c(-c2cc3ccccc3c3c2OP(=O)(O)Oc2c(-c4c(C(C)C)cc(C(C)C)cc4C(C)C)cc4ccccc4c2-3)c(C(C)C)c1*COc1ccc(/C=N/C(=O)c2ccccc2)cc1*CCS,1.629422542
COc1cccc(OC)c1-c1cc2ccccc2c2c1OP(=O)(O)Oc1c(-c3c(OC)cccc3OC)cc3ccccc3c1-2*O=C(/N=C/c1cccc2ccccc12)c1ccccc1*Sc1ccccc1,1.743657522
COc1ccc(Cc2cc3c(c4c2OP(=O)(O)Oc2c(Cc5ccc(OC)cc5)cc5c(c2-4)CCCC5)CCCC3)cc1*O=C(/N=C/c1ccc(C(F)(F)F)cc1)c1ccccc1*Cc1ccccc1S,0.289903935
COc1cc(F)c(-c2cc3ccccc3c3c2OP(=O)(O)Oc2c(-c4c(F)cc(OC)cc4F)cc4ccccc4c2-3)c(F)c1*O=C(/N=C/c1ccc(Cl)cc1Cl)c1ccccc1*COc1ccc(S)cc1,1.446325365
O=P1(O)Oc2c(-c3cccc(-c4ccc5ccccc5c4)c3)cc3ccccc3c2-c2c(c(-c3cccc(-c4ccc5ccccc5c4)c3)cc3ccccc23)O1*O=C(/N=C/c1ccc(C(F)(F)F)cc1)c1ccccc1*COc1ccc(S)cc1,1.370103771
CC(C)(C)c1ccc([Si](c2ccc(C(C)(C)C)cc2)(c2ccc(C(C)(C)C)cc2)c2cc3c(c4c2OP(=O)(O)Oc2c([Si](c5ccc(C(C)(C)C)cc5)(c5ccc(C(C)(C)C)cc5)c5ccc(C(C)(C)C)cc5)cc5c(c2-4)CCCC5)CCCC3)cc1*O=C(/N=C/c1cccc2ccccc12)c1ccccc1*Cc1ccccc1S,0.07114786
O=P1(O)Oc2c(Br)cc3c(c2-c2c4c(cc(Br)c2O1)CCCC4)CCCC3*O=C(/N=C/c1ccc(Cl)cc1Cl)c1ccccc1*SC1CCCCC1,0.0
O=P1(O)Oc2c(-c3cccc(-c4ccc5ccccc5c4)c3)cc3ccccc3c2-c2c(c(-c3cccc(-c4ccc5ccccc5c4)c3)cc3ccccc23)O1*O=C(/N=C/c1ccc(Cl)cc1Cl)c1ccccc1*Sc1ccccc1,1.17989059
O=P1(O)Oc2c(Br)cc3c(c2-c2c4c(cc(Br)c2O1)CCCC4)CCCC3*O=C(/N=C/c1ccc(Cl)cc1Cl)c1ccccc1*CCS,0.0
COc1ccc(-c2cc3ccccc3c3c2OP(=O)(O)Oc2c(-c4ccc(OC)cc4)cc4ccccc4c2-3)cc1*COc1ccc(/C=N/C(=O)c2ccccc2)cc1*SC1CCCCC1,0.5302345
O=P1(O)Oc2c(-c3ccc4ccc5cccc6ccc3c4c56)cc3ccccc3c2-c2c(c(-c3ccc4ccc5cccc6ccc3c4c56)cc3ccccc23)O1*O=C(/N=C/c1ccc(Cl)cc1Cl)c1ccccc1*SC1CCCCC1,0.820945045
O=P1(O)Oc2c(Br)cc3c(c2-c2c4c(cc(Br)c2O1)CCCC4)CCCC3*O=C(/N=C/c1cccc2ccccc12)c1ccccc1*Cc1ccccc1S,0.166908496
O=P1(O)Oc2c(-c3ccc(C4CCCCC4)cc3)cc3c(c2-c2c4c(cc(-c5ccc(C6CCCCC6)cc5)c2O1)CCCC4)CCCC3*O=C(/N=C/c1ccc(C(F)(F)F)cc1)c1ccccc1*CCS,0.5302345
O=P1(O)Oc2c(-c3c4ccccc4cc4ccccc34)cc3ccccc3c2-c2c(c(-c3c4ccccc4cc4ccccc34)cc3ccccc23)O1*O=C(/N=C/c1cccc2ccccc12)c1ccccc1*Cc1ccccc1S,2.304684113
Cc1ccc(-c2cc3ccccc3c3c2OP(=O)(O)Oc2c(-c4ccc(C)cc4)cc4ccccc4c2-3)cc1*O=C(/N=C/c1ccc(Cl)cc1Cl)c1ccccc1*Cc1ccccc1S,1.027207628
COCc1cccc(-c2cc3ccccc3c3c2OP(=O)(O)Oc2c(-c4cccc(COC)c4)cc4ccccc4c2-3)c1*COc1ccc(/C=N/C(=O)c2ccccc2)cc1*COc1ccc(S)cc1,1.446325365
O=P1(O)Oc2c(Br)cc3ccccc3c2-c2c(c(Br)cc3ccccc23)O1*COc1ccc(/C=N/C(=O)c2ccccc2)cc1*Sc1ccccc1,0.166908496
O=P1(O)Oc2c(-c3cc(-c4cc(C(F)(F)F)cc(C(F)(F)F)c4)cc(-c4cc(C(F)(F)F)cc(C(F)(F)F)c4)c3)cc3ccccc3c2-c2c(c(-c3cc(-c4cc(C(F)(F)F)cc(C(F)(F)F)c4)cc(-c4cc(C(F)(F)F)cc(C(F)(F)F)c4)c3)cc3ccccc23)O1*O=C(/N=C/c1ccc(C(F)(F)F)cc1)c1ccccc1*CCS,0.749510758
O=P1(O)Oc2c(Cc3cc(C(F)(F)F)cc(C(F)(F)F)c3)cc3c(c2-c2c4c(cc(Cc5cc(C(F)(F)F)cc(C(F)(F)F)c5)c2O1)CCCC4)CCCC3*O=C(/N=C/c1ccccc1)c1ccccc1*SC1CCCCC1,-0.118834511
O=P1(O)Oc2c(-c3ccc(C4CCCCC4)cc3)cc3c(c2-c2c4c(cc(-c5ccc(C6CCCCC6)cc5)c2O1)CCCC4)CCCC3*O=C(/N=C/c1ccc(Cl)cc1Cl)c1ccccc1*CCS,0.619408639
O=P1(O)Oc2c(Cc3ccc(C(F)(F)F)cc3C(F)(F)F)cc3ccccc3c2-c2c(c(Cc3ccc(C(F)(F)F)cc3C(F)(F)F)cc3ccccc23)O1*O=C(/N=C/c1ccc(Cl)cc1Cl)c1ccccc1*COc1ccc(S)cc1,0.392793996
O=P1(O)Oc2c(-c3ccc(S(F)(F)(F)(F)F)cc3)cc3ccccc3c2-c2c(c(-c3ccc(S(F)(F)(F)(F)F)cc3)cc3ccccc23)O1*O=C(/N=C/c1ccccc1)c1ccccc1*Sc1ccccc1,0.981980567
O=P1(O)Oc2c(-c3ccc(S(F)(F)(F)(F)F)cc3)cc3ccccc3c2-c2c(c(-c3ccc(S(F)(F)(F)(F)F)cc3)cc3ccccc23)O1*O=C(/N=C/c1ccc(C(F)(F)F)cc1)c1ccccc1*COc1ccc(S)cc1,0.981980567
O=P1(O)Oc2c(-c3c4ccccc4c(-c4ccc5ccccc5c4)c4ccccc34)cc3ccccc3c2-c2c(c(-c3c4ccccc4c(-c4ccc5ccccc5c4)c4ccccc34)cc3ccccc23)O1*COc1ccc(/C=N/C(=O)c2ccccc2)cc1*CCS,1.17989059
O=P1(O)Oc2c(-c3ccccc3)cc3ccccc3c2-c2c(c(-c3ccccc3)cc3ccccc23)O1*COc1ccc(/C=N/C(=O)c2ccccc2)cc1*CCS,0.473819986
COc1cc(F)c(-c2cc3ccccc3c3c2OP(=O)(O)Oc2c(-c4c(F)cc(OC)cc4F)cc4ccccc4c2-3)c(F)c1*O=C(/N=C/c1ccccc1)c1ccccc1*CCS,0.981980567
O=P1(O)Oc2c(Br)cc3ccccc3c2-c2c(c(Br)cc3ccccc23)O1*O=C(/N=C/c1ccccc1)c1ccccc1*Sc1ccccc1,0.419377753
CC(C)c1cc(-c2ccc(C(C)(C)C)cc2)cc(C(C)C)c1-c1cc2ccccc2c2c1OP(=O)(O)Oc1c(-c3c(C(C)C)cc(-c4ccc(C(C)(C)C)cc4)cc3C(C)C)cc3ccccc3c1-2*O=C(/N=C/c1ccc(C(F)(F)F)cc1)c1ccccc1*Sc1ccccc1,2.721168735
Cc1cc(-c2cc3ccccc3c3c2OP(=O)(O)Oc2c(-c4cc(C)c(OC(C)C)c(C)c4)cc4ccccc4c2-3)cc(C)c1OC(C)C*O=C(/N=C/c1ccc(Cl)cc1Cl)c1ccccc1*SC1CCCCC1,0.5302345
O=P1(O)Oc2c([Si](c3ccccc3)(c3ccccc3)c3ccccc3)cc3c(c2-c2c4c(cc([Si](c5ccccc5)(c5ccccc5)c5ccccc5)c2O1)CCCC4)CCCC3*O=C(/N=C/c1ccccc1)c1ccccc1*SC1CCCCC1,0.047400225
O=P1(O)Oc2c(-c3c4ccccc4c(-c4ccc5ccccc5c4)c4ccccc34)cc3ccccc3c2-c2c(c(-c3c4ccccc4c(-c4ccc5ccccc5c4)c4ccccc34)cc3ccccc23)O1*O=C(/N=C/c1ccccc1)c1ccccc1*Sc1ccccc1,2.304684113
O=P1(O)Oc2c(Cc3cc(C(F)(F)F)cc(C(F)(F)F)c3)cc3c(c2-c2c4c(cc(Cc5cc(C(F)(F)F)cc(C(F)(F)F)c5)c2O1)CCCC4)CCCC3*O=C(/N=C/c1ccc(Cl)cc1Cl)c1ccccc1*CCS,-0.240111033
Cc1ccc(-c2cc3ccccc3c3c2OP(=O)(O)Oc2c(-c4ccc(C)cc4)cc4ccccc4c2-3)cc1*O=C(/N=C/c1ccccc1)c1ccccc1*Sc1ccccc1,1.238109014
COc1ccc(-c2cc(-c3ccc(OC)cc3)cc(-c3cc4ccccc4c4c3OP(=O)(O)Oc3c(-c5cc(-c6ccc(OC)cc6)cc(-c6ccc(OC)cc6)c5)cc5ccccc5c3-4)c2)cc1*O=C(/N=C/c1ccc(C(F)(F)F)cc1)c1ccccc1*Cc1ccccc1S,1.743657522
COc1cccc(OC)c1-c1cc2ccccc2c2c1OP(=O)(O)Oc1c(-c3c(OC)cccc3OC)cc3ccccc3c1-2*O=C(/N=C/c1cccc2ccccc12)c1ccccc1*COc1ccc(S)cc1,2.058499317
O=P1(O)Oc2c(Cc3ccc(C(F)(F)F)cc3C(F)(F)F)cc3ccccc3c2-c2c(c(Cc3ccc(C(F)(F)F)cc3C(F)(F)F)cc3ccccc23)O1*O=C(/N=C/c1ccc(C(F)(F)F)cc1)c1ccccc1*SC1CCCCC1,-0.083041947
COc1ccc(Cc2cc3c(c4c2OP(=O)(O)Oc2c(Cc5ccc(OC)cc5)cc5c(c2-4)CCCC5)CCCC3)cc1*O=C(/N=C/c1ccc(Cl)cc1Cl)c1ccccc1*Sc1ccccc1,0.366586769
COCc1cccc(-c2cc3ccccc3c3c2OP(=O)(O)Oc2c(-c4cccc(COC)c4)cc4ccccc4c2-3)c1*O=C(/N=C/c1ccc(C(F)(F)F)cc1)c1ccccc1*Cc1ccccc1S,1.370103771
Cc1cc(-c2cc3ccccc3c3c2OP(=O)(O)Oc2c(-c4cc(C)c(OC(C)C)c(C)c4)cc4ccccc4c2-3)cc(C)c1OC(C)C*COc1ccc(/C=N/C(=O)c2ccccc2)cc1*Cc1ccccc1S,1.125722444
CC(C)c1cc(C(C)C)c(-c2cc3ccccc3c3c2OP(=O)(O)Oc2c(-c4c(C(C)C)cc(C(C)C)cc4C(C)C)cc4ccccc4c2-3)c(C(C)C)c1*O=C(/N=C/c1cccc2ccccc12)c1ccccc1*SC1CCCCC1,1.743657522
O=P1(O)Oc2c(-c3ccccc3OC(F)(F)F)cc3ccccc3c2-c2c(c(-c3ccccc3OC(F)(F)F)cc3ccccc23)O1*O=C(/N=C/c1ccc(C(F)(F)F)cc1)c1ccccc1*SC1CCCCC1,0.749510758
O=P1(O)Oc2c(-c3ccccc3OC(F)(F)F)cc3ccccc3c2-c2c(c(-c3ccccc3OC(F)(F)F)cc3ccccc23)O1*O=C(/N=C/c1ccccc1)c1ccccc1*Sc1ccccc1,1.531802956
O=P1(O)Oc2c(Br)cc3ccccc3c2-c2c(c(Br)cc3ccccc23)O1*O=C(/N=C/c1ccc(Cl)cc1Cl)c1ccccc1*SC1CCCCC1,0.0
O=P1(O)Oc2c([Si](c3ccccc3)(c3ccccc3)c3ccccc3)cc3c(c2-c2c4c(cc([Si](c5ccccc5)(c5ccccc5)c5ccccc5)c2O1)CCCC4)CCCC3*O=C(/N=C/c1ccccc1)c1ccccc1*COc1ccc(S)cc1,0.240111033
O=P1(O)Oc2c(-c3ccccc3)cc3ccccc3c2-c2c(c(-c3ccccc3)cc3ccccc23)O1*COc1ccc(/C=N/C(=O)c2ccccc2)cc1*Sc1ccccc1,1.125722444
CC(C)(C)c1ccc([Si](c2ccc(C(C)(C)C)cc2)(c2ccc(C(C)(C)C)cc2)c2cc3c(c4c2OP(=O)(O)Oc2c([Si](c5ccc(C(C)(C)C)cc5)(c5ccc(C(C)(C)C)cc5)c5ccc(C(C)(C)C)cc5)cc5c(c2-4)CCCC5)CCCC3)cc1*O=C(/N=C/c1ccc(Cl)cc1Cl)c1ccccc1*SC1CCCCC1,0.023690626
O=P1(O)Oc2c(-c3ccc(-c4ccc5ccccc5c4)cc3)cc3ccccc3c2-c2c(c(-c3ccc(-c4ccc5ccccc5c4)cc3)cc3ccccc23)O1*O=C(/N=C/c1ccc(C(F)(F)F)cc1)c1ccccc1*COc1ccc(S)cc1,1.301167112
O=P1(O)Oc2c(-c3c(C4CCCCC4)cc(C4CCCCC4)cc3C3CCCCC3)cc3ccccc3c2-c2c(c(-c3c(C4CCCCC4)cc(C4CCCCC4)cc3C3CCCCC3)cc3ccccc23)O1*O=C(/N=C/c1cccc2ccccc12)c1ccccc1*SC1CCCCC1,1.743657522
O=P1(O)Oc2c([Si](c3ccccc3)(c3ccccc3)c3ccccc3)cc3c(c2-c2c4c(cc([Si](c5ccccc5)(c5ccccc5)c5ccccc5)c2O1)CCCC4)CCCC3*COc1ccc(/C=N/C(=O)c2ccccc2)cc1*Sc1ccccc1,0.240111033
O=P1(O)Oc2c(-c3ccc(S(F)(F)(F)(F)F)cc3)cc3ccccc3c2-c2c(c(-c3ccc(S(F)(F)(F)(F)F)cc3)cc3ccccc23)O1*COc1ccc(/C=N/C(=O)c2ccccc2)cc1*Sc1ccccc1,1.238109014
COc1cc(F)c(-c2cc3ccccc3c3c2OP(=O)(O)Oc2c(-c4c(F)cc(OC)cc4F)cc4ccccc4c2-3)c(F)c1*O=C(/N=C/c1cccc2ccccc12)c1ccccc1*SC1CCCCC1,1.027207628
Cc1cc(C)c(-c2cc(-c3cc4c(c5c3OP(=O)(O)Oc3c(-c6cc(-c7c(C)cc(C)cc7C)cc(-c7c(C)cc(C)cc7C)c6)cc6c(c3-5)CCCC6)CCCC4)cc(-c3c(C)cc(C)cc3C)c2)c(C)c1*COc1ccc(/C=N/C(=O)c2ccccc2)cc1*COc1ccc(S)cc1,1.531802956
O=P1(O)Oc2c(-c3ccc(C4CCCCC4)cc3)cc3c(c2-c2c4c(cc(-c5ccc(C6CCCCC6)cc5)c2O1)CCCC4)CCCC3*O=C(/N=C/c1cccc2ccccc12)c1ccccc1*SC1CCCCC1,0.619408639
CCc1cc2c(c3c1OP(=O)(O)Oc1c(CC)cc4c(c1-3)CCCC4)CCCC2*COc1ccc(/C=N/C(=O)c2ccccc2)cc1*SC1CCCCC1,-0.047400225
O=P1(O)Oc2c(-c3ccccc3OC(F)(F)F)cc3ccccc3c2-c2c(c(-c3ccccc3OC(F)(F)F)cc3ccccc23)O1*O=C(/N=C/c1cccc2ccccc12)c1ccccc1*Sc1ccccc1,1.743657522
CC(C)(C)c1cc(-c2cc3c(c4c2OP(=O)(O)Oc2c(-c5cc(C(C)(C)C)cc(C(C)(C)C)c5)cc5c(c2-4)CCCC5)CCCC3)cc(C(C)(C)C)c1*O=C(/N=C/c1cccc2ccccc12)c1ccccc1*COc1ccc(S)cc1,1.446325365
O=P1(O)Oc2c(Br)cc3ccccc3c2-c2c(c(Br)cc3ccccc23)O1*O=C(/N=C/c1ccc(Cl)cc1Cl)c1ccccc1*Sc1ccccc1,0.315171704
O=P1(O)Oc2c([Si](c3ccccc3)(c3ccccc3)c3ccccc3)cc3ccccc3c2-c2c(c([Si](c3ccccc3)(c3ccccc3)c3ccccc3)cc3ccccc23)O1*COc1ccc(/C=N/C(=O)c2ccccc2)cc1*Cc1ccccc1S,0.191142101
CCc1cc2c(c3c1OP(=O)(O)Oc1c(CC)cc4c(c1-3)CCCC4)CCCC2*COc1ccc(/C=N/C(=O)c2ccccc2)cc1*Cc1ccccc1S,0.191142101
O=P1(O)Oc2c(Cc3cc(C(F)(F)F)cc(C(F)(F)F)c3)cc3c(c2-c2c4c(cc(Cc5cc(C(F)(F)F)cc(C(F)(F)F)c5)c2O1)CCCC4)CCCC3*O=C(/N=C/c1ccccc1)c1ccccc1*CCS,-0.366586769
CC(C)(C)c1cc(-c2cc3c(c4c2OP(=O)(O)Oc2c(-c5cc(C(C)(C)C)cc(C(C)(C)C)c5)cc5c(c2-4)CCCC5)CCCC3)cc(C(C)(C)C)c1*O=C(/N=C/c1ccc(C(F)(F)F)cc1)c1ccccc1*COc1ccc(S)cc1,0.619408639
COc1cc(F)c(-c2cc3ccccc3c3c2OP(=O)(O)Oc2c(-c4c(F)cc(OC)cc4F)cc4ccccc4c2-3)c(F)c1*O=C(/N=C/c1ccc(C(F)(F)F)cc1)c1ccccc1*Sc1ccccc1,1.446325365
O=P1(O)Oc2c(-c3ccccc3)cc3ccccc3c2-c2c(c(-c3ccccc3)cc3ccccc23)O1*O=C(/N=C/c1ccc(Cl)cc1Cl)c1ccccc1*Cc1ccccc1S,1.027207628
O=P1(O)Oc2c(Br)cc3ccccc3c2-c2c(c(Br)cc3ccccc23)O1*COc1ccc(/C=N/C(=O)c2ccccc2)cc1*SC1CCCCC1,0.749510758
O=P1(O)Oc2c(-c3ccc(-c4ccc5ccccc5c4)cc3)cc3ccccc3c2-c2c(c(-c3ccc(-c4ccc5ccccc5c4)cc3)cc3ccccc23)O1*O=C(/N=C/c1ccc(Cl)cc1Cl)c1ccccc1*COc1ccc(S)cc1,1.238109014
O=P1(O)Oc2c(Cc3cc(C(F)(F)F)cc(C(F)(F)F)c3)cc3c(c2-c2c4c(cc(Cc5cc(C(F)(F)F)cc(C(F)(F)F)c5)c2O1)CCCC4)CCCC3*COc1ccc(/C=N/C(=O)c2ccccc2)cc1*COc1ccc(S)cc1,0.650583556
O=P1(O)Oc2c(-c3ccccc3)cc3ccccc3c2-c2c(c(-c3ccccc3)cc3ccccc23)O1*O=C(/N=C/c1ccc(Cl)cc1Cl)c1ccccc1*COc1ccc(S)cc1,1.301167112
COc1ccc(Cc2cc3c(c4c2OP(=O)(O)Oc2c(Cc5ccc(OC)cc5)cc5c(c2-4)CCCC5)CCCC3)cc1*O=C(/N=C/c1ccc(Cl)cc1Cl)c1ccccc1*CCS,-0.419377753
O=P1(O)Oc2c(-c3c(Cl)cc(Cl)cc3Cl)cc3c(c2-c2c4c(cc(-c5c(Cl)cc(Cl)cc5Cl)c2O1)CCCC4)CCCC3*O=C(/N=C/c1ccccc1)c1ccccc1*Cc1ccccc1S,1.882001124
COc1cc(F)c(-c2cc3ccccc3c3c2OP(=O)(O)Oc2c(-c4c(F)cc(OC)cc4F)cc4ccccc4c2-3)c(F)c1*O=C(/N=C/c1ccc(C(F)(F)F)cc1)c1ccccc1*COc1ccc(S)cc1,1.370103771
O=P1(O)Oc2c([Si](c3ccccc3)(c3ccccc3)c3ccccc3)cc3c(c2-c2c4c(cc([Si](c5ccccc5)(c5ccccc5)c5ccccc5)c2O1)CCCC4)CCCC3*O=C(/N=C/c1cccc2ccccc12)c1ccccc1*SC1CCCCC1,0.047400225
O=P1(O)Oc2c(-c3ccccc3)cc3ccccc3c2-c2c(c(-c3ccccc3)cc3ccccc23)O1*O=C(/N=C/c1cccc2ccccc12)c1ccccc1*Cc1ccccc1S,1.125722444
O=P1(O)Oc2c([Si](c3ccccc3)(c3ccccc3)c3ccccc3)cc3c(c2-c2c4c(cc([Si](c5ccccc5)(c5ccccc5)c5ccccc5)c2O1)CCCC4)CCCC3*COc1ccc(/C=N/C(=O)c2ccccc2)cc1*COc1ccc(S)cc1,0.191142101
O=P1(O)Oc2c(-c3ccccc3-c3ccc4ccccc4c3)cc3c(c2-c2c4c(cc(-c5ccccc5-c5ccc6ccccc6c5)c2O1)CCCC4)CCCC3*COc1ccc(/C=N/C(=O)c2ccccc2)cc1*SC1CCCCC1,0.820945045
O=P1(O)Oc2c(-c3cccc(-c4ccc5ccccc5c4)c3)cc3ccccc3c2-c2c(c(-c3cccc(-c4ccc5ccccc5c4)c3)cc3ccccc23)O1*O=C(/N=C/c1cccc2ccccc12)c1ccccc1*COc1ccc(S)cc1,1.17989059
O=P1(O)Oc2c(Cc3c4ccccc4cc4ccccc34)cc3ccccc3c2-c2c(c(Cc3c4ccccc4cc4ccccc34)cc3ccccc23)O1*COc1ccc(/C=N/C(=O)c2ccccc2)cc1*CCS,0.289903935
COc1cc(F)c(-c2cc3ccccc3c3c2OP(=O)(O)Oc2c(-c4c(F)cc(OC)cc4F)cc4ccccc4c2-3)c(F)c1*COc1ccc(/C=N/C(=O)c2ccccc2)cc1*SC1CCCCC1,0.897960775
O=P1(O)Oc2c([Si](c3ccccc3)(c3ccccc3)c3ccccc3)cc3ccccc3c2-c2c(c([Si](c3ccccc3)(c3ccccc3)c3ccccc3)cc3ccccc23)O1*COc1ccc(/C=N/C(=O)c2ccccc2)cc1*Sc1ccccc1,0.240111033
O=P1(O)Oc2c(Cc3cc(C(F)(F)F)cc(C(F)(F)F)c3)cc3c(c2-c2c4c(cc(Cc5cc(C(F)(F)F)cc(C(F)(F)F)c5)c2O1)CCCC4)CCCC3*O=C(/N=C/c1ccc(Cl)cc1Cl)c1ccccc1*SC1CCCCC1,-0.191142101
O=P1(O)Oc2c([Si](c3ccccc3)(c3ccccc3)c3ccccc3)cc3c(c2-c2c4c(cc([Si](c5ccccc5)(c5ccccc5)c5ccccc5)c2O1)CCCC4)CCCC3*O=C(/N=C/c1ccccc1)c1ccccc1*CCS,0.047400225
O=P1(O)Oc2c(-c3ccc(-c4ccc5ccccc5c4)cc3)cc3ccccc3c2-c2c(c(-c3ccc(-c4ccc5ccccc5c4)cc3)cc3ccccc23)O1*O=C(/N=C/c1ccc(Cl)cc1Cl)c1ccccc1*Cc1ccccc1S,1.17989059
O=P1(O)Oc2c(-c3ccc(-c4cc(C(F)(F)F)cc(C(F)(F)F)c4)cc3)cc3ccccc3c2-c2c(c(-c3ccc(-c4cc(C(F)(F)F)cc(C(F)(F)F)c4)cc3)cc3ccccc23)O1*O=C(/N=C/c1cccc2ccccc12)c1ccccc1*SC1CCCCC1,0.589002233
O=P1(O)Oc2c(-c3cc(C(F)(F)F)cc(C(F)(F)F)c3)cc3ccccc3c2-c2c(c(-c3cc(C(F)(F)F)cc(C(F)(F)F)c3)cc3ccccc23)O1*O=C(/N=C/c1ccc(Cl)cc1Cl)c1ccccc1*Sc1ccccc1,1.301167112
O=P1(O)Oc2c(Br)cc3c(c2-c2c4c(cc(Br)c2O1)CCCC4)CCCC3*O=C(/N=C/c1cccc2ccccc12)c1ccccc1*SC1CCCCC1,0.0
CC(C)(C)c1cc(-c2cc3ccccc3c3c2OP(=O)(O)Oc2c(-c4cc(C(C)(C)C)cc(C(C)(C)C)c4)cc4ccccc4c2-3)cc(C(C)(C)C)c1*O=C(/N=C/c1ccc(C(F)(F)F)cc1)c1ccccc1*Cc1ccccc1S,1.370103771
Cc1cc(C)c(-c2cc3ccccc3c3c2OP(=O)(O)Oc2c(-c4c(C)cc(C)cc4C)cc4ccccc4c2-3)c(C)c1*O=C(/N=C/c1cccc2ccccc12)c1ccccc1*Sc1ccccc1,1.743657522
CC(C)c1cc(C(C)C)c(-c2cc3ccccc3c3c2OP(=O)(O)Oc2c(-c4c(C(C)C)cc(C(C)C)cc4C(C)C)cc4ccccc4c2-3)c(C(C)C)c1*O=C(/N=C/c1ccccc1)c1ccccc1*COc1ccc(S)cc1,3.134624572
CCc1cc2c(c3c1OP(=O)(O)Oc1c(CC)cc4c(c1-3)CCCC4)CCCC2*O=C(/N=C/c1cccc2ccccc12)c1ccccc1*Cc1ccccc1S,0.289903935
CCc1cc2c(c3c1OP(=O)(O)Oc1c(CC)cc4c(c1-3)CCCC4)CCCC2*O=C(/N=C/c1cccc2ccccc12)c1ccccc1*Sc1ccccc1,0.682601444
CC(C)c1cc(C(C)C)c(-c2cc3ccccc3c3c2OP(=O)(O)Oc2c(-c4c(C(C)C)cc(C(C)C)cc4C(C)C)cc4ccccc4c2-3)c(C(C)C)c1*O=C(/N=C/c1cccc2ccccc12)c1ccccc1*Sc1ccccc1,2.721168735
Cc1cc(-c2cc3ccccc3c3c2OP(=O)(O)Oc2c(-c4cc(C)c(OC(C)C)c(C)c4)cc4ccccc4c2-3)cc(C)c1OC(C)C*O=C(/N=C/c1ccc(Cl)cc1Cl)c1ccccc1*COc1ccc(S)cc1,1.074990526
O=P1(O)Oc2c(-c3c4ccccc4cc4ccccc34)cc3ccccc3c2-c2c(c(-c3c4ccccc4cc4ccccc34)cc3ccccc23)O1*O=C(/N=C/c1ccccc1)c1ccccc1*Sc1ccccc1,1.882001124
COc1ccc(Cc2cc3c(c4c2OP(=O)(O)Oc2c(Cc5ccc(OC)cc5)cc5c(c2-4)CCCC5)CCCC3)cc1*O=C(/N=C/c1ccccc1)c1ccccc1*CCS,-0.142812956
CC(C)c1cc(-c2ccc(C(C)(C)C)cc2)cc(C(C)C)c1-c1cc2ccccc2c2c1OP(=O)(O)Oc1c(-c3c(C(C)C)cc(-c4ccc(C(C)(C)C)cc4)cc3C(C)C)cc3ccccc3c1-2*O=C(/N=C/c1cccc2ccccc12)c1ccccc1*COc1ccc(S)cc1,3.134624572
COc1cccc(OC)c1-c1cc2ccccc2c2c1OP(=O)(O)Oc1c(-c3c(OC)cccc3OC)cc3ccccc3c1-2*O=C(/N=C/c1ccccc1)c1ccccc1*Sc1ccccc1,1.629422542
O=P1(O)Oc2c(-c3ccccc3-c3ccc4ccccc4c3)cc3c(c2-c2c4c(cc(-c5ccccc5-c5ccc6ccccc6c5)c2O1)CCCC4)CCCC3*O=C(/N=C/c1ccc(C(F)(F)F)cc1)c1ccccc1*SC1CCCCC1,0.858676701
COc1cccc(OC)c1-c1cc2ccccc2c2c1OP(=O)(O)Oc1c(-c3c(OC)cccc3OC)cc3ccccc3c1-2*O=C(/N=C/c1ccc(C(F)(F)F)cc1)c1ccccc1*SC1CCCCC1,1.487753909
Cc1cc(C)c(-c2cc(-c3cc4c(c5c3OP(=O)(O)Oc3c(-c6cc(-c7c(C)cc(C)cc7C)cc(-c7c(C)cc(C)cc7C)c6)cc6c(c3-5)CCCC6)CCCC4)cc(-c3c(C)cc(C)cc3C)c2)c(C)c1*O=C(/N=C/c1ccc(C(F)(F)F)cc1)c1ccccc1*CCS,0.820945045
COc1cc(F)c(-c2cc3ccccc3c3c2OP(=O)(O)Oc2c(-c4c(F)cc(OC)cc4F)cc4ccccc4c2-3)c(F)c1*O=C(/N=C/c1ccc(C(F)(F)F)cc1)c1ccccc1*Cc1ccccc1S,1.446325365
COc1cc(F)c(-c2cc3ccccc3c3c2OP(=O)(O)Oc2c(-c4c(F)cc(OC)cc4F)cc4ccccc4c2-3)c(F)c1*COc1ccc(/C=N/C(=O)c2ccccc2)cc1*Sc1ccccc1,1.238109014
O=P1(O)Oc2c(-c3c(Cl)cc(Cl)cc3Cl)cc3c(c2-c2c4c(cc(-c5c(Cl)cc(Cl)cc5Cl)c2O1)CCCC4)CCCC3*O=C(/N=C/c1cccc2ccccc12)c1ccccc1*SC1CCCCC1,1.125722444
Cc1ccc(-c2cc3ccccc3c3c2OP(=O)(O)Oc2c(-c4ccc(C)cc4)cc4ccccc4c2-3)cc1*O=C(/N=C/c1cccc2ccccc12)c1ccccc1*Cc1ccccc1S,1.125722444
Cc1cc(C)c(-c2cc(-c3cc4c(c5c3OP(=O)(O)Oc3c(-c6cc(-c7c(C)cc(C)cc7C)cc(-c7c(C)cc(C)cc7C)c6)cc6c(c3-5)CCCC6)CCCC4)cc(-c3c(C)cc(C)cc3C)c2)c(C)c1*O=C(/N=C/c1cccc2ccccc12)c1ccccc1*CCS,0.589002233
O=P1(O)Oc2c([Si](c3ccccc3)(c3ccccc3)c3ccccc3)cc3ccccc3c2-c2c(c([Si](c3ccccc3)(c3ccccc3)c3ccccc3)cc3ccccc23)O1*O=C(/N=C/c1ccc(C(F)(F)F)cc1)c1ccccc1*Cc1ccccc1S,0.191142101
O=P1(O)Oc2c(-c3ccc(-c4ccc5ccccc5c4)cc3)cc3ccccc3c2-c2c(c(-c3ccc(-c4ccc5ccccc5c4)cc3)cc3ccccc23)O1*COc1ccc(/C=N/C(=O)c2ccccc2)cc1*Sc1ccccc1,0.897960775
O=P1(O)Oc2c(-c3ccccc3)cc3ccccc3c2-c2c(c(-c3ccccc3)cc3ccccc23)O1*O=C(/N=C/c1ccccc1)c1ccccc1*SC1CCCCC1,0.650583556
COc1cccc(OC)c1-c1cc2ccccc2c2c1OP(=O)(O)Oc1c(-c3c(OC)cccc3OC)cc3ccccc3c1-2*O=C(/N=C/c1cccc2ccccc12)c1ccccc1*SC1CCCCC1,1.152342057
COc1ccc(Cc2cc3c(c4c2OP(=O)(O)Oc2c(Cc5ccc(OC)cc5)cc5c(c2-4)CCCC5)CCCC3)cc1*O=C(/N=C/c1ccc(C(F)(F)F)cc1)c1ccccc1*SC1CCCCC1,-0.118834511
C[Si](c1ccccc1)(c1ccccc1)c1cc2ccccc2c2c1OP(=O)(O)Oc1c([Si](C)(c3ccccc3)c3ccccc3)cc3ccccc3c1-2*O=C(/N=C/c1ccc(C(F)(F)F)cc1)c1ccccc1*SC1CCCCC1,0.366586769
C[Si](c1ccccc1)(c1ccccc1)c1cc2ccccc2c2c1OP(=O)(O)Oc1c([Si](C)(c3ccccc3)c3ccccc3)cc3ccccc3c1-2*O=C(/N=C/c1ccc(C(F)(F)F)cc1)c1ccccc1*Cc1ccccc1S,0.820945045
O=P1(O)Oc2c(-c3ccccc3OC(F)(F)F)cc3ccccc3c2-c2c(c(-c3ccccc3OC(F)(F)F)cc3ccccc23)O1*O=C(/N=C/c1ccccc1)c1ccccc1*COc1ccc(S)cc1,1.446325365
COc1ccc(-c2cc3ccccc3c3c2OP(=O)(O)Oc2c(-c4ccc(OC)cc4)cc4ccccc4c2-3)cc1*O=C(/N=C/c1ccc(Cl)cc1Cl)c1ccccc1*Cc1ccccc1S,1.074990526
O=P1(O)Oc2c(-c3ccc(S(F)(F)(F)(F)F)cc3)cc3ccccc3c2-c2c(c(-c3ccc(S(F)(F)(F)(F)F)cc3)cc3ccccc23)O1*O=C(/N=C/c1ccc(C(F)(F)F)cc1)c1ccccc1*SC1CCCCC1,0.589002233
O=P1(O)Oc2c(-c3c4ccccc4cc4ccccc34)cc3ccccc3c2-c2c(c(-c3c4ccccc4cc4ccccc34)cc3ccccc23)O1*O=C(/N=C/c1ccc(Cl)cc1Cl)c1ccccc1*CCS,1.074990526
COc1ccc(-c2cc(-c3ccc(OC)cc3)cc(-c3cc4ccccc4c4c3OP(=O)(O)Oc3c(-c5cc(-c6ccc(OC)cc6)cc(-c6ccc(OC)cc6)c5)cc5ccccc5c3-4)c2)cc1*O=C(/N=C/c1ccc(C(F)(F)F)cc1)c1ccccc1*CCS,0.820945045
COc1ccc(-c2cc(-c3ccc(OC)cc3)cc(-c3cc4ccccc4c4c3OP(=O)(O)Oc3c(-c5cc(-c6ccc(OC)cc6)cc(-c6ccc(OC)cc6)c5)cc5ccccc5c3-4)c2)cc1*O=C(/N=C/c1cccc2ccccc12)c1ccccc1*COc1ccc(S)cc1,1.446325365
O=P1(O)Oc2c(Cc3c4ccccc4cc4ccccc34)cc3ccccc3c2-c2c(c(Cc3c4ccccc4cc4ccccc34)cc3ccccc23)O1*O=C(/N=C/c1ccc(C(F)(F)F)cc1)c1ccccc1*Cc1ccccc1S,0.820945045
Cc1cc(C)c(-c2cc(-c3cc4c(c5c3OP(=O)(O)Oc3c(-c6cc(-c7c(C)cc(C)cc7C)cc(-c7c(C)cc(C)cc7C)c6)cc6c(c3-5)CCCC6)CCCC4)cc(-c3c(C)cc(C)cc3C)c2)c(C)c1*O=C(/N=C/c1ccc(C(F)(F)F)cc1)c1ccccc1*Sc1ccccc1,1.531802956
O=P1(O)Oc2c(-c3c4ccccc4c(-c4ccc5ccccc5c4)c4ccccc34)cc3ccccc3c2-c2c(c(-c3c4ccccc4c(-c4ccc5ccccc5c4)c4ccccc34)cc3ccccc23)O1*O=C(/N=C/c1ccc(C(F)(F)F)cc1)c1ccccc1*CCS,1.446325365
O=P1(O)Oc2c([Si](c3ccccc3)(c3ccccc3)c3ccccc3)cc3c(c2-c2c4c(cc([Si](c5ccccc5)(c5ccccc5)c5ccccc5)c2O1)CCCC4)CCCC3*O=C(/N=C/c1cccc2ccccc12)c1ccccc1*CCS,0.023690626
O=P1(O)Oc2c(Cc3c4ccccc4cc4ccccc34)cc3ccccc3c2-c2c(c(Cc3c4ccccc4cc4ccccc34)cc3ccccc23)O1*O=C(/N=C/c1ccc(C(F)(F)F)cc1)c1ccccc1*CCS,0.264892334
COc1ccc(-c2cc(-c3ccc(OC)cc3)cc(-c3cc4ccccc4c4c3OP(=O)(O)Oc3c(-c5cc(-c6ccc(OC)cc6)cc(-c6ccc(OC)cc6)c5)cc5ccccc5c3-4)c2)cc1*O=C(/N=C/c1ccc(Cl)cc1Cl)c1ccccc1*SC1CCCCC1,0.715545793
O=P1(O)Oc2c(-c3ccccc3)cc3ccccc3c2-c2c(c(-c3ccccc3)cc3ccccc23)O1*COc1ccc(/C=N/C(=O)c2ccccc2)cc1*SC1CCCCC1,0.619408639
COCc1cccc(-c2cc3ccccc3c3c2OP(=O)(O)Oc2c(-c4cccc(COC)c4)cc4ccccc4c2-3)c1*O=C(/N=C/c1ccc(C(F)(F)F)cc1)c1ccccc1*CCS,0.559297578
O=P1(O)Oc2c(Cc3cc(C(F)(F)F)cc(C(F)(F)F)c3)cc3c(c2-c2c4c(cc(Cc5cc(C(F)(F)F)cc(C(F)(F)F)c5)c2O1)CCCC4)CCCC3*O=C(/N=C/c1ccc(Cl)cc1Cl)c1ccccc1*COc1ccc(S)cc1,0.473819986
CC(C)(C)c1ccc([Si](c2ccc(C(C)(C)C)cc2)(c2ccc(C(C)(C)C)cc2)c2cc3c(c4c2OP(=O)(O)Oc2c([Si](c5ccc(C(C)(C)C)cc5)(c5ccc(C(C)(C)C)cc5)c5ccc(C(C)(C)C)cc5)cc5c(c2-4)CCCC5)CCCC3)cc1*O=C(/N=C/c1cccc2ccccc12)c1ccccc1*CCS,-0.07114786
O=P1(O)Oc2c(-c3cc(C(F)(F)F)cc(C(F)(F)F)c3)cc3c(c2-c2c4c(cc(-c5cc(C(F)(F)F)cc(C(F)(F)F)c5)c2O1)CCCC4)CCCC3*O=C(/N=C/c1ccc(C(F)(F)F)cc1)c1ccccc1*Sc1ccccc1,1.17989059
COCc1cccc(-c2cc3c(c4c2OP(=O)(O)Oc2c(-c5cccc(COC)c5)cc5c(c2-4)CCCC5)CCCC3)c1*O=C(/N=C/c1cccc2ccccc12)c1ccccc1*CCS,0.473819986
COc1ccc(-c2cc3ccccc3c3c2OP(=O)(O)Oc2c(-c4ccc(OC)cc4)cc4ccccc4c2-3)cc1*COc1ccc(/C=N/C(=O)c2ccccc2)cc1*Sc1ccccc1,1.301167112
O=P1(O)Oc2c(-c3ccc(S(F)(F)(F)(F)F)cc3)cc3ccccc3c2-c2c(c(-c3ccc(S(F)(F)(F)(F)F)cc3)cc3ccccc23)O1*O=C(/N=C/c1ccccc1)c1ccccc1*CCS,0.589002233
O=P1(O)Oc2c(-c3cc(-c4cc(C(F)(F)F)cc(C(F)(F)F)c4)cc(-c4cc(C(F)(F)F)cc(C(F)(F)F)c4)c3)cc3ccccc3c2-c2c(c(-c3cc(-c4cc(C(F)(F)F)cc(C(F)(F)F)c4)cc(-c4cc(C(F)(F)F)cc(C(F)(F)F)c4)c3)cc3ccccc23)O1*O=C(/N=C/c1ccc(C(F)(F)F)cc1)c1ccccc1*Sc1ccccc1,1.446325365
Cc1cc(-c2cc3ccccc3c3c2OP(=O)(O)Oc2c(-c4cc(C)c(OC(C)C)c(C)c4)cc4ccccc4c2-3)cc(C)c1OC(C)C*O=C(/N=C/c1ccc(C(F)(F)F)cc1)c1ccccc1*COc1ccc(S)cc1,1.370103771
COc1cccc(OC)c1-c1cc2ccccc2c2c1OP(=O)(O)Oc1c(-c3c(OC)cccc3OC)cc3ccccc3c1-2*O=C(/N=C/c1ccc(Cl)cc1Cl)c1ccccc1*SC1CCCCC1,1.531802956
Cc1cc(C)c(-c2cc3ccccc3c3c2OP(=O)(O)Oc2c(-c4c(C)cc(C)cc4C)cc4ccccc4c2-3)c(C)c1*O=C(/N=C/c1ccc(C(F)(F)F)cc1)c1ccccc1*Cc1ccccc1S,1.629422542
CCOc1ccc(C)cc1-c1cc2ccccc2c2c1OP(=O)(O)Oc1c(-c3cc(C)ccc3OCC)cc3ccccc3c1-2*O=C(/N=C/c1cccc2ccccc12)c1ccccc1*Sc1ccccc1,1.446325365
O=P1(O)Oc2c(-c3ccccc3OC(F)(F)F)cc3ccccc3c2-c2c(c(-c3ccccc3OC(F)(F)F)cc3ccccc23)O1*O=C(/N=C/c1ccccc1)c1ccccc1*CCS,0.5302345
O=P1(O)Oc2c(-c3ccccc3-c3ccc4ccccc4c3)cc3c(c2-c2c4c(cc(-c5ccccc5-c5ccc6ccccc6c5)c2O1)CCCC4)CCCC3*O=C(/N=C/c1ccc(C(F)(F)F)cc1)c1ccccc1*COc1ccc(S)cc1,1.743657522
O=P1(O)Oc2c(-c3cccc(-c4ccc5ccccc5c4)c3)cc3ccccc3c2-c2c(c(-c3cccc(-c4ccc5ccccc5c4)c3)cc3ccccc23)O1*COc1ccc(/C=N/C(=O)c2ccccc2)cc1*CCS,0.392793996
O=P1(O)Oc2c(-c3ccccc3-c3ccc4ccccc4c3)cc3c(c2-c2c4c(cc(-c5ccccc5-c5ccc6ccccc6c5)c2O1)CCCC4)CCCC3*O=C(/N=C/c1cccc2ccccc12)c1ccccc1*COc1ccc(S)cc1,1.743657522
O=P1(O)Oc2c(-c3c(C4CCCCC4)cc(C4CCCCC4)cc3C3CCCCC3)cc3ccccc3c2-c2c(c(-c3c(C4CCCCC4)cc(C4CCCCC4)cc3C3CCCCC3)cc3ccccc23)O1*O=C(/N=C/c1cccc2ccccc12)c1ccccc1*Cc1ccccc1S,3.134624572
COCc1cccc(-c2cc3ccccc3c3c2OP(=O)(O)Oc2c(-c4cccc(COC)c4)cc4ccccc4c2-3)c1*O=C(/N=C/c1ccccc1)c1ccccc1*Sc1ccccc1,1.238109014
CC(C)(C)c1cc(-c2cc3ccccc3c3c2OP(=O)(O)Oc2c(-c4cc(C(C)(C)C)cc(C(C)(C)C)c4)cc4ccccc4c2-3)cc(C(C)(C)C)c1*COc1ccc(/C=N/C(=O)c2ccccc2)cc1*COc1ccc(S)cc1,1.17989059
CC(C)(C)c1cc(-c2cc3c(c4c2OP(=O)(O)Oc2c(-c5cc(C(C)(C)C)cc(C(C)(C)C)c5)cc5c(c2-4)CCCC5)CCCC3)cc(C(C)(C)C)c1*O=C(/N=C/c1ccccc1)c1ccccc1*SC1CCCCC1,0.559297578
CC(C)(C)c1ccc(-c2cc3ccccc3c3c2OP(=O)(O)Oc2c(-c4ccc(C(C)(C)C)cc4)cc4ccccc4c2-3)cc1*O=C(/N=C/c1cccc2ccccc12)c1ccccc1*Cc1ccccc1S,1.238109014
CC(C)(C)c1ccc([Si](c2ccc(C(C)(C)C)cc2)(c2ccc(C(C)(C)C)cc2)c2cc3c(c4c2OP(=O)(O)Oc2c([Si](c5ccc(C(C)(C)C)cc5)(c5ccc(C(C)(C)C)cc5)c5ccc(C(C)(C)C)cc5)cc5c(c2-4)CCCC5)CCCC3)cc1*O=C(/N=C/c1cccc2ccccc12)c1ccccc1*Sc1ccccc1,0.118834511
CC(C)(C)c1cc(-c2cc3c(c4c2OP(=O)(O)Oc2c(-c5cc(C(C)(C)C)cc(C(C)(C)C)c5)cc5c(c2-4)CCCC5)CCCC3)cc(C(C)(C)C)c1*O=C(/N=C/c1cccc2ccccc12)c1ccccc1*SC1CCCCC1,0.619408639
COc1cccc(OC)c1-c1cc2ccccc2c2c1OP(=O)(O)Oc1c(-c3c(OC)cccc3OC)cc3ccccc3c1-2*COc1ccc(/C=N/C(=O)c2ccccc2)cc1*COc1ccc(S)cc1,1.531802956
COc1ccc(-c2cc(-c3ccc(OC)cc3)cc(-c3cc4ccccc4c4c3OP(=O)(O)Oc3c(-c5cc(-c6ccc(OC)cc6)cc(-c6ccc(OC)cc6)c5)cc5ccccc5c3-4)c2)cc1*O=C(/N=C/c1cccc2ccccc12)c1ccccc1*SC1CCCCC1,0.938987334
COCc1cccc(-c2cc3c(c4c2OP(=O)(O)Oc2c(-c5cccc(COC)c5)cc5c(c2-4)CCCC5)CCCC3)c1*O=C(/N=C/c1ccccc1)c1ccccc1*CCS,0.446373616
COc1ccc(-c2cc3ccccc3c3c2OP(=O)(O)Oc2c(-c4ccc(OC)cc4)cc4ccccc4c2-3)cc1*O=C(/N=C/c1ccc(Cl)cc1Cl)c1ccccc1*SC1CCCCC1,0.501758501
COCc1cccc(-c2cc3c(c4c2OP(=O)(O)Oc2c(-c5cccc(COC)c5)cc5c(c2-4)CCCC5)CCCC3)c1*O=C(/N=C/c1ccc(C(F)(F)F)cc1)c1ccccc1*COc1ccc(S)cc1,1.027207628
Cc1cc(C)c(-c2cc(-c3cc4c(c5c3OP(=O)(O)Oc3c(-c6cc(-c7c(C)cc(C)cc7C)cc(-c7c(C)cc(C)cc7C)c6)cc6c(c3-5)CCCC6)CCCC4)cc(-c3c(C)cc(C)cc3C)c2)c(C)c1*O=C(/N=C/c1cccc2ccccc12)c1ccccc1*Sc1ccccc1,1.629422542
O=P1(O)Oc2c(-c3ccc4ccc5cccc6ccc3c4c56)cc3ccccc3c2-c2c(c(-c3ccc4ccc5cccc6ccc3c4c56)cc3ccccc23)O1*O=C(/N=C/c1ccccc1)c1ccccc1*COc1ccc(S)cc1,1.446325365
CCc1cc2c(c3c1OP(=O)(O)Oc1c(CC)cc4c(c1-3)CCCC4)CCCC2*O=C(/N=C/c1cccc2ccccc12)c1ccccc1*SC1CCCCC1,0.142812956
O=P1(O)Oc2c(-c3cc(C(F)(F)F)cc(C(F)(F)F)c3)cc3c(c2-c2c4c(cc(-c5cc(C(F)(F)F)cc(C(F)(F)F)c5)c2O1)CCCC4)CCCC3*COc1ccc(/C=N/C(=O)c2ccccc2)cc1*Cc1ccccc1S,1.027207628
CC(C)(C)c1ccc(-c2cc3ccccc3c3c2OP(=O)(O)Oc2c(-c4ccc(C(C)(C)C)cc4)cc4ccccc4c2-3)cc1*O=C(/N=C/c1ccc(C(F)(F)F)cc1)c1ccccc1*SC1CCCCC1,0.5302345
CC(C)(C)c1ccc([Si](c2ccc(C(C)(C)C)cc2)(c2ccc(C(C)(C)C)cc2)c2cc3c(c4c2OP(=O)(O)Oc2c([Si](c5ccc(C(C)(C)C)cc5)(c5ccc(C(C)(C)C)cc5)c5ccc(C(C)(C)C)cc5)cc5c(c2-4)CCCC5)CCCC3)cc1*O=C(/N=C/c1cccc2ccccc12)c1ccccc1*SC1CCCCC1,-0.023690626
CCOc1ccc(C)cc1-c1cc2ccccc2c2c1OP(=O)(O)Oc1c(-c3cc(C)ccc3OCC)cc3ccccc3c1-2*O=C(/N=C/c1ccc(C(F)(F)F)cc1)c1ccccc1*Cc1ccccc1S,1.238109014
CC(C)(C)c1cc(-c2cc3c(c4c2OP(=O)(O)Oc2c(-c5cc(C(C)(C)C)cc(C(C)(C)C)c5)cc5c(c2-4)CCCC5)CCCC3)cc(C(C)(C)C)c1*COc1ccc(/C=N/C(=O)c2ccccc2)cc1*Cc1ccccc1S,1.125722444
CCc1cc2c(c3c1OP(=O)(O)Oc1c(CC)cc4c(c1-3)CCCC4)CCCC2*O=C(/N=C/c1cccc2ccccc12)c1ccccc1*CCS,-0.07114786
O=P1(O)Oc2c(-c3cc(C(F)(F)F)cc(C(F)(F)F)c3)cc3ccccc3c2-c2c(c(-c3cc(C(F)(F)F)cc(C(F)(F)F)c3)cc3ccccc23)O1*O=C(/N=C/c1ccccc1)c1ccccc1*SC1CCCCC1,0.392793996
CC(C)(C)c1cc(-c2cc3ccccc3c3c2OP(=O)(O)Oc2c(-c4cc(C(C)(C)C)cc(C(C)(C)C)c4)cc4ccccc4c2-3)cc(C(C)(C)C)c1*O=C(/N=C/c1cccc2ccccc12)c1ccccc1*Sc1ccccc1,1.531802956
O=P1(O)Oc2c(-c3c4ccccc4cc4ccccc34)cc3ccccc3c2-c2c(c(-c3c4ccccc4cc4ccccc34)cc3ccccc23)O1*COc1ccc(/C=N/C(=O)c2ccccc2)cc1*CCS,0.559297578
O=P1(O)Oc2c(-c3ccccc3OC(F)(F)F)cc3ccccc3c2-c2c(c(-c3ccccc3OC(F)(F)F)cc3ccccc23)O1*COc1ccc(/C=N/C(=O)c2ccccc2)cc1*Cc1ccccc1S,1.301167112
COc1ccc(Cc2cc3c(c4c2OP(=O)(O)Oc2c(Cc5ccc(OC)cc5)cc5c(c2-4)CCCC5)CCCC3)cc1*O=C(/N=C/c1cccc2ccccc12)c1ccccc1*Cc1ccccc1S,0.166908496
O=P1(O)Oc2c(-c3ccc4ccc5cccc6ccc3c4c56)cc3ccccc3c2-c2c(c(-c3ccc4ccc5cccc6ccc3c4c56)cc3ccccc23)O1*O=C(/N=C/c1ccccc1)c1ccccc1*Cc1ccccc1S,1.531802956
O=P1(O)Oc2c(-c3ccc(-c4ccc5ccccc5c4)cc3)cc3ccccc3c2-c2c(c(-c3ccc(-c4ccc5ccccc5c4)cc3)cc3ccccc23)O1*O=C(/N=C/c1ccc(C(F)(F)F)cc1)c1ccccc1*CCS,0.446373616
CC(C)(C)c1cc(-c2cc3ccccc3c3c2OP(=O)(O)Oc2c(-c4cc(C(C)(C)C)cc(C(C)(C)C)c4)cc4ccccc4c2-3)cc(C(C)(C)C)c1*O=C(/N=C/c1ccc(Cl)cc1Cl)c1ccccc1*SC1CCCCC1,0.559297578
Cc1cc(C)c(-c2cc3ccccc3c3c2OP(=O)(O)Oc2c(-c4c(C)cc(C)cc4C)cc4ccccc4c2-3)c(C)c1*O=C(/N=C/c1ccc(Cl)cc1Cl)c1ccccc1*Sc1ccccc1,1.743657522
O=P1(O)Oc2c(Cc3cc(C(F)(F)F)cc(C(F)(F)F)c3)cc3c(c2-c2c4c(cc(Cc5cc(C(F)(F)F)cc(C(F)(F)F)c5)c2O1)CCCC4)CCCC3*COc1ccc(/C=N/C(=O)c2ccccc2)cc1*Cc1ccccc1S,0.5302345
Cc1cc(C)c(-c2cc(-c3cc4c(c5c3OP(=O)(O)Oc3c(-c6cc(-c7c(C)cc(C)cc7C)cc(-c7c(C)cc(C)cc7C)c6)cc6c(c3-5)CCCC6)CCCC4)cc(-c3c(C)cc(C)cc3C)c2)c(C)c1*O=C(/N=C/c1ccc(C(F)(F)F)cc1)c1ccccc1*SC1CCCCC1,0.858676701
CC(C)(C)c1cc(-c2cc3c(c4c2OP(=O)(O)Oc2c(-c5cc(C(C)(C)C)cc(C(C)(C)C)c5)cc5c(c2-4)CCCC5)CCCC3)cc(C(C)(C)C)c1*O=C(/N=C/c1ccc(Cl)cc1Cl)c1ccccc1*Sc1ccccc1,1.301167112
COc1ccc(-c2cc(-c3ccc(OC)cc3)cc(-c3cc4ccccc4c4c3OP(=O)(O)Oc3c(-c5cc(-c6ccc(OC)cc6)cc(-c6ccc(OC)cc6)c5)cc5ccccc5c3-4)c2)cc1*O=C(/N=C/c1ccccc1)c1ccccc1*SC1CCCCC1,0.559297578
CC(C)(C)c1ccc(-c2cc3ccccc3c3c2OP(=O)(O)Oc2c(-c4ccc(C(C)(C)C)cc4)cc4ccccc4c2-3)cc1*O=C(/N=C/c1ccccc1)c1ccccc1*SC1CCCCC1,0.559297578
COCc1cccc(-c2cc3ccccc3c3c2OP(=O)(O)Oc2c(-c4cccc(COC)c4)cc4ccccc4c2-3)c1*O=C(/N=C/c1ccccc1)c1ccccc1*SC1CCCCC1,0.559297578
O=P1(O)Oc2c(-c3cc(-c4cc(C(F)(F)F)cc(C(F)(F)F)c4)cc(-c4cc(C(F)(F)F)cc(C(F)(F)F)c4)c3)cc3ccccc3c2-c2c(c(-c3cc(-c4cc(C(F)(F)F)cc(C(F)(F)F)c4)cc(-c4cc(C(F)(F)F)cc(C(F)(F)F)c4)c3)cc3ccccc23)O1*O=C(/N=C/c1ccc(C(F)(F)F)cc1)c1ccccc1*SC1CCCCC1,0.820945045
O=P1(O)Oc2c(-c3cccc(-c4ccc5ccccc5c4)c3)cc3ccccc3c2-c2c(c(-c3cccc(-c4ccc5ccccc5c4)c3)cc3ccccc23)O1*O=C(/N=C/c1ccc(Cl)cc1Cl)c1ccccc1*Cc1ccccc1S,1.125722444
CC(C)c1cc(-c2ccc(C(C)(C)C)cc2)cc(C(C)C)c1-c1cc2ccccc2c2c1OP(=O)(O)Oc1c(-c3c(C(C)C)cc(-c4ccc(C(C)(C)C)cc4)cc3C(C)C)cc3ccccc3c1-2*O=C(/N=C/c1ccccc1)c1ccccc1*CCS,1.446325365
O=P1(O)Oc2c(Br)cc3c(c2-c2c4c(cc(Br)c2O1)CCCC4)CCCC3*O=C(/N=C/c1ccccc1)c1ccccc1*CCS,0.366586769
COc1cc(F)c(-c2cc3ccccc3c3c2OP(=O)(O)Oc2c(-c4c(F)cc(OC)cc4F)cc4ccccc4c2-3)c(F)c1*O=C(/N=C/c1ccccc1)c1ccccc1*Cc1ccccc1S,1.629422542
O=P1(O)Oc2c(-c3ccc(C4CCCCC4)cc3)cc3c(c2-c2c4c(cc(-c5ccc(C6CCCCC6)cc5)c2O1)CCCC4)CCCC3*O=C(/N=C/c1ccc(Cl)cc1Cl)c1ccccc1*COc1ccc(S)cc1,1.074990526
CC(C)(C)c1ccc([Si](c2ccc(C(C)(C)C)cc2)(c2ccc(C(C)(C)C)cc2)c2cc3c(c4c2OP(=O)(O)Oc2c([Si](c5ccc(C(C)(C)C)cc5)(c5ccc(C(C)(C)C)cc5)c5ccc(C(C)(C)C)cc5)cc5c(c2-4)CCCC5)CCCC3)cc1*O=C(/N=C/c1ccc(Cl)cc1Cl)c1ccccc1*CCS,0.0
O=P1(O)Oc2c(-c3ccc(C4CCCCC4)cc3)cc3c(c2-c2c4c(cc(-c5ccc(C6CCCCC6)cc5)c2O1)CCCC4)CCCC3*O=C(/N=C/c1cccc2ccccc12)c1ccccc1*Sc1ccccc1,1.238109014
CC(C)(C)c1cc(-c2cc3c(c4c2OP(=O)(O)Oc2c(-c5cc(C(C)(C)C)cc(C(C)(C)C)c5)cc5c(c2-4)CCCC5)CCCC3)cc(C(C)(C)C)c1*COc1ccc(/C=N/C(=O)c2ccccc2)cc1*SC1CCCCC1,0.715545793
COc1ccc(-c2cc(-c3ccc(OC)cc3)cc(-c3cc4ccccc4c4c3OP(=O)(O)Oc3c(-c5cc(-c6ccc(OC)cc6)cc(-c6ccc(OC)cc6)c5)cc5ccccc5c3-4)c2)cc1*O=C(/N=C/c1cccc2ccccc12)c1ccccc1*CCS,0.501758501
O=P1(O)Oc2c(-c3c4ccccc4cc4ccccc34)cc3ccccc3c2-c2c(c(-c3c4ccccc4cc4ccccc34)cc3ccccc23)O1*O=C(/N=C/c1cccc2ccccc12)c1ccccc1*Sc1ccccc1,2.304684113
O=P1(O)Oc2c(-c3c(C4CCCCC4)cc(C4CCCCC4)cc3C3CCCCC3)cc3ccccc3c2-c2c(c(-c3c(C4CCCCC4)cc(C4CCCCC4)cc3C3CCCCC3)cc3ccccc23)O1*O=C(/N=C/c1ccc(Cl)cc1Cl)c1ccccc1*SC1CCCCC1,2.058499317
O=P1(O)Oc2c(-c3c4ccccc4c(-c4ccc5ccccc5c4)c4ccccc34)cc3ccccc3c2-c2c(c(-c3c4ccccc4c(-c4ccc5ccccc5c4)c4ccccc34)cc3ccccc23)O1*O=C(/N=C/c1ccc(C(F)(F)F)cc1)c1ccccc1*Sc1ccccc1,2.058499317
O=P1(O)Oc2c(-c3c4ccccc4c(-c4ccc5ccccc5c4)c4ccccc34)cc3ccccc3c2-c2c(c(-c3c4ccccc4c(-c4ccc5ccccc5c4)c4ccccc34)cc3ccccc23)O1*O=C(/N=C/c1cccc2ccccc12)c1ccccc1*SC1CCCCC1,1.17989059
O=P1(O)Oc2c(-c3cccc(-c4ccc5ccccc5c4)c3)cc3ccccc3c2-c2c(c(-c3cccc(-c4ccc5ccccc5c4)c3)cc3ccccc23)O1*O=C(/N=C/c1ccccc1)c1ccccc1*SC1CCCCC1,0.589002233
O=P1(O)Oc2c(-c3cc(C(F)(F)F)cc(C(F)(F)F)c3)cc3ccccc3c2-c2c(c(-c3cc(C(F)(F)F)cc(C(F)(F)F)c3)cc3ccccc23)O1*O=C(/N=C/c1ccc(C(F)(F)F)cc1)c1ccccc1*SC1CCCCC1,0.682601444
CC(C)(C)c1ccc([Si](c2ccc(C(C)(C)C)cc2)(c2ccc(C(C)(C)C)cc2)c2cc3c(c4c2OP(=O)(O)Oc2c([Si](c5ccc(C(C)(C)C)cc5)(c5ccc(C(C)(C)C)cc5)c5ccc(C(C)(C)C)cc5)cc5c(c2-4)CCCC5)CCCC3)cc1*O=C(/N=C/c1ccc(Cl)cc1Cl)c1ccccc1*Cc1ccccc1S,0.118834511
CC(C)(C)c1ccc(-c2cc3ccccc3c3c2OP(=O)(O)Oc2c(-c4ccc(C(C)(C)C)cc4)cc4ccccc4c2-3)cc1*O=C(/N=C/c1cccc2ccccc12)c1ccccc1*SC1CCCCC1,0.446373616
CC(C)c1cc(C(C)C)c(-c2cc3ccccc3c3c2OP(=O)(O)Oc2c(-c4c(C(C)C)cc(C(C)C)cc4C(C)C)cc4ccccc4c2-3)c(C(C)C)c1*O=C(/N=C/c1cccc2ccccc12)c1ccccc1*COc1ccc(S)cc1,3.134624572
O=P1(O)Oc2c([Si](c3ccccc3)(c3ccccc3)c3ccccc3)cc3c(c2-c2c4c(cc([Si](c5ccccc5)(c5ccccc5)c5ccccc5)c2O1)CCCC4)CCCC3*O=C(/N=C/c1ccccc1)c1ccccc1*Sc1ccccc1,0.191142101
O=P1(O)Oc2c(-c3cc(C(F)(F)F)cc(C(F)(F)F)c3)cc3ccccc3c2-c2c(c(-c3cc(C(F)(F)F)cc(C(F)(F)F)c3)cc3ccccc23)O1*O=C(/N=C/c1cccc2ccccc12)c1ccccc1*Sc1ccccc1,1.074990526
CC(C)c1cc(-c2ccc(C(C)(C)C)cc2)cc(C(C)C)c1-c1cc2ccccc2c2c1OP(=O)(O)Oc1c(-c3c(C(C)C)cc(-c4ccc(C(C)(C)C)cc4)cc3C(C)C)cc3ccccc3c1-2*O=C(/N=C/c1ccc(Cl)cc1Cl)c1ccccc1*Cc1ccccc1S,2.721168735
CCc1cc2c(c3c1OP(=O)(O)Oc1c(CC)cc4c(c1-3)CCCC4)CCCC2*O=C(/N=C/c1ccc(C(F)(F)F)cc1)c1ccccc1*Sc1ccccc1,0.240111033
O=P1(O)Oc2c(-c3ccc(-c4ccc5ccccc5c4)cc3)cc3ccccc3c2-c2c(c(-c3ccc(-c4ccc5ccccc5c4)cc3)cc3ccccc23)O1*COc1ccc(/C=N/C(=O)c2ccccc2)cc1*SC1CCCCC1,0.473819986
O=P1(O)Oc2c(-c3ccccc3OC(F)(F)F)cc3ccccc3c2-c2c(c(-c3ccccc3OC(F)(F)F)cc3ccccc23)O1*O=C(/N=C/c1ccc(Cl)cc1Cl)c1ccccc1*Cc1ccccc1S,1.301167112
CCc1cc2c(c3c1OP(=O)(O)Oc1c(CC)cc4c(c1-3)CCCC4)CCCC2*O=C(/N=C/c1ccc(Cl)cc1Cl)c1ccccc1*SC1CCCCC1,0.047400225
O=P1(O)Oc2c(-c3ccc4ccc5cccc6ccc3c4c56)cc3ccccc3c2-c2c(c(-c3ccc4ccc5cccc6ccc3c4c56)cc3ccccc23)O1*O=C(/N=C/c1ccc(Cl)cc1Cl)c1ccccc1*Cc1ccccc1S,2.304684113
COc1ccc(-c2cc3ccccc3c3c2OP(=O)(O)Oc2c(-c4ccc(OC)cc4)cc4ccccc4c2-3)cc1*O=C(/N=C/c1cccc2ccccc12)c1ccccc1*COc1ccc(S)cc1,1.125722444
COCc1cccc(-c2cc3ccccc3c3c2OP(=O)(O)Oc2c(-c4cccc(COC)c4)cc4ccccc4c2-3)c1*O=C(/N=C/c1ccc(Cl)cc1Cl)c1ccccc1*COc1ccc(S)cc1,1.238109014
CC(C)c1cc(-c2ccc(C(C)(C)C)cc2)cc(C(C)C)c1-c1cc2ccccc2c2c1OP(=O)(O)Oc1c(-c3c(C(C)C)cc(-c4ccc(C(C)(C)C)cc4)cc3C(C)C)cc3ccccc3c1-2*O=C(/N=C/c1cccc2ccccc12)c1ccccc1*Sc1ccccc1,3.134624572
O=P1(O)Oc2c(-c3cc(-c4cc(C(F)(F)F)cc(C(F)(F)F)c4)cc(-c4cc(C(F)(F)F)cc(C(F)(F)F)c4)c3)cc3ccccc3c2-c2c(c(-c3cc(-c4cc(C(F)(F)F)cc(C(F)(F)F)c4)cc(-c4cc(C(F)(F)F)cc(C(F)(F)F)c4)c3)cc3ccccc23)O1*COc1ccc(/C=N/C(=O)c2ccccc2)cc1*CCS,0.820945045
CCOc1ccc(C)cc1-c1cc2ccccc2c2c1OP(=O)(O)Oc1c(-c3cc(C)ccc3OCC)cc3ccccc3c1-2*O=C(/N=C/c1ccccc1)c1ccccc1*SC1CCCCC1,0.858676701
O=P1(O)Oc2c(-c3cccc(-c4ccc5ccccc5c4)c3)cc3ccccc3c2-c2c(c(-c3cccc(-c4ccc5ccccc5c4)c3)cc3ccccc23)O1*O=C(/N=C/c1ccccc1)c1ccccc1*Sc1ccccc1,1.074990526
CC(C)(C)c1ccc([Si](c2ccc(C(C)(C)C)cc2)(c2ccc(C(C)(C)C)cc2)c2cc3c(c4c2OP(=O)(O)Oc2c([Si](c5ccc(C(C)(C)C)cc5)(c5ccc(C(C)(C)C)cc5)c5ccc(C(C)(C)C)cc5)cc5c(c2-4)CCCC5)CCCC3)cc1*COc1ccc(/C=N/C(=O)c2ccccc2)cc1*SC1CCCCC1,-0.047400225
C[Si](c1ccccc1)(c1ccccc1)c1cc2ccccc2c2c1OP(=O)(O)Oc1c([Si](C)(c3ccccc3)c3ccccc3)cc3ccccc3c1-2*O=C(/N=C/c1cccc2ccccc12)c1ccccc1*Sc1ccccc1,0.650583556
O=P1(O)Oc2c(Br)cc3c(c2-c2c4c(cc(Br)c2O1)CCCC4)CCCC3*O=C(/N=C/c1ccc(Cl)cc1Cl)c1ccccc1*COc1ccc(S)cc1,0.473819986
COc1cccc(OC)c1-c1cc2ccccc2c2c1OP(=O)(O)Oc1c(-c3c(OC)cccc3OC)cc3ccccc3c1-2*O=C(/N=C/c1ccc(C(F)(F)F)cc1)c1ccccc1*CCS,1.208449001
CC(C)(C)c1ccc([Si](c2ccc(C(C)(C)C)cc2)(c2ccc(C(C)(C)C)cc2)c2cc3c(c4c2OP(=O)(O)Oc2c([Si](c5ccc(C(C)(C)C)cc5)(c5ccc(C(C)(C)C)cc5)c5ccc(C(C)(C)C)cc5)cc5c(c2-4)CCCC5)CCCC3)cc1*COc1ccc(/C=N/C(=O)c2ccccc2)cc1*Sc1ccccc1,-0.047400225
Cc1cc(C)c(-c2cc(-c3cc4c(c5c3OP(=O)(O)Oc3c(-c6cc(-c7c(C)cc(C)cc7C)cc(-c7c(C)cc(C)cc7C)c6)cc6c(c3-5)CCCC6)CCCC4)cc(-c3c(C)cc(C)cc3C)c2)c(C)c1*COc1ccc(/C=N/C(=O)c2ccccc2)cc1*Cc1ccccc1S,1.301167112
CCc1cc2c(c3c1OP(=O)(O)Oc1c(CC)cc4c(c1-3)CCCC4)CCCC2*O=C(/N=C/c1ccccc1)c1ccccc1*SC1CCCCC1,0.0
COc1ccc(-c2cc3ccccc3c3c2OP(=O)(O)Oc2c(-c4ccc(OC)cc4)cc4ccccc4c2-3)cc1*COc1ccc(/C=N/C(=O)c2ccccc2)cc1*Cc1ccccc1S,1.125722444
Cc1cc(C)c(-c2cc(-c3cc4c(c5c3OP(=O)(O)Oc3c(-c6cc(-c7c(C)cc(C)cc7C)cc(-c7c(C)cc(C)cc7C)c6)cc6c(c3-5)CCCC6)CCCC4)cc(-c3c(C)cc(C)cc3C)c2)c(C)c1*COc1ccc(/C=N/C(=O)c2ccccc2)cc1*Sc1ccccc1,1.531802956
O=P1(O)Oc2c(-c3ccc(-c4ccc5ccccc5c4)cc3)cc3ccccc3c2-c2c(c(-c3ccc(-c4ccc5ccccc5c4)cc3)cc3ccccc23)O1*O=C(/N=C/c1ccc(C(F)(F)F)cc1)c1ccccc1*Sc1ccccc1,1.301167112
COCc1cccc(-c2cc3c(c4c2OP(=O)(O)Oc2c(-c5cccc(COC)c5)cc5c(c2-4)CCCC5)CCCC3)c1*O=C(/N=C/c1ccccc1)c1ccccc1*COc1ccc(S)cc1,1.238109014
CC(C)(C)c1ccc(-c2cc3ccccc3c3c2OP(=O)(O)Oc2c(-c4ccc(C(C)(C)C)cc4)cc4ccccc4c2-3)cc1*O=C(/N=C/c1ccc(Cl)cc1Cl)c1ccccc1*SC1CCCCC1,0.682601444
O=P1(O)Oc2c(Cc3c4ccccc4cc4ccccc34)cc3ccccc3c2-c2c(c(Cc3c4ccccc4cc4ccccc34)cc3ccccc23)O1*O=C(/N=C/c1ccc(Cl)cc1Cl)c1ccccc1*Sc1ccccc1,0.749510758
O=P1(O)Oc2c(Cc3cc(C(F)(F)F)cc(C(F)(F)F)c3)cc3c(c2-c2c4c(cc(Cc5cc(C(F)(F)F)cc(C(F)(F)F)c5)c2O1)CCCC4)CCCC3*O=C(/N=C/c1cccc2ccccc12)c1ccccc1*Cc1ccccc1S,0.264892334
O=P1(O)Oc2c(-c3cc(C(F)(F)F)cc(C(F)(F)F)c3)cc3c(c2-c2c4c(cc(-c5cc(C(F)(F)F)cc(C(F)(F)F)c5)c2O1)CCCC4)CCCC3*O=C(/N=C/c1ccccc1)c1ccccc1*Sc1ccccc1,1.531802956
O=P1(O)Oc2c(-c3cc(-c4cc(C(F)(F)F)cc(C(F)(F)F)c4)cc(-c4cc(C(F)(F)F)cc(C(F)(F)F)c4)c3)cc3ccccc3c2-c2c(c(-c3cc(-c4cc(C(F)(F)F)cc(C(F)(F)F)c4)cc(-c4cc(C(F)(F)F)cc(C(F)(F)F)c4)c3)cc3ccccc23)O1*O=C(/N=C/c1ccccc1)c1ccccc1*SC1CCCCC1,0.5302345
O=P1(O)Oc2c(-c3c4ccccc4c(-c4ccc5ccccc5c4)c4ccccc34)cc3ccccc3c2-c2c(c(-c3c4ccccc4c(-c4ccc5ccccc5c4)c4ccccc34)cc3ccccc23)O1*O=C(/N=C/c1ccc(Cl)cc1Cl)c1ccccc1*CCS,1.125722444
O=P1(O)Oc2c(-c3ccccc3OC(F)(F)F)cc3ccccc3c2-c2c(c(-c3ccccc3OC(F)(F)F)cc3ccccc23)O1*COc1ccc(/C=N/C(=O)c2ccccc2)cc1*CCS,0.650583556
O=P1(O)Oc2c(Cc3ccc(C(F)(F)F)cc3C(F)(F)F)cc3ccccc3c2-c2c(c(Cc3ccc(C(F)(F)F)cc3C(F)(F)F)cc3ccccc23)O1*O=C(/N=C/c1ccc(C(F)(F)F)cc1)c1ccccc1*CCS,-0.215535446
O=P1(O)Oc2c(-c3ccc(C4CCCCC4)cc3)cc3c(c2-c2c4c(cc(-c5ccc(C6CCCCC6)cc5)c2O1)CCCC4)CCCC3*O=C(/N=C/c1ccc(Cl)cc1Cl)c1ccccc1*Cc1ccccc1S,1.125722444
O=P1(O)Oc2c(-c3c(Cl)cc(Cl)cc3Cl)cc3c(c2-c2c4c(cc(-c5c(Cl)cc(Cl)cc5Cl)c2O1)CCCC4)CCCC3*O=C(/N=C/c1ccccc1)c1ccccc1*COc1ccc(S)cc1,1.964152936
O=P1(O)Oc2c([Si](c3ccccc3)(c3ccccc3)c3ccccc3)cc3c(c2-c2c4c(cc([Si](c5ccccc5)(c5ccccc5)c5ccccc5)c2O1)CCCC4)CCCC3*O=C(/N=C/c1ccc(Cl)cc1Cl)c1ccccc1*SC1CCCCC1,-0.023690626
O=P1(O)Oc2c(Cc3ccc(C(F)(F)F)cc3C(F)(F)F)cc3ccccc3c2-c2c(c(Cc3ccc(C(F)(F)F)cc3C(F)(F)F)cc3ccccc23)O1*O=C(/N=C/c1ccc(Cl)cc1Cl)c1ccccc1*CCS,-0.264892334
CC(C)(C)c1cc(-c2cc3c(c4c2OP(=O)(O)Oc2c(-c5cc(C(C)(C)C)cc(C(C)(C)C)c5)cc5c(c2-4)CCCC5)CCCC3)cc(C(C)(C)C)c1*COc1ccc(/C=N/C(=O)c2ccccc2)cc1*COc1ccc(S)cc1,1.238109014
O=P1(O)Oc2c(-c3c(Cl)cc(Cl)cc3Cl)cc3c(c2-c2c4c(cc(-c5c(Cl)cc(Cl)cc5Cl)c2O1)CCCC4)CCCC3*O=C(/N=C/c1cccc2ccccc12)c1ccccc1*CCS,0.839627562
CC(C)(C)c1ccc([Si](c2ccc(C(C)(C)C)cc2)(c2ccc(C(C)(C)C)cc2)c2cc3c(c4c2OP(=O)(O)Oc2c([Si](c5ccc(C(C)(C)C)cc5)(c5ccc(C(C)(C)C)cc5)c5ccc(C(C)(C)C)cc5)cc5c(c2-4)CCCC5)CCCC3)cc1*O=C(/N=C/c1ccccc1)c1ccccc1*Cc1ccccc1S,-0.047400225
O=P1(O)Oc2c(-c3c(Cl)cc(Cl)cc3Cl)cc3c(c2-c2c4c(cc(-c5c(Cl)cc(Cl)cc5Cl)c2O1)CCCC4)CCCC3*O=C(/N=C/c1cccc2ccccc12)c1ccccc1*Cc1ccccc1S,2.058499317
O=P1(O)Oc2c([Si](c3ccccc3)(c3ccccc3)c3ccccc3)cc3c(c2-c2c4c(cc([Si](c5ccccc5)(c5ccccc5)c5ccccc5)c2O1)CCCC4)CCCC3*O=C(/N=C/c1ccc(Cl)cc1Cl)c1ccccc1*Cc1ccccc1S,0.118834511
O=P1(O)Oc2c(-c3ccc(-c4cc(C(F)(F)F)cc(C(F)(F)F)c4)cc3)cc3ccccc3c2-c2c(c(-c3ccc(-c4cc(C(F)(F)F)cc(C(F)(F)F)c4)cc3)cc3ccccc23)O1*O=C(/N=C/c1ccccc1)c1ccccc1*Sc1ccccc1,1.446325365
O=P1(O)Oc2c(-c3c(Cl)cc(Cl)cc3Cl)cc3c(c2-c2c4c(cc(-c5c(Cl)cc(Cl)cc5Cl)c2O1)CCCC4)CCCC3*O=C(/N=C/c1ccc(Cl)cc1Cl)c1ccccc1*Sc1ccccc1,1.964152936
COc1cc(F)c(-c2cc3ccccc3c3c2OP(=O)(O)Oc2c(-c4c(F)cc(OC)cc4F)cc4ccccc4c2-3)c(F)c1*COc1ccc(/C=N/C(=O)c2ccccc2)cc1*COc1ccc(S)cc1,1.531802956
O=P1(O)Oc2c(Cc3ccc(C(F)(F)F)cc3C(F)(F)F)cc3ccccc3c2-c2c(c(Cc3ccc(C(F)(F)F)cc3C(F)(F)F)cc3ccccc23)O1*O=C(/N=C/c1ccc(Cl)cc1Cl)c1ccccc1*SC1CCCCC1,-0.166908496
CCOc1ccc(C)cc1-c1cc2ccccc2c2c1OP(=O)(O)Oc1c(-c3cc(C)ccc3OCC)cc3ccccc3c1-2*O=C(/N=C/c1cccc2ccccc12)c1ccccc1*Cc1ccccc1S,1.074990526
Cc1cc(C)c(-c2cc(-c3cc4c(c5c3OP(=O)(O)Oc3c(-c6cc(-c7c(C)cc(C)cc7C)cc(-c7c(C)cc(C)cc7C)c6)cc6c(c3-5)CCCC6)CCCC4)cc(-c3c(C)cc(C)cc3C)c2)c(C)c1*O=C(/N=C/c1ccc(C(F)(F)F)cc1)c1ccccc1*Cc1ccccc1S,1.629422542
O=P1(O)Oc2c(Cc3c4ccccc4cc4ccccc34)cc3ccccc3c2-c2c(c(Cc3c4ccccc4cc4ccccc34)cc3ccccc23)O1*O=C(/N=C/c1ccc(Cl)cc1Cl)c1ccccc1*COc1ccc(S)cc1,0.589002233
CC(C)c1cc(-c2ccc(C(C)(C)C)cc2)cc(C(C)C)c1-c1cc2ccccc2c2c1OP(=O)(O)Oc1c(-c3c(C(C)C)cc(-c4ccc(C(C)(C)C)cc4)cc3C(C)C)cc3ccccc3c1-2*O=C(/N=C/c1ccc(C(F)(F)F)cc1)c1ccccc1*Cc1ccccc1S,3.134624572
COc1cc(F)c(-c2cc3ccccc3c3c2OP(=O)(O)Oc2c(-c4c(F)cc(OC)cc4F)cc4ccccc4c2-3)c(F)c1*O=C(/N=C/c1ccc(Cl)cc1Cl)c1ccccc1*Cc1ccccc1S,1.531802956
O=P1(O)Oc2c(-c3ccccc3)cc3ccccc3c2-c2c(c(-c3ccccc3)cc3ccccc23)O1*COc1ccc(/C=N/C(=O)c2ccccc2)cc1*COc1ccc(S)cc1,1.125722444
O=P1(O)Oc2c(-c3cc(C(F)(F)F)cc(C(F)(F)F)c3)cc3c(c2-c2c4c(cc(-c5cc(C(F)(F)F)cc(C(F)(F)F)c5)c2O1)CCCC4)CCCC3*O=C(/N=C/c1ccc(C(F)(F)F)cc1)c1ccccc1*COc1ccc(S)cc1,1.125722444
O=P1(O)Oc2c(-c3ccccc3OC(F)(F)F)cc3ccccc3c2-c2c(c(-c3ccccc3OC(F)(F)F)cc3ccccc23)O1*O=C(/N=C/c1cccc2ccccc12)c1ccccc1*CCS,0.559297578
O=P1(O)Oc2c(Cc3cc(C(F)(F)F)cc(C(F)(F)F)c3)cc3c(c2-c2c4c(cc(Cc5cc(C(F)(F)F)cc(C(F)(F)F)c5)c2O1)CCCC4)CCCC3*O=C(/N=C/c1ccc(C(F)(F)F)cc1)c1ccccc1*Sc1ccccc1,0.682601444
COc1cccc(OC)c1-c1cc2ccccc2c2c1OP(=O)(O)Oc1c(-c3c(OC)cccc3OC)cc3ccccc3c1-2*O=C(/N=C/c1ccc(Cl)cc1Cl)c1ccccc1*Cc1ccccc1S,1.882001124
O=P1(O)Oc2c(-c3ccc(-c4ccc5ccccc5c4)cc3)cc3ccccc3c2-c2c(c(-c3ccc(-c4ccc5ccccc5c4)cc3)cc3ccccc23)O1*COc1ccc(/C=N/C(=O)c2ccccc2)cc1*CCS,0.619408639
Cc1ccc(-c2cc3ccccc3c3c2OP(=O)(O)Oc2c(-c4ccc(C)cc4)cc4ccccc4c2-3)cc1*COc1ccc(/C=N/C(=O)c2ccccc2)cc1*COc1ccc(S)cc1,1.125722444
O=P1(O)Oc2c(-c3cccc(-c4ccc5ccccc5c4)c3)cc3ccccc3c2-c2c(c(-c3cccc(-c4ccc5ccccc5c4)c3)cc3ccccc23)O1*COc1ccc(/C=N/C(=O)c2ccccc2)cc1*Sc1ccccc1,1.301167112
CC(C)(C)c1cc(-c2cc3ccccc3c3c2OP(=O)(O)Oc2c(-c4cc(C(C)(C)C)cc(C(C)(C)C)c4)cc4ccccc4c2-3)cc(C(C)(C)C)c1*O=C(/N=C/c1ccc(Cl)cc1Cl)c1ccccc1*COc1ccc(S)cc1,1.17989059
Cc1cc(-c2cc3ccccc3c3c2OP(=O)(O)Oc2c(-c4cc(C)c(OC(C)C)c(C)c4)cc4ccccc4c2-3)cc(C)c1OC(C)C*O=C(/N=C/c1ccc(Cl)cc1Cl)c1ccccc1*CCS,0.315171704
O=P1(O)Oc2c(-c3c(C4CCCCC4)cc(C4CCCCC4)cc3C3CCCCC3)cc3ccccc3c2-c2c(c(-c3c(C4CCCCC4)cc(C4CCCCC4)cc3C3CCCCC3)cc3ccccc23)O1*O=C(/N=C/c1ccc(Cl)cc1Cl)c1ccccc1*Sc1ccccc1,3.134624572
O=P1(O)Oc2c(-c3cc(C(F)(F)F)cc(C(F)(F)F)c3)cc3c(c2-c2c4c(cc(-c5cc(C(F)(F)F)cc(C(F)(F)F)c5)c2O1)CCCC4)CCCC3*O=C(/N=C/c1ccc(C(F)(F)F)cc1)c1ccccc1*SC1CCCCC1,0.501758501
CCc1cc2c(c3c1OP(=O)(O)Oc1c(CC)cc4c(c1-3)CCCC4)CCCC2*O=C(/N=C/c1ccccc1)c1ccccc1*Sc1ccccc1,0.264892334
O=P1(O)Oc2c(-c3cc(-c4cc(C(F)(F)F)cc(C(F)(F)F)c4)cc(-c4cc(C(F)(F)F)cc(C(F)(F)F)c4)c3)cc3ccccc3c2-c2c(c(-c3cc(-c4cc(C(F)(F)F)cc(C(F)(F)F)c4)cc(-c4cc(C(F)(F)F)cc(C(F)(F)F)c4)c3)cc3ccccc23)O1*COc1ccc(/C=N/C(=O)c2ccccc2)cc1*Cc1ccccc1S,1.301167112
O=P1(O)Oc2c(-c3ccc(C4CCCCC4)cc3)cc3c(c2-c2c4c(cc(-c5ccc(C6CCCCC6)cc5)c2O1)CCCC4)CCCC3*O=C(/N=C/c1ccc(C(F)(F)F)cc1)c1ccccc1*SC1CCCCC1,0.650583556
O=P1(O)Oc2c(-c3ccccc3OC(F)(F)F)cc3ccccc3c2-c2c(c(-c3ccccc3OC(F)(F)F)cc3ccccc23)O1*O=C(/N=C/c1ccc(C(F)(F)F)cc1)c1ccccc1*COc1ccc(S)cc1,1.882001124
CCc1cc2c(c3c1OP(=O)(O)Oc1c(CC)cc4c(c1-3)CCCC4)CCCC2*O=C(/N=C/c1ccc(C(F)(F)F)cc1)c1ccccc1*COc1ccc(S)cc1,0.264892334
CC(C)(C)c1cc(-c2cc3ccccc3c3c2OP(=O)(O)Oc2c(-c4cc(C(C)(C)C)cc(C(C)(C)C)c4)cc4ccccc4c2-3)cc(C(C)(C)C)c1*O=C(/N=C/c1ccc(C(F)(F)F)cc1)c1ccccc1*SC1CCCCC1,0.589002233
CC(C)c1cc(-c2ccc(C(C)(C)C)cc2)cc(C(C)C)c1-c1cc2ccccc2c2c1OP(=O)(O)Oc1c(-c3c(C(C)C)cc(-c4ccc(C(C)(C)C)cc4)cc3C(C)C)cc3ccccc3c1-2*COc1ccc(/C=N/C(=O)c2ccccc2)cc1*COc1ccc(S)cc1,3.134624572
O=P1(O)Oc2c(-c3c4ccccc4c(-c4ccc5ccccc5c4)c4ccccc34)cc3ccccc3c2-c2c(c(-c3c4ccccc4c(-c4ccc5ccccc5c4)c4ccccc34)cc3ccccc23)O1*O=C(/N=C/c1cccc2ccccc12)c1ccccc1*Cc1ccccc1S,2.304684113
COc1ccc(-c2cc(-c3ccc(OC)cc3)cc(-c3cc4ccccc4c4c3OP(=O)(O)Oc3c(-c5cc(-c6ccc(OC)cc6)cc(-c6ccc(OC)cc6)c5)cc5ccccc5c3-4)c2)cc1*O=C(/N=C/c1ccccc1)c1ccccc1*CCS,0.446373616
O=P1(O)Oc2c(-c3ccc(-c4ccc5ccccc5c4)cc3)cc3ccccc3c2-c2c(c(-c3ccc(-c4ccc5ccccc5c4)cc3)cc3ccccc23)O1*O=C(/N=C/c1ccc(Cl)cc1Cl)c1ccccc1*CCS,0.501758501
O=P1(O)Oc2c(-c3cc(-c4cc(C(F)(F)F)cc(C(F)(F)F)c4)cc(-c4cc(C(F)(F)F)cc(C(F)(F)F)c4)c3)cc3ccccc3c2-c2c(c(-c3cc(-c4cc(C(F)(F)F)cc(C(F)(F)F)c4)cc(-c4cc(C(F)(F)F)cc(C(F)(F)F)c4)c3)cc3ccccc23)O1*COc1ccc(/C=N/C(=O)c2ccccc2)cc1*COc1ccc(S)cc1,1.446325365
O=P1(O)Oc2c(-c3ccc(-c4ccc5ccccc5c4)cc3)cc3ccccc3c2-c2c(c(-c3ccc(-c4ccc5ccccc5c4)cc3)cc3ccccc23)O1*COc1ccc(/C=N/C(=O)c2ccccc2)cc1*Cc1ccccc1S,1.238109014
Cc1ccc(-c2cc3ccccc3c3c2OP(=O)(O)Oc2c(-c4ccc(C)cc4)cc4ccccc4c2-3)cc1*O=C(/N=C/c1ccc(Cl)cc1Cl)c1ccccc1*SC1CCCCC1,0.784603173
Cc1cc(-c2cc3ccccc3c3c2OP(=O)(O)Oc2c(-c4cc(C)c(OC(C)C)c(C)c4)cc4ccccc4c2-3)cc(C)c1OC(C)C*O=C(/N=C/c1ccc(Cl)cc1Cl)c1ccccc1*Sc1ccccc1,1.074990526
O=P1(O)Oc2c(-c3ccc(C4CCCCC4)cc3)cc3c(c2-c2c4c(cc(-c5ccc(C6CCCCC6)cc5)c2O1)CCCC4)CCCC3*COc1ccc(/C=N/C(=O)c2ccccc2)cc1*COc1ccc(S)cc1,1.301167112
O=P1(O)Oc2c(-c3c(C4CCCCC4)cc(C4CCCCC4)cc3C3CCCCC3)cc3ccccc3c2-c2c(c(-c3c(C4CCCCC4)cc(C4CCCCC4)cc3C3CCCCC3)cc3ccccc23)O1*O=C(/N=C/c1cccc2ccccc12)c1ccccc1*COc1ccc(S)cc1,3.134624572
O=P1(O)Oc2c(-c3ccccc3)cc3ccccc3c2-c2c(c(-c3ccccc3)cc3ccccc23)O1*O=C(/N=C/c1ccc(C(F)(F)F)cc1)c1ccccc1*COc1ccc(S)cc1,1.125722444
CCOc1ccc(C)cc1-c1cc2ccccc2c2c1OP(=O)(O)Oc1c(-c3cc(C)ccc3OCC)cc3ccccc3c1-2*O=C(/N=C/c1ccc(Cl)cc1Cl)c1ccccc1*Sc1ccccc1,1.629422542
CC(C)c1cc(-c2ccc(C(C)(C)C)cc2)cc(C(C)C)c1-c1cc2ccccc2c2c1OP(=O)(O)Oc1c(-c3c(C(C)C)cc(-c4ccc(C(C)(C)C)cc4)cc3C(C)C)cc3ccccc3c1-2*COc1ccc(/C=N/C(=O)c2ccccc2)cc1*CCS,1.238109014
O=P1(O)Oc2c([Si](c3ccccc3)(c3ccccc3)c3ccccc3)cc3ccccc3c2-c2c(c([Si](c3ccccc3)(c3ccccc3)c3ccccc3)cc3ccccc23)O1*O=C(/N=C/c1cccc2ccccc12)c1ccccc1*SC1CCCCC1,0.047400225
O=P1(O)Oc2c(-c3ccc(S(F)(F)(F)(F)F)cc3)cc3ccccc3c2-c2c(c(-c3ccc(S(F)(F)(F)(F)F)cc3)cc3ccccc23)O1*COc1ccc(/C=N/C(=O)c2ccccc2)cc1*Cc1ccccc1S,1.17989059
Cc1cc(C)c(-c2cc3ccccc3c3c2OP(=O)(O)Oc2c(-c4c(C)cc(C)cc4C)cc4ccccc4c2-3)c(C)c1*O=C(/N=C/c1ccccc1)c1ccccc1*SC1CCCCC1,1.027207628
O=P1(O)Oc2c(Cc3ccc(C(F)(F)F)cc3C(F)(F)F)cc3ccccc3c2-c2c(c(Cc3ccc(C(F)(F)F)cc3C(F)(F)F)cc3ccccc23)O1*O=C(/N=C/c1ccccc1)c1ccccc1*Cc1ccccc1S,0.302504127
Cc1cc(C)c(-c2cc(-c3cc4c(c5c3OP(=O)(O)Oc3c(-c6cc(-c7c(C)cc(C)cc7C)cc(-c7c(C)cc(C)cc7C)c6)cc6c(c3-5)CCCC6)CCCC4)cc(-c3c(C)cc(C)cc3C)c2)c(C)c1*COc1ccc(/C=N/C(=O)c2ccccc2)cc1*CCS,0.749510758
COc1cccc(OC)c1-c1cc2ccccc2c2c1OP(=O)(O)Oc1c(-c3c(OC)cccc3OC)cc3ccccc3c1-2*O=C(/N=C/c1ccc(C(F)(F)F)cc1)c1ccccc1*Sc1ccccc1,1.629422542
O=P1(O)Oc2c(Br)cc3c(c2-c2c4c(cc(Br)c2O1)CCCC4)CCCC3*O=C(/N=C/c1ccc(Cl)cc1Cl)c1ccccc1*Sc1ccccc1,0.315171704
O=P1(O)Oc2c(-c3cc(-c4cc(C(F)(F)F)cc(C(F)(F)F)c4)cc(-c4cc(C(F)(F)F)cc(C(F)(F)F)c4)c3)cc3ccccc3c2-c2c(c(-c3cc(-c4cc(C(F)(F)F)cc(C(F)(F)F)c4)cc(-c4cc(C(F)(F)F)cc(C(F)(F)F)c4)c3)cc3ccccc23)O1*O=C(/N=C/c1ccc(Cl)cc1Cl)c1ccccc1*COc1ccc(S)cc1,1.370103771
O=P1(O)Oc2c(-c3ccccc3)cc3ccccc3c2-c2c(c(-c3ccccc3)cc3ccccc23)O1*O=C(/N=C/c1ccc(Cl)cc1Cl)c1ccccc1*CCS,0.392793996
O=P1(O)Oc2c(-c3ccccc3OC(F)(F)F)cc3ccccc3c2-c2c(c(-c3ccccc3OC(F)(F)F)cc3ccccc23)O1*O=C(/N=C/c1ccc(C(F)(F)F)cc1)c1ccccc1*Sc1ccccc1,1.629422542
O=P1(O)Oc2c(-c3ccc(-c4ccc5ccccc5c4)cc3)cc3ccccc3c2-c2c(c(-c3ccc(-c4ccc5ccccc5c4)cc3)cc3ccccc23)O1*O=C(/N=C/c1ccccc1)c1ccccc1*CCS,0.619408639
CC(C)c1cc(-c2ccc(C(C)(C)C)cc2)cc(C(C)C)c1-c1cc2ccccc2c2c1OP(=O)(O)Oc1c(-c3c(C(C)C)cc(-c4ccc(C(C)(C)C)cc4)cc3C(C)C)cc3ccccc3c1-2*O=C(/N=C/c1cccc2ccccc12)c1ccccc1*CCS,1.301167112
COc1cc(F)c(-c2cc3ccccc3c3c2OP(=O)(O)Oc2c(-c4c(F)cc(OC)cc4F)cc4ccccc4c2-3)c(F)c1*O=C(/N=C/c1cccc2ccccc12)c1ccccc1*Cc1ccccc1S,1.446325365
Cc1ccc(-c2cc3ccccc3c3c2OP(=O)(O)Oc2c(-c4ccc(C)cc4)cc4ccccc4c2-3)cc1*O=C(/N=C/c1ccccc1)c1ccccc1*COc1ccc(S)cc1,1.301167112
CC(C)c1cc(C(C)C)c(-c2cc3ccccc3c3c2OP(=O)(O)Oc2c(-c4c(C(C)C)cc(C(C)C)cc4C(C)C)cc4ccccc4c2-3)c(C(C)C)c1*O=C(/N=C/c1ccc(C(F)(F)F)cc1)c1ccccc1*COc1ccc(S)cc1,1.743657522
O=P1(O)Oc2c(-c3ccc(C4CCCCC4)cc3)cc3c(c2-c2c4c(cc(-c5ccc(C6CCCCC6)cc5)c2O1)CCCC4)CCCC3*O=C(/N=C/c1ccc(C(F)(F)F)cc1)c1ccccc1*Sc1ccccc1,1.074990526
O=P1(O)Oc2c(-c3cc(-c4cc(C(F)(F)F)cc(C(F)(F)F)c4)cc(-c4cc(C(F)(F)F)cc(C(F)(F)F)c4)c3)cc3ccccc3c2-c2c(c(-c3cc(-c4cc(C(F)(F)F)cc(C(F)(F)F)c4)cc(-c4cc(C(F)(F)F)cc(C(F)(F)F)c4)c3)cc3ccccc23)O1*O=C(/N=C/c1ccc(C(F)(F)F)cc1)c1ccccc1*Cc1ccccc1S,1.531802956
O=P1(O)Oc2c(-c3cc(-c4cc(C(F)(F)F)cc(C(F)(F)F)c4)cc(-c4cc(C(F)(F)F)cc(C(F)(F)F)c4)c3)cc3ccccc3c2-c2c(c(-c3cc(-c4cc(C(F)(F)F)cc(C(F)(F)F)c4)cc(-c4cc(C(F)(F)F)cc(C(F)(F)F)c4)c3)cc3ccccc23)O1*O=C(/N=C/c1cccc2ccccc12)c1ccccc1*Sc1ccccc1,1.446325365
O=P1(O)Oc2c(-c3cc(C(F)(F)F)cc(C(F)(F)F)c3)cc3ccccc3c2-c2c(c(-c3cc(C(F)(F)F)cc(C(F)(F)F)c3)cc3ccccc23)O1*O=C(/N=C/c1ccc(C(F)(F)F)cc1)c1ccccc1*Sc1ccccc1,1.407197088
O=P1(O)Oc2c(-c3cc(C(F)(F)F)cc(C(F)(F)F)c3)cc3ccccc3c2-c2c(c(-c3cc(C(F)(F)F)cc(C(F)(F)F)c3)cc3ccccc23)O1*O=C(/N=C/c1ccc(Cl)cc1Cl)c1ccccc1*SC1CCCCC1,0.515926322
O=P1(O)Oc2c([Si](c3ccccc3)(c3ccccc3)c3ccccc3)cc3c(c2-c2c4c(cc([Si](c5ccccc5)(c5ccccc5)c5ccccc5)c2O1)CCCC4)CCCC3*O=C(/N=C/c1ccc(C(F)(F)F)cc1)c1ccccc1*SC1CCCCC1,0.023690626
Cc1cc(-c2cc3ccccc3c3c2OP(=O)(O)Oc2c(-c4cc(C)c(OC(C)C)c(C)c4)cc4ccccc4c2-3)cc(C)c1OC(C)C*O=C(/N=C/c1ccc(C(F)(F)F)cc1)c1ccccc1*Cc1ccccc1S,1.301167112
C[Si](c1ccccc1)(c1ccccc1)c1cc2ccccc2c2c1OP(=O)(O)Oc1c([Si](C)(c3ccccc3)c3ccccc3)cc3ccccc3c1-2*O=C(/N=C/c1ccc(Cl)cc1Cl)c1ccccc1*SC1CCCCC1,0.240111033
O=P1(O)Oc2c(-c3ccc(-c4cc(C(F)(F)F)cc(C(F)(F)F)c4)cc3)cc3ccccc3c2-c2c(c(-c3ccc(-c4cc(C(F)(F)F)cc(C(F)(F)F)c4)cc3)cc3ccccc23)O1*O=C(/N=C/c1cccc2ccccc12)c1ccccc1*Sc1ccccc1,1.370103771
COc1cccc(OC)c1-c1cc2ccccc2c2c1OP(=O)(O)Oc1c(-c3c(OC)cccc3OC)cc3ccccc3c1-2*O=C(/N=C/c1ccc(Cl)cc1Cl)c1ccccc1*CCS,1.074990526
O=P1(O)Oc2c([Si](c3ccccc3)(c3ccccc3)c3ccccc3)cc3ccccc3c2-c2c(c([Si](c3ccccc3)(c3ccccc3)c3ccccc3)cc3ccccc23)O1*O=C(/N=C/c1ccc(Cl)cc1Cl)c1ccccc1*Cc1ccccc1S,0.142812956
COc1cc(F)c(-c2cc3ccccc3c3c2OP(=O)(O)Oc2c(-c4c(F)cc(OC)cc4F)cc4ccccc4c2-3)c(F)c1*O=C(/N=C/c1ccc(C(F)(F)F)cc1)c1ccccc1*CCS,1.074990526
O=P1(O)Oc2c(Br)cc3c(c2-c2c4c(cc(Br)c2O1)CCCC4)CCCC3*O=C(/N=C/c1ccc(C(F)(F)F)cc1)c1ccccc1*CCS,-0.118834511
C[Si](c1ccccc1)(c1ccccc1)c1cc2ccccc2c2c1OP(=O)(O)Oc1c([Si](C)(c3ccccc3)c3ccccc3)cc3ccccc3c1-2*O=C(/N=C/c1ccccc1)c1ccccc1*SC1CCCCC1,0.446373616
COc1ccc(-c2cc(-c3ccc(OC)cc3)cc(-c3cc4ccccc4c4c3OP(=O)(O)Oc3c(-c5cc(-c6ccc(OC)cc6)cc(-c6ccc(OC)cc6)c5)cc5ccccc5c3-4)c2)cc1*COc1ccc(/C=N/C(=O)c2ccccc2)cc1*CCS,0.858676701
O=P1(O)Oc2c(-c3ccc(S(F)(F)(F)(F)F)cc3)cc3ccccc3c2-c2c(c(-c3ccc(S(F)(F)(F)(F)F)cc3)cc3ccccc23)O1*O=C(/N=C/c1ccc(Cl)cc1Cl)c1ccccc1*Sc1ccccc1,1.074990526
O=P1(O)Oc2c(-c3ccc(-c4cc(C(F)(F)F)cc(C(F)(F)F)c4)cc3)cc3ccccc3c2-c2c(c(-c3ccc(-c4cc(C(F)(F)F)cc(C(F)(F)F)c4)cc3)cc3ccccc23)O1*O=C(/N=C/c1ccc(C(F)(F)F)cc1)c1ccccc1*Cc1ccccc1S,1.301167112
O=P1(O)Oc2c(-c3cc(-c4cc(C(F)(F)F)cc(C(F)(F)F)c4)cc(-c4cc(C(F)(F)F)cc(C(F)(F)F)c4)c3)cc3ccccc3c2-c2c(c(-c3cc(-c4cc(C(F)(F)F)cc(C(F)(F)F)c4)cc(-c4cc(C(F)(F)F)cc(C(F)(F)F)c4)c3)cc3ccccc23)O1*O=C(/N=C/c1cccc2ccccc12)c1ccccc1*SC1CCCCC1,0.820945045
CC(C)c1cc(C(C)C)c(-c2cc3ccccc3c3c2OP(=O)(O)Oc2c(-c4c(C(C)C)cc(C(C)C)cc4C(C)C)cc4ccccc4c2-3)c(C(C)C)c1*O=C(/N=C/c1ccc(Cl)cc1Cl)c1ccccc1*SC1CCCCC1,1.743657522
Cc1cc(-c2cc3ccccc3c3c2OP(=O)(O)Oc2c(-c4cc(C)c(OC(C)C)c(C)c4)cc4ccccc4c2-3)cc(C)c1OC(C)C*O=C(/N=C/c1cccc2ccccc12)c1ccccc1*SC1CCCCC1,0.559297578
O=P1(O)Oc2c(-c3ccc(-c4ccc5ccccc5c4)cc3)cc3ccccc3c2-c2c(c(-c3ccc(-c4ccc5ccccc5c4)cc3)cc3ccccc23)O1*COc1ccc(/C=N/C(=O)c2ccccc2)cc1*COc1ccc(S)cc1,1.125722444
O=P1(O)Oc2c(-c3cc(C(F)(F)F)cc(C(F)(F)F)c3)cc3c(c2-c2c4c(cc(-c5cc(C(F)(F)F)cc(C(F)(F)F)c5)c2O1)CCCC4)CCCC3*O=C(/N=C/c1ccccc1)c1ccccc1*Cc1ccccc1S,1.531802956
CC(C)(C)c1cc(-c2cc3c(c4c2OP(=O)(O)Oc2c(-c5cc(C(C)(C)C)cc(C(C)(C)C)c5)cc5c(c2-4)CCCC5)CCCC3)cc(C(C)(C)C)c1*O=C(/N=C/c1ccccc1)c1ccccc1*Sc1ccccc1,1.370103771
COc1cc(F)c(-c2cc3ccccc3c3c2OP(=O)(O)Oc2c(-c4c(F)cc(OC)cc4F)cc4ccccc4c2-3)c(F)c1*O=C(/N=C/c1cccc2ccccc12)c1ccccc1*CCS,0.858676701
Cc1cc(-c2cc3ccccc3c3c2OP(=O)(O)Oc2c(-c4cc(C)c(OC(C)C)c(C)c4)cc4ccccc4c2-3)cc(C)c1OC(C)C*O=C(/N=C/c1cccc2ccccc12)c1ccccc1*Cc1ccccc1S,1.125722444
COc1ccc(-c2cc(-c3ccc(OC)cc3)cc(-c3cc4ccccc4c4c3OP(=O)(O)Oc3c(-c5cc(-c6ccc(OC)cc6)cc(-c6ccc(OC)cc6)c5)cc5ccccc5c3-4)c2)cc1*O=C(/N=C/c1ccccc1)c1ccccc1*Cc1ccccc1S,1.238109014
O=P1(O)Oc2c(-c3cc(C(F)(F)F)cc(C(F)(F)F)c3)cc3ccccc3c2-c2c(c(-c3cc(C(F)(F)F)cc(C(F)(F)F)c3)cc3ccccc23)O1*COc1ccc(/C=N/C(=O)c2ccccc2)cc1*Cc1ccccc1S,1.370103771
COCc1cccc(-c2cc3c(c4c2OP(=O)(O)Oc2c(-c5cccc(COC)c5)cc5c(c2-4)CCCC5)CCCC3)c1*O=C(/N=C/c1ccc(C(F)(F)F)cc1)c1ccccc1*SC1CCCCC1,0.589002233
COc1ccc(-c2cc(-c3ccc(OC)cc3)cc(-c3cc4ccccc4c4c3OP(=O)(O)Oc3c(-c5cc(-c6ccc(OC)cc6)cc(-c6ccc(OC)cc6)c5)cc5ccccc5c3-4)c2)cc1*COc1ccc(/C=N/C(=O)c2ccccc2)cc1*SC1CCCCC1,0.820945045
O=P1(O)Oc2c(Br)cc3ccccc3c2-c2c(c(Br)cc3ccccc23)O1*O=C(/N=C/c1cccc2ccccc12)c1ccccc1*Cc1ccccc1S,0.166908496
COc1ccc(-c2cc3ccccc3c3c2OP(=O)(O)Oc2c(-c4ccc(OC)cc4)cc4ccccc4c2-3)cc1*O=C(/N=C/c1ccc(Cl)cc1Cl)c1ccccc1*CCS,0.340722979
COCc1cccc(-c2cc3ccccc3c3c2OP(=O)(O)Oc2c(-c4cccc(COC)c4)cc4ccccc4c2-3)c1*COc1ccc(/C=N/C(=O)c2ccccc2)cc1*CCS,0.784603173
COc1ccc(Cc2cc3c(c4c2OP(=O)(O)Oc2c(Cc5ccc(OC)cc5)cc5c(c2-4)CCCC5)CCCC3)cc1*O=C(/N=C/c1ccc(Cl)cc1Cl)c1ccccc1*SC1CCCCC1,-0.240111033
Cc1cc(C)c(-c2cc3ccccc3c3c2OP(=O)(O)Oc2c(-c4c(C)cc(C)cc4C)cc4ccccc4c2-3)c(C)c1*O=C(/N=C/c1ccc(C(F)(F)F)cc1)c1ccccc1*SC1CCCCC1,1.446325365
COCc1cccc(-c2cc3ccccc3c3c2OP(=O)(O)Oc2c(-c4cccc(COC)c4)cc4ccccc4c2-3)c1*O=C(/N=C/c1ccccc1)c1ccccc1*CCS,0.446373616
O=P1(O)Oc2c(-c3c(Cl)cc(Cl)cc3Cl)cc3c(c2-c2c4c(cc(-c5c(Cl)cc(Cl)cc5Cl)c2O1)CCCC4)CCCC3*O=C(/N=C/c1ccc(Cl)cc1Cl)c1ccccc1*SC1CCCCC1,1.531802956
CCc1cc2c(c3c1OP(=O)(O)Oc1c(CC)cc4c(c1-3)CCCC4)CCCC2*O=C(/N=C/c1ccc(C(F)(F)F)cc1)c1ccccc1*CCS,-0.118834511
Cc1cc(-c2cc3ccccc3c3c2OP(=O)(O)Oc2c(-c4cc(C)c(OC(C)C)c(C)c4)cc4ccccc4c2-3)cc(C)c1OC(C)C*O=C(/N=C/c1ccccc1)c1ccccc1*Sc1ccccc1,1.17989059
COCc1cccc(-c2cc3ccccc3c3c2OP(=O)(O)Oc2c(-c4cccc(COC)c4)cc4ccccc4c2-3)c1*COc1ccc(/C=N/C(=O)c2ccccc2)cc1*Cc1ccccc1S,1.446325365
Cc1cc(C)c(-c2cc3ccccc3c3c2OP(=O)(O)Oc2c(-c4c(C)cc(C)cc4C)cc4ccccc4c2-3)c(C)c1*O=C(/N=C/c1ccccc1)c1ccccc1*Sc1ccccc1,1.743657522
Cc1ccc(-c2cc3ccccc3c3c2OP(=O)(O)Oc2c(-c4ccc(C)cc4)cc4ccccc4c2-3)cc1*O=C(/N=C/c1ccccc1)c1ccccc1*CCS,0.650583556
O=P1(O)Oc2c(-c3c(C4CCCCC4)cc(C4CCCCC4)cc3C3CCCCC3)cc3ccccc3c2-c2c(c(-c3c(C4CCCCC4)cc(C4CCCCC4)cc3C3CCCCC3)cc3ccccc23)O1*COc1ccc(/C=N/C(=O)c2ccccc2)cc1*Sc1ccccc1,2.058499317
O=P1(O)Oc2c([Si](c3ccccc3)(c3ccccc3)c3ccccc3)cc3ccccc3c2-c2c(c([Si](c3ccccc3)(c3ccccc3)c3ccccc3)cc3ccccc23)O1*O=C(/N=C/c1ccc(C(F)(F)F)cc1)c1ccccc1*COc1ccc(S)cc1,0.166908496
O=P1(O)Oc2c(-c3ccc(-c4ccc5ccccc5c4)cc3)cc3ccccc3c2-c2c(c(-c3ccc(-c4ccc5ccccc5c4)cc3)cc3ccccc23)O1*O=C(/N=C/c1cccc2ccccc12)c1ccccc1*SC1CCCCC1,0.501758501
O=P1(O)Oc2c(-c3cccc(-c4ccc5ccccc5c4)c3)cc3ccccc3c2-c2c(c(-c3cccc(-c4ccc5ccccc5c4)c3)cc3ccccc23)O1*O=C(/N=C/c1cccc2ccccc12)c1ccccc1*Sc1ccccc1,1.301167112
O=P1(O)Oc2c(Cc3ccc(C(F)(F)F)cc3C(F)(F)F)cc3ccccc3c2-c2c(c(Cc3ccc(C(F)(F)F)cc3C(F)(F)F)cc3ccccc23)O1*COc1ccc(/C=N/C(=O)c2ccccc2)cc1*CCS,-0.191142101
O=P1(O)Oc2c(-c3c4ccccc4cc4ccccc34)cc3ccccc3c2-c2c(c(-c3c4ccccc4cc4ccccc34)cc3ccccc23)O1*O=C(/N=C/c1ccccc1)c1ccccc1*COc1ccc(S)cc1,1.531802956
Cc1cc(-c2cc3ccccc3c3c2OP(=O)(O)Oc2c(-c4cc(C)c(OC(C)C)c(C)c4)cc4ccccc4c2-3)cc(C)c1OC(C)C*COc1ccc(/C=N/C(=O)c2ccccc2)cc1*COc1ccc(S)cc1,1.301167112
O=P1(O)Oc2c(-c3c(C4CCCCC4)cc(C4CCCCC4)cc3C3CCCCC3)cc3ccccc3c2-c2c(c(-c3c(C4CCCCC4)cc(C4CCCCC4)cc3C3CCCCC3)cc3ccccc23)O1*O=C(/N=C/c1ccc(C(F)(F)F)cc1)c1ccccc1*COc1ccc(S)cc1,3.134624572
COc1ccc(-c2cc(-c3ccc(OC)cc3)cc(-c3cc4ccccc4c4c3OP(=O)(O)Oc3c(-c5cc(-c6ccc(OC)cc6)cc(-c6ccc(OC)cc6)c5)cc5ccccc5c3-4)c2)cc1*O=C(/N=C/c1ccc(C(F)(F)F)cc1)c1ccccc1*COc1ccc(S)cc1,1.531802956
O=P1(O)Oc2c([Si](c3ccccc3)(c3ccccc3)c3ccccc3)cc3ccccc3c2-c2c(c([Si](c3ccccc3)(c3ccccc3)c3ccccc3)cc3ccccc23)O1*O=C(/N=C/c1ccc(C(F)(F)F)cc1)c1ccccc1*SC1CCCCC1,0.023690626
CCOc1ccc(C)cc1-c1cc2ccccc2c2c1OP(=O)(O)Oc1c(-c3cc(C)ccc3OCC)cc3ccccc3c1-2*O=C(/N=C/c1cccc2ccccc12)c1ccccc1*CCS,0.715545793
O=P1(O)Oc2c(Cc3c4ccccc4cc4ccccc34)cc3ccccc3c2-c2c(c(Cc3c4ccccc4cc4ccccc34)cc3ccccc23)O1*O=C(/N=C/c1cccc2ccccc12)c1ccccc1*CCS,0.215535446
O=P1(O)Oc2c(-c3cccc(-c4ccc5ccccc5c4)c3)cc3ccccc3c2-c2c(c(-c3cccc(-c4ccc5ccccc5c4)c3)cc3ccccc23)O1*O=C(/N=C/c1cccc2ccccc12)c1ccccc1*CCS,0.446373616
O=P1(O)Oc2c([Si](c3ccccc3)(c3ccccc3)c3ccccc3)cc3ccccc3c2-c2c(c([Si](c3ccccc3)(c3ccccc3)c3ccccc3)cc3ccccc23)O1*COc1ccc(/C=N/C(=O)c2ccccc2)cc1*SC1CCCCC1,-0.047400225
Cc1cc(C)c(-c2cc3ccccc3c3c2OP(=O)(O)Oc2c(-c4c(C)cc(C)cc4C)cc4ccccc4c2-3)c(C)c1*O=C(/N=C/c1cccc2ccccc12)c1ccccc1*SC1CCCCC1,1.074990526
COc1ccc(Cc2cc3c(c4c2OP(=O)(O)Oc2c(Cc5ccc(OC)cc5)cc5c(c2-4)CCCC5)CCCC3)cc1*O=C(/N=C/c1ccc(C(F)(F)F)cc1)c1ccccc1*COc1ccc(S)cc1,0.264892334
O=P1(O)Oc2c(-c3c4ccccc4c(-c4ccc5ccccc5c4)c4ccccc34)cc3ccccc3c2-c2c(c(-c3c4ccccc4c(-c4ccc5ccccc5c4)c4ccccc34)cc3ccccc23)O1*COc1ccc(/C=N/C(=O)c2ccccc2)cc1*Sc1ccccc1,2.304684113
COCc1cccc(-c2cc3c(c4c2OP(=O)(O)Oc2c(-c5cccc(COC)c5)cc5c(c2-4)CCCC5)CCCC3)c1*O=C(/N=C/c1cccc2ccccc12)c1ccccc1*Sc1ccccc1,1.17989059
CCc1cc2c(c3c1OP(=O)(O)Oc1c(CC)cc4c(c1-3)CCCC4)CCCC2*COc1ccc(/C=N/C(=O)c2ccccc2)cc1*CCS,-0.09495278
O=P1(O)Oc2c(-c3c4ccccc4c(-c4ccc5ccccc5c4)c4ccccc34)cc3ccccc3c2-c2c(c(-c3c4ccccc4c(-c4ccc5ccccc5c4)c4ccccc34)cc3ccccc23)O1*O=C(/N=C/c1ccc(C(F)(F)F)cc1)c1ccccc1*SC1CCCCC1,1.301167112
COc1cc(F)c(-c2cc3ccccc3c3c2OP(=O)(O)Oc2c(-c4c(F)cc(OC)cc4F)cc4ccccc4c2-3)c(F)c1*O=C(/N=C/c1ccc(C(F)(F)F)cc1)c1ccccc1*SC1CCCCC1,0.820945045
O=P1(O)Oc2c(-c3ccc(C4CCCCC4)cc3)cc3c(c2-c2c4c(cc(-c5ccc(C6CCCCC6)cc5)c2O1)CCCC4)CCCC3*O=C(/N=C/c1ccccc1)c1ccccc1*Sc1ccccc1,1.125722444
O=P1(O)Oc2c(-c3cccc(-c4ccc5ccccc5c4)c3)cc3ccccc3c2-c2c(c(-c3cccc(-c4ccc5ccccc5c4)c3)cc3ccccc23)O1*COc1ccc(/C=N/C(=O)c2ccccc2)cc1*COc1ccc(S)cc1,1.125722444
COCc1cccc(-c2cc3c(c4c2OP(=O)(O)Oc2c(-c5cccc(COC)c5)cc5c(c2-4)CCCC5)CCCC3)c1*O=C(/N=C/c1ccccc1)c1ccccc1*SC1CCCCC1,0.5302345
O=P1(O)Oc2c(-c3cc(C(F)(F)F)cc(C(F)(F)F)c3)cc3ccccc3c2-c2c(c(-c3cc(C(F)(F)F)cc(C(F)(F)F)c3)cc3ccccc23)O1*O=C(/N=C/c1ccccc1)c1ccccc1*Cc1ccccc1S,1.334823138
COc1cccc(OC)c1-c1cc2ccccc2c2c1OP(=O)(O)Oc1c(-c3c(OC)cccc3OC)cc3ccccc3c1-2*O=C(/N=C/c1ccc(Cl)cc1Cl)c1ccccc1*Sc1ccccc1,1.964152936
O=P1(O)Oc2c(-c3c4ccccc4c(-c4ccc5ccccc5c4)c4ccccc34)cc3ccccc3c2-c2c(c(-c3c4ccccc4c(-c4ccc5ccccc5c4)c4ccccc34)cc3ccccc23)O1*O=C(/N=C/c1ccc(C(F)(F)F)cc1)c1ccccc1*Cc1ccccc1S,2.721168735
O=P1(O)Oc2c(Cc3ccc(C(F)(F)F)cc3C(F)(F)F)cc3ccccc3c2-c2c(c(Cc3ccc(C(F)(F)F)cc3C(F)(F)F)cc3ccccc23)O1*COc1ccc(/C=N/C(=O)c2ccccc2)cc1*Cc1ccccc1S,0.166908496
O=P1(O)Oc2c(-c3cc(C(F)(F)F)cc(C(F)(F)F)c3)cc3c(c2-c2c4c(cc(-c5cc(C(F)(F)F)cc(C(F)(F)F)c5)c2O1)CCCC4)CCCC3*O=C(/N=C/c1cccc2ccccc12)c1ccccc1*Sc1ccccc1,1.301167112
O=P1(O)Oc2c(Br)cc3ccccc3c2-c2c(c(Br)cc3ccccc23)O1*O=C(/N=C/c1ccccc1)c1ccccc1*CCS,0.366586769
O=P1(O)Oc2c(-c3ccccc3-c3ccc4ccccc4c3)cc3c(c2-c2c4c(cc(-c5ccccc5-c5ccc6ccccc6c5)c2O1)CCCC4)CCCC3*O=C(/N=C/c1ccc(Cl)cc1Cl)c1ccccc1*Sc1ccccc1,1.446325365
C[Si](c1ccccc1)(c1ccccc1)c1cc2ccccc2c2c1OP(=O)(O)Oc1c([Si](C)(c3ccccc3)c3ccccc3)cc3ccccc3c1-2*O=C(/N=C/c1ccccc1)c1ccccc1*Sc1ccccc1,0.820945045
CC(C)(C)c1cc(-c2cc3ccccc3c3c2OP(=O)(O)Oc2c(-c4cc(C(C)(C)C)cc(C(C)(C)C)c4)cc4ccccc4c2-3)cc(C(C)(C)C)c1*O=C(/N=C/c1ccccc1)c1ccccc1*SC1CCCCC1,0.5302345
C[Si](c1ccccc1)(c1ccccc1)c1cc2ccccc2c2c1OP(=O)(O)Oc1c([Si](C)(c3ccccc3)c3ccccc3)cc3ccccc3c1-2*O=C(/N=C/c1ccc(Cl)cc1Cl)c1ccccc1*CCS,0.215535446
Cc1cc(C)c(-c2cc3ccccc3c3c2OP(=O)(O)Oc2c(-c4c(C)cc(C)cc4C)cc4ccccc4c2-3)c(C)c1*O=C(/N=C/c1ccc(Cl)cc1Cl)c1ccccc1*CCS,1.027207628
CCOc1ccc(C)cc1-c1cc2ccccc2c2c1OP(=O)(O)Oc1c(-c3cc(C)ccc3OCC)cc3ccccc3c1-2*O=C(/N=C/c1ccc(Cl)cc1Cl)c1ccccc1*Cc1ccccc1S,1.301167112
CC(C)c1cc(C(C)C)c(-c2cc3ccccc3c3c2OP(=O)(O)Oc2c(-c4c(C(C)C)cc(C(C)C)cc4C(C)C)cc4ccccc4c2-3)c(C(C)C)c1*O=C(/N=C/c1ccccc1)c1ccccc1*Sc1ccccc1,3.134624572
O=P1(O)Oc2c(-c3ccccc3-c3ccc4ccccc4c3)cc3c(c2-c2c4c(cc(-c5ccccc5-c5ccc6ccccc6c5)c2O1)CCCC4)CCCC3*COc1ccc(/C=N/C(=O)c2ccccc2)cc1*CCS,0.784603173
O=P1(O)Oc2c(-c3c4ccccc4cc4ccccc34)cc3ccccc3c2-c2c(c(-c3c4ccccc4cc4ccccc34)cc3ccccc23)O1*COc1ccc(/C=N/C(=O)c2ccccc2)cc1*Cc1ccccc1S,1.882001124
COc1ccc(Cc2cc3c(c4c2OP(=O)(O)Oc2c(Cc5ccc(OC)cc5)cc5c(c2-4)CCCC5)CCCC3)cc1*COc1ccc(/C=N/C(=O)c2ccccc2)cc1*Cc1ccccc1S,0.191142101
O=P1(O)Oc2c(Cc3ccc(C(F)(F)F)cc3C(F)(F)F)cc3ccccc3c2-c2c(c(Cc3ccc(C(F)(F)F)cc3C(F)(F)F)cc3ccccc23)O1*O=C(/N=C/c1cccc2ccccc12)c1ccccc1*CCS,-0.191142101
O=P1(O)Oc2c(Br)cc3c(c2-c2c4c(cc(Br)c2O1)CCCC4)CCCC3*O=C(/N=C/c1cccc2ccccc12)c1ccccc1*COc1ccc(S)cc1,0.166908496
O=P1(O)Oc2c(-c3ccc(-c4cc(C(F)(F)F)cc(C(F)(F)F)c4)cc3)cc3ccccc3c2-c2c(c(-c3ccc(-c4cc(C(F)(F)F)cc(C(F)(F)F)c4)cc3)cc3ccccc23)O1*O=C(/N=C/c1cccc2ccccc12)c1ccccc1*COc1ccc(S)cc1,1.370103771
CC(C)(C)c1ccc(-c2cc3ccccc3c3c2OP(=O)(O)Oc2c(-c4ccc(C(C)(C)C)cc4)cc4ccccc4c2-3)cc1*O=C(/N=C/c1cccc2ccccc12)c1ccccc1*COc1ccc(S)cc1,1.17989059
COCc1cccc(-c2cc3ccccc3c3c2OP(=O)(O)Oc2c(-c4cccc(COC)c4)cc4ccccc4c2-3)c1*O=C(/N=C/c1ccc(C(F)(F)F)cc1)c1ccccc1*COc1ccc(S)cc1,1.301167112
O=P1(O)Oc2c(-c3ccc(C4CCCCC4)cc3)cc3c(c2-c2c4c(cc(-c5ccc(C6CCCCC6)cc5)c2O1)CCCC4)CCCC3*O=C(/N=C/c1ccc(Cl)cc1Cl)c1ccccc1*SC1CCCCC1,0.749510758
O=P1(O)Oc2c(-c3ccc(-c4cc(C(F)(F)F)cc(C(F)(F)F)c4)cc3)cc3ccccc3c2-c2c(c(-c3ccc(-c4cc(C(F)(F)F)cc(C(F)(F)F)c4)cc3)cc3ccccc23)O1*O=C(/N=C/c1ccc(Cl)cc1Cl)c1ccccc1*Sc1ccccc1,1.17989059
COc1ccc(-c2cc(-c3ccc(OC)cc3)cc(-c3cc4ccccc4c4c3OP(=O)(O)Oc3c(-c5cc(-c6ccc(OC)cc6)cc(-c6ccc(OC)cc6)c5)cc5ccccc5c3-4)c2)cc1*O=C(/N=C/c1ccc(Cl)cc1Cl)c1ccccc1*COc1ccc(S)cc1,1.531802956
O=P1(O)Oc2c(Br)cc3ccccc3c2-c2c(c(Br)cc3ccccc23)O1*O=C(/N=C/c1ccc(C(F)(F)F)cc1)c1ccccc1*CCS,-0.142812956
O=P1(O)Oc2c(-c3cccc(-c4ccc5ccccc5c4)c3)cc3ccccc3c2-c2c(c(-c3cccc(-c4ccc5ccccc5c4)c3)cc3ccccc23)O1*O=C(/N=C/c1ccc(C(F)(F)F)cc1)c1ccccc1*CCS,0.419377753
O=P1(O)Oc2c(-c3cc(-c4cc(C(F)(F)F)cc(C(F)(F)F)c4)cc(-c4cc(C(F)(F)F)cc(C(F)(F)F)c4)c3)cc3ccccc3c2-c2c(c(-c3cc(-c4cc(C(F)(F)F)cc(C(F)(F)F)c4)cc(-c4cc(C(F)(F)F)cc(C(F)(F)F)c4)c3)cc3ccccc23)O1*O=C(/N=C/c1cccc2ccccc12)c1ccccc1*COc1ccc(S)cc1,1.370103771
O=P1(O)Oc2c(-c3ccccc3)cc3ccccc3c2-c2c(c(-c3ccccc3)cc3ccccc23)O1*O=C(/N=C/c1ccc(Cl)cc1Cl)c1ccccc1*SC1CCCCC1,0.559297578
CC(C)(C)c1ccc([Si](c2ccc(C(C)(C)C)cc2)(c2ccc(C(C)(C)C)cc2)c2cc3c(c4c2OP(=O)(O)Oc2c([Si](c5ccc(C(C)(C)C)cc5)(c5ccc(C(C)(C)C)cc5)c5ccc(C(C)(C)C)cc5)cc5c(c2-4)CCCC5)CCCC3)cc1*O=C(/N=C/c1cccc2ccccc12)c1ccccc1*COc1ccc(S)cc1,0.0
CC(C)(C)c1cc(-c2cc3c(c4c2OP(=O)(O)Oc2c(-c5cc(C(C)(C)C)cc(C(C)(C)C)c5)cc5c(c2-4)CCCC5)CCCC3)cc(C(C)(C)C)c1*O=C(/N=C/c1ccc(Cl)cc1Cl)c1ccccc1*SC1CCCCC1,0.559297578
O=P1(O)Oc2c(-c3c4ccccc4cc4ccccc34)cc3ccccc3c2-c2c(c(-c3c4ccccc4cc4ccccc34)cc3ccccc23)O1*O=C(/N=C/c1ccc(C(F)(F)F)cc1)c1ccccc1*SC1CCCCC1,1.238109014
O=P1(O)Oc2c([Si](c3ccccc3)(c3ccccc3)c3ccccc3)cc3c(c2-c2c4c(cc([Si](c5ccccc5)(c5ccccc5)c5ccccc5)c2O1)CCCC4)CCCC3*COc1ccc(/C=N/C(=O)c2ccccc2)cc1*SC1CCCCC1,0.0
CCOc1ccc(C)cc1-c1cc2ccccc2c2c1OP(=O)(O)Oc1c(-c3cc(C)ccc3OCC)cc3ccccc3c1-2*COc1ccc(/C=N/C(=O)c2ccccc2)cc1*SC1CCCCC1,1.743657522
O=P1(O)Oc2c(-c3cc(C(F)(F)F)cc(C(F)(F)F)c3)cc3c(c2-c2c4c(cc(-c5cc(C(F)(F)F)cc(C(F)(F)F)c5)c2O1)CCCC4)CCCC3*O=C(/N=C/c1cccc2ccccc12)c1ccccc1*COc1ccc(S)cc1,1.074990526
O=P1(O)Oc2c([Si](c3ccccc3)(c3ccccc3)c3ccccc3)cc3c(c2-c2c4c(cc([Si](c5ccccc5)(c5ccccc5)c5ccccc5)c2O1)CCCC4)CCCC3*O=C(/N=C/c1ccccc1)c1ccccc1*Cc1ccccc1S,0.118834511
O=P1(O)Oc2c(Cc3ccc(C(F)(F)F)cc3C(F)(F)F)cc3ccccc3c2-c2c(c(Cc3ccc(C(F)(F)F)cc3C(F)(F)F)cc3ccccc23)O1*O=C(/N=C/c1ccc(Cl)cc1Cl)c1ccccc1*Cc1ccccc1S,0.240111033
O=P1(O)Oc2c(-c3c(Cl)cc(Cl)cc3Cl)cc3c(c2-c2c4c(cc(-c5c(Cl)cc(Cl)cc5Cl)c2O1)CCCC4)CCCC3*COc1ccc(/C=N/C(=O)c2ccccc2)cc1*Cc1ccccc1S,1.334823138
COc1ccc(-c2cc3ccccc3c3c2OP(=O)(O)Oc2c(-c4ccc(OC)cc4)cc4ccccc4c2-3)cc1*O=C(/N=C/c1ccccc1)c1ccccc1*Cc1ccccc1S,1.027207628
O=P1(O)Oc2c(-c3ccc(-c4cc(C(F)(F)F)cc(C(F)(F)F)c4)cc3)cc3ccccc3c2-c2c(c(-c3ccc(-c4cc(C(F)(F)F)cc(C(F)(F)F)c4)cc3)cc3ccccc23)O1*O=C(/N=C/c1cccc2ccccc12)c1ccccc1*Cc1ccccc1S,1.238109014
O=P1(O)Oc2c(-c3cccc(-c4ccc5ccccc5c4)c3)cc3ccccc3c2-c2c(c(-c3cccc(-c4ccc5ccccc5c4)c3)cc3ccccc23)O1*O=C(/N=C/c1ccc(C(F)(F)F)cc1)c1ccccc1*SC1CCCCC1,0.419377753
COc1ccc(-c2cc(-c3ccc(OC)cc3)cc(-c3cc4ccccc4c4c3OP(=O)(O)Oc3c(-c5cc(-c6ccc(OC)cc6)cc(-c6ccc(OC)cc6)c5)cc5ccccc5c3-4)c2)cc1*COc1ccc(/C=N/C(=O)c2ccccc2)cc1*Sc1ccccc1,1.531802956
O=P1(O)Oc2c(-c3ccccc3-c3ccc4ccccc4c3)cc3c(c2-c2c4c(cc(-c5ccccc5-c5ccc6ccccc6c5)c2O1)CCCC4)CCCC3*O=C(/N=C/c1cccc2ccccc12)c1ccccc1*Sc1ccccc1,2.058499317
Cc1cc(C)c(-c2cc3ccccc3c3c2OP(=O)(O)Oc2c(-c4c(C)cc(C)cc4C)cc4ccccc4c2-3)c(C)c1*O=C(/N=C/c1cccc2ccccc12)c1ccccc1*COc1ccc(S)cc1,1.882001124
O=P1(O)Oc2c(Br)cc3ccccc3c2-c2c(c(Br)cc3ccccc23)O1*O=C(/N=C/c1cccc2ccccc12)c1ccccc1*COc1ccc(S)cc1,0.191142101
Cc1cc(C)c(-c2cc(-c3cc4c(c5c3OP(=O)(O)Oc3c(-c6cc(-c7c(C)cc(C)cc7C)cc(-c7c(C)cc(C)cc7C)c6)cc6c(c3-5)CCCC6)CCCC4)cc(-c3c(C)cc(C)cc3C)c2)c(C)c1*O=C(/N=C/c1ccccc1)c1ccccc1*COc1ccc(S)cc1,1.743657522
COCc1cccc(-c2cc3c(c4c2OP(=O)(O)Oc2c(-c5cccc(COC)c5)cc5c(c2-4)CCCC5)CCCC3)c1*O=C(/N=C/c1ccc(C(F)(F)F)cc1)c1ccccc1*Cc1ccccc1S,1.125722444
COc1ccc(-c2cc(-c3ccc(OC)cc3)cc(-c3cc4ccccc4c4c3OP(=O)(O)Oc3c(-c5cc(-c6ccc(OC)cc6)cc(-c6ccc(OC)cc6)c5)cc5ccccc5c3-4)c2)cc1*O=C(/N=C/c1ccc(Cl)cc1Cl)c1ccccc1*CCS,0.559297578
Cc1cc(C)c(-c2cc(-c3cc4c(c5c3OP(=O)(O)Oc3c(-c6cc(-c7c(C)cc(C)cc7C)cc(-c7c(C)cc(C)cc7C)c6)cc6c(c3-5)CCCC6)CCCC4)cc(-c3c(C)cc(C)cc3C)c2)c(C)c1*O=C(/N=C/c1ccc(Cl)cc1Cl)c1ccccc1*COc1ccc(S)cc1,1.629422542
O=P1(O)Oc2c(-c3cc(C(F)(F)F)cc(C(F)(F)F)c3)cc3c(c2-c2c4c(cc(-c5cc(C(F)(F)F)cc(C(F)(F)F)c5)c2O1)CCCC4)CCCC3*O=C(/N=C/c1ccc(Cl)cc1Cl)c1ccccc1*SC1CCCCC1,0.619408639
O=P1(O)Oc2c(-c3ccccc3OC(F)(F)F)cc3ccccc3c2-c2c(c(-c3ccccc3OC(F)(F)F)cc3ccccc23)O1*O=C(/N=C/c1ccc(C(F)(F)F)cc1)c1ccccc1*CCS,0.589002233
CC(C)(C)c1ccc(-c2cc3ccccc3c3c2OP(=O)(O)Oc2c(-c4ccc(C(C)(C)C)cc4)cc4ccccc4c2-3)cc1*O=C(/N=C/c1ccc(C(F)(F)F)cc1)c1ccccc1*CCS,0.5302345
O=P1(O)Oc2c(-c3ccc(-c4cc(C(F)(F)F)cc(C(F)(F)F)c4)cc3)cc3ccccc3c2-c2c(c(-c3ccc(-c4cc(C(F)(F)F)cc(C(F)(F)F)c4)cc3)cc3ccccc23)O1*O=C(/N=C/c1ccc(C(F)(F)F)cc1)c1ccccc1*Sc1ccccc1,1.370103771
COCc1cccc(-c2cc3ccccc3c3c2OP(=O)(O)Oc2c(-c4cccc(COC)c4)cc4ccccc4c2-3)c1*O=C(/N=C/c1ccccc1)c1ccccc1*COc1ccc(S)cc1,1.370103771
O=P1(O)Oc2c(-c3c4ccccc4c(-c4ccc5ccccc5c4)c4ccccc34)cc3ccccc3c2-c2c(c(-c3c4ccccc4c(-c4ccc5ccccc5c4)c4ccccc34)cc3ccccc23)O1*O=C(/N=C/c1ccc(Cl)cc1Cl)c1ccccc1*Cc1ccccc1S,2.721168735
O=P1(O)Oc2c(-c3cc(C(F)(F)F)cc(C(F)(F)F)c3)cc3ccccc3c2-c2c(c(-c3cc(C(F)(F)F)cc(C(F)(F)F)c3)cc3ccccc23)O1*O=C(/N=C/c1ccc(C(F)(F)F)cc1)c1ccccc1*Cc1ccccc1S,1.268975128
O=P1(O)Oc2c(Cc3c4ccccc4cc4ccccc34)cc3ccccc3c2-c2c(c(Cc3c4ccccc4cc4ccccc34)cc3ccccc23)O1*O=C(/N=C/c1cccc2ccccc12)c1ccccc1*Sc1ccccc1,0.784603173
O=P1(O)Oc2c(-c3cccc(-c4ccc5ccccc5c4)c3)cc3ccccc3c2-c2c(c(-c3cccc(-c4ccc5ccccc5c4)c3)cc3ccccc23)O1*O=C(/N=C/c1cccc2ccccc12)c1ccccc1*SC1CCCCC1,0.589002233
COc1ccc(-c2cc(-c3ccc(OC)cc3)cc(-c3cc4ccccc4c4c3OP(=O)(O)Oc3c(-c5cc(-c6ccc(OC)cc6)cc(-c6ccc(OC)cc6)c5)cc5ccccc5c3-4)c2)cc1*O=C(/N=C/c1ccccc1)c1ccccc1*Sc1ccccc1,1.301167112
COCc1cccc(-c2cc3c(c4c2OP(=O)(O)Oc2c(-c5cccc(COC)c5)cc5c(c2-4)CCCC5)CCCC3)c1*O=C(/N=C/c1ccc(Cl)cc1Cl)c1ccccc1*COc1ccc(S)cc1,1.17989059
O=P1(O)Oc2c(-c3c(C4CCCCC4)cc(C4CCCCC4)cc3C3CCCCC3)cc3ccccc3c2-c2c(c(-c3c(C4CCCCC4)cc(C4CCCCC4)cc3C3CCCCC3)cc3ccccc23)O1*O=C(/N=C/c1ccc(C(F)(F)F)cc1)c1ccccc1*CCS,1.531802956
C[Si](c1ccccc1)(c1ccccc1)c1cc2ccccc2c2c1OP(=O)(O)Oc1c([Si](C)(c3ccccc3)c3ccccc3)cc3ccccc3c1-2*O=C(/N=C/c1ccc(Cl)cc1Cl)c1ccccc1*Sc1ccccc1,1.027207628
O=P1(O)Oc2c(Cc3cc(C(F)(F)F)cc(C(F)(F)F)c3)cc3c(c2-c2c4c(cc(Cc5cc(C(F)(F)F)cc(C(F)(F)F)c5)c2O1)CCCC4)CCCC3*O=C(/N=C/c1ccccc1)c1ccccc1*Sc1ccccc1,0.559297578
O=P1(O)Oc2c(-c3cc(C(F)(F)F)cc(C(F)(F)F)c3)cc3ccccc3c2-c2c(c(-c3cc(C(F)(F)F)cc(C(F)(F)F)c3)cc3ccccc23)O1*COc1ccc(/C=N/C(=O)c2ccccc2)cc1*CCS,0.460037966
COCc1cccc(-c2cc3c(c4c2OP(=O)(O)Oc2c(-c5cccc(COC)c5)cc5c(c2-4)CCCC5)CCCC3)c1*COc1ccc(/C=N/C(=O)c2ccccc2)cc1*COc1ccc(S)cc1,1.125722444
O=P1(O)Oc2c(Cc3cc(C(F)(F)F)cc(C(F)(F)F)c3)cc3c(c2-c2c4c(cc(Cc5cc(C(F)(F)F)cc(C(F)(F)F)c5)c2O1)CCCC4)CCCC3*O=C(/N=C/c1cccc2ccccc12)c1ccccc1*Sc1ccccc1,0.619408639
C[Si](c1ccccc1)(c1ccccc1)c1cc2ccccc2c2c1OP(=O)(O)Oc1c([Si](C)(c3ccccc3)c3ccccc3)cc3ccccc3c1-2*COc1ccc(/C=N/C(=O)c2ccccc2)cc1*Sc1ccccc1,0.650583556
CC(C)(C)c1cc(-c2cc3c(c4c2OP(=O)(O)Oc2c(-c5cc(C(C)(C)C)cc(C(C)(C)C)c5)cc5c(c2-4)CCCC5)CCCC3)cc(C(C)(C)C)c1*O=C(/N=C/c1ccccc1)c1ccccc1*Cc1ccccc1S,1.17989059
COc1cccc(OC)c1-c1cc2ccccc2c2c1OP(=O)(O)Oc1c(-c3c(OC)cccc3OC)cc3ccccc3c1-2*O=C(/N=C/c1cccc2ccccc12)c1ccccc1*CCS,0.858676701
COc1cc(F)c(-c2cc3ccccc3c3c2OP(=O)(O)Oc2c(-c4c(F)cc(OC)cc4F)cc4ccccc4c2-3)c(F)c1*O=C(/N=C/c1ccccc1)c1ccccc1*Sc1ccccc1,1.531802956
O=P1(O)Oc2c(-c3ccccc3)cc3ccccc3c2-c2c(c(-c3ccccc3)cc3ccccc23)O1*O=C(/N=C/c1cccc2ccccc12)c1ccccc1*CCS,0.240111033
O=P1(O)Oc2c(-c3cc(-c4cc(C(F)(F)F)cc(C(F)(F)F)c4)cc(-c4cc(C(F)(F)F)cc(C(F)(F)F)c4)c3)cc3ccccc3c2-c2c(c(-c3cc(-c4cc(C(F)(F)F)cc(C(F)(F)F)c4)cc(-c4cc(C(F)(F)F)cc(C(F)(F)F)c4)c3)cc3ccccc23)O1*O=C(/N=C/c1ccccc1)c1ccccc1*CCS,0.501758501
COc1cc(F)c(-c2cc3ccccc3c3c2OP(=O)(O)Oc2c(-c4c(F)cc(OC)cc4F)cc4ccccc4c2-3)c(F)c1*O=C(/N=C/c1cccc2ccccc12)c1ccccc1*COc1ccc(S)cc1,1.370103771
O=P1(O)Oc2c(Cc3c4ccccc4cc4ccccc34)cc3ccccc3c2-c2c(c(Cc3c4ccccc4cc4ccccc34)cc3ccccc23)O1*O=C(/N=C/c1ccc(Cl)cc1Cl)c1ccccc1*Cc1ccccc1S,0.682601444
COc1cccc(OC)c1-c1cc2ccccc2c2c1OP(=O)(O)Oc1c(-c3c(OC)cccc3OC)cc3ccccc3c1-2*COc1ccc(/C=N/C(=O)c2ccccc2)cc1*Cc1ccccc1S,1.334823138
O=P1(O)Oc2c(Br)cc3c(c2-c2c4c(cc(Br)c2O1)CCCC4)CCCC3*COc1ccc(/C=N/C(=O)c2ccccc2)cc1*Sc1ccccc1,0.166908496
O=P1(O)Oc2c(-c3cc(C(F)(F)F)cc(C(F)(F)F)c3)cc3ccccc3c2-c2c(c(-c3cc(C(F)(F)F)cc(C(F)(F)F)c3)cc3ccccc23)O1*O=C(/N=C/c1ccc(C(F)(F)F)cc1)c1ccccc1*CCS,0.820945045
CC(C)c1cc(-c2ccc(C(C)(C)C)cc2)cc(C(C)C)c1-c1cc2ccccc2c2c1OP(=O)(O)Oc1c(-c3c(C(C)C)cc(-c4ccc(C(C)(C)C)cc4)cc3C(C)C)cc3ccccc3c1-2*O=C(/N=C/c1ccc(C(F)(F)F)cc1)c1ccccc1*COc1ccc(S)cc1,2.721168735
O=P1(O)Oc2c(-c3c4ccccc4c(-c4ccc5ccccc5c4)c4ccccc34)cc3ccccc3c2-c2c(c(-c3c4ccccc4c(-c4ccc5ccccc5c4)c4ccccc34)cc3ccccc23)O1*O=C(/N=C/c1ccccc1)c1ccccc1*COc1ccc(S)cc1,2.058499317
COCc1cccc(-c2cc3c(c4c2OP(=O)(O)Oc2c(-c5cccc(COC)c5)cc5c(c2-4)CCCC5)CCCC3)c1*O=C(/N=C/c1ccc(Cl)cc1Cl)c1ccccc1*Sc1ccccc1,1.17989059
O=P1(O)Oc2c(-c3c(Cl)cc(Cl)cc3Cl)cc3c(c2-c2c4c(cc(-c5c(Cl)cc(Cl)cc5Cl)c2O1)CCCC4)CCCC3*O=C(/N=C/c1ccc(Cl)cc1Cl)c1ccccc1*COc1ccc(S)cc1,2.058499317
Cc1ccc(-c2cc3ccccc3c3c2OP(=O)(O)Oc2c(-c4ccc(C)cc4)cc4ccccc4c2-3)cc1*O=C(/N=C/c1cccc2ccccc12)c1ccccc1*CCS,0.240111033
O=P1(O)Oc2c(-c3cc(C(F)(F)F)cc(C(F)(F)F)c3)cc3c(c2-c2c4c(cc(-c5cc(C(F)(F)F)cc(C(F)(F)F)c5)c2O1)CCCC4)CCCC3*COc1ccc(/C=N/C(=O)c2ccccc2)cc1*Sc1ccccc1,1.17989059
CC(C)(C)c1cc(-c2cc3ccccc3c3c2OP(=O)(O)Oc2c(-c4cc(C(C)(C)C)cc(C(C)(C)C)c4)cc4ccccc4c2-3)cc(C(C)(C)C)c1*O=C(/N=C/c1cccc2ccccc12)c1ccccc1*CCS,0.501758501
CC(C)(C)c1cc(-c2cc3ccccc3c3c2OP(=O)(O)Oc2c(-c4cc(C(C)(C)C)cc(C(C)(C)C)c4)cc4ccccc4c2-3)cc(C(C)(C)C)c1*COc1ccc(/C=N/C(=O)c2ccccc2)cc1*Cc1ccccc1S,1.17989059
CCOc1ccc(C)cc1-c1cc2ccccc2c2c1OP(=O)(O)Oc1c(-c3cc(C)ccc3OCC)cc3ccccc3c1-2*O=C(/N=C/c1ccc(C(F)(F)F)cc1)c1ccccc1*Sc1ccccc1,1.370103771
COc1ccc(Cc2cc3c(c4c2OP(=O)(O)Oc2c(Cc5ccc(OC)cc5)cc5c(c2-4)CCCC5)CCCC3)cc1*O=C(/N=C/c1ccc(Cl)cc1Cl)c1ccccc1*Cc1ccccc1S,0.215535446
O=P1(O)Oc2c(-c3cc(-c4cc(C(F)(F)F)cc(C(F)(F)F)c4)cc(-c4cc(C(F)(F)F)cc(C(F)(F)F)c4)c3)cc3ccccc3c2-c2c(c(-c3cc(-c4cc(C(F)(F)F)cc(C(F)(F)F)c4)cc(-c4cc(C(F)(F)F)cc(C(F)(F)F)c4)c3)cc3ccccc23)O1*O=C(/N=C/c1ccccc1)c1ccccc1*Cc1ccccc1S,1.301167112
COc1ccc(Cc2cc3c(c4c2OP(=O)(O)Oc2c(Cc5ccc(OC)cc5)cc5c(c2-4)CCCC5)CCCC3)cc1*O=C(/N=C/c1ccccc1)c1ccccc1*COc1ccc(S)cc1,0.366586769
CC(C)c1cc(C(C)C)c(-c2cc3ccccc3c3c2OP(=O)(O)Oc2c(-c4c(C(C)C)cc(C(C)C)cc4C(C)C)cc4ccccc4c2-3)c(C(C)C)c1*O=C(/N=C/c1ccc(C(F)(F)F)cc1)c1ccccc1*SC1CCCCC1,1.531802956
O=P1(O)Oc2c(Br)cc3c(c2-c2c4c(cc(Br)c2O1)CCCC4)CCCC3*COc1ccc(/C=N/C(=O)c2ccccc2)cc1*Cc1ccccc1S,0.240111033
O=P1(O)Oc2c(-c3ccc(S(F)(F)(F)(F)F)cc3)cc3ccccc3c2-c2c(c(-c3ccc(S(F)(F)(F)(F)F)cc3)cc3ccccc23)O1*O=C(/N=C/c1ccc(C(F)(F)F)cc1)c1ccccc1*CCS,0.5302345
CC(C)(C)c1ccc([Si](c2ccc(C(C)(C)C)cc2)(c2ccc(C(C)(C)C)cc2)c2cc3c(c4c2OP(=O)(O)Oc2c([Si](c5ccc(C(C)(C)C)cc5)(c5ccc(C(C)(C)C)cc5)c5ccc(C(C)(C)C)cc5)cc5c(c2-4)CCCC5)CCCC3)cc1*O=C(/N=C/c1ccc(C(F)(F)F)cc1)c1ccccc1*SC1CCCCC1,0.047400225
CC(C)c1cc(C(C)C)c(-c2cc3ccccc3c3c2OP(=O)(O)Oc2c(-c4c(C(C)C)cc(C(C)C)cc4C(C)C)cc4ccccc4c2-3)c(C(C)C)c1*O=C(/N=C/c1ccc(Cl)cc1Cl)c1ccccc1*COc1ccc(S)cc1,3.134624572
COc1ccc(-c2cc3ccccc3c3c2OP(=O)(O)Oc2c(-c4ccc(OC)cc4)cc4ccccc4c2-3)cc1*O=C(/N=C/c1ccc(C(F)(F)F)cc1)c1ccccc1*Sc1ccccc1,1.301167112
O=P1(O)Oc2c(-c3ccc(-c4ccc5ccccc5c4)cc3)cc3ccccc3c2-c2c(c(-c3ccc(-c4ccc5ccccc5c4)cc3)cc3ccccc23)O1*O=C(/N=C/c1ccccc1)c1ccccc1*COc1ccc(S)cc1,1.17989059
CC(C)c1cc(-c2ccc(C(C)(C)C)cc2)cc(C(C)C)c1-c1cc2ccccc2c2c1OP(=O)(O)Oc1c(-c3c(C(C)C)cc(-c4ccc(C(C)(C)C)cc4)cc3C(C)C)cc3ccccc3c1-2*O=C(/N=C/c1ccccc1)c1ccccc1*SC1CCCCC1,1.446325365
CC(C)c1cc(C(C)C)c(-c2cc3ccccc3c3c2OP(=O)(O)Oc2c(-c4c(C(C)C)cc(C(C)C)cc4C(C)C)cc4ccccc4c2-3)c(C(C)C)c1*O=C(/N=C/c1cccc2ccccc12)c1ccccc1*CCS,1.301167112
COCc1cccc(-c2cc3c(c4c2OP(=O)(O)Oc2c(-c5cccc(COC)c5)cc5c(c2-4)CCCC5)CCCC3)c1*O=C(/N=C/c1ccc(Cl)cc1Cl)c1ccccc1*CCS,0.473819986
O=P1(O)Oc2c(-c3cc(-c4cc(C(F)(F)F)cc(C(F)(F)F)c4)cc(-c4cc(C(F)(F)F)cc(C(F)(F)F)c4)c3)cc3ccccc3c2-c2c(c(-c3cc(-c4cc(C(F)(F)F)cc(C(F)(F)F)c4)cc(-c4cc(C(F)(F)F)cc(C(F)(F)F)c4)c3)cc3ccccc23)O1*COc1ccc(/C=N/C(=O)c2ccccc2)cc1*Sc1ccccc1,1.531802956
O=P1(O)Oc2c(-c3c4ccccc4c(-c4ccc5ccccc5c4)c4ccccc34)cc3ccccc3c2-c2c(c(-c3c4ccccc4c(-c4ccc5ccccc5c4)c4ccccc34)cc3ccccc23)O1*O=C(/N=C/c1ccccc1)c1ccccc1*Cc1ccccc1S,2.304684113
O=P1(O)Oc2c(Br)cc3ccccc3c2-c2c(c(Br)cc3ccccc23)O1*O=C(/N=C/c1ccc(Cl)cc1Cl)c1ccccc1*COc1ccc(S)cc1,0.501758501
COCc1cccc(-c2cc3c(c4c2OP(=O)(O)Oc2c(-c5cccc(COC)c5)cc5c(c2-4)CCCC5)CCCC3)c1*O=C(/N=C/c1cccc2ccccc12)c1ccccc1*COc1ccc(S)cc1,1.301167112
O=P1(O)Oc2c(-c3cc(-c4cc(C(F)(F)F)cc(C(F)(F)F)c4)cc(-c4cc(C(F)(F)F)cc(C(F)(F)F)c4)c3)cc3ccccc3c2-c2c(c(-c3cc(-c4cc(C(F)(F)F)cc(C(F)(F)F)c4)cc(-c4cc(C(F)(F)F)cc(C(F)(F)F)c4)c3)cc3ccccc23)O1*O=C(/N=C/c1ccc(Cl)cc1Cl)c1ccccc1*Sc1ccccc1,1.238109014
O=P1(O)Oc2c([Si](c3ccccc3)(c3ccccc3)c3ccccc3)cc3c(c2-c2c4c(cc([Si](c5ccccc5)(c5ccccc5)c5ccccc5)c2O1)CCCC4)CCCC3*O=C(/N=C/c1ccc(C(F)(F)F)cc1)c1ccccc1*COc1ccc(S)cc1,0.118834511
O=P1(O)Oc2c(-c3ccc4ccc5cccc6ccc3c4c56)cc3ccccc3c2-c2c(c(-c3ccc4ccc5cccc6ccc3c4c56)cc3ccccc23)O1*O=C(/N=C/c1ccc(C(F)(F)F)cc1)c1ccccc1*Sc1ccccc1,1.743657522
O=P1(O)Oc2c(-c3ccc(-c4cc(C(F)(F)F)cc(C(F)(F)F)c4)cc3)cc3ccccc3c2-c2c(c(-c3ccc(-c4cc(C(F)(F)F)cc(C(F)(F)F)c4)cc3)cc3ccccc23)O1*O=C(/N=C/c1ccccc1)c1ccccc1*CCS,0.619408639
O=P1(O)Oc2c(-c3cc(C(F)(F)F)cc(C(F)(F)F)c3)cc3c(c2-c2c4c(cc(-c5cc(C(F)(F)F)cc(C(F)(F)F)c5)c2O1)CCCC4)CCCC3*COc1ccc(/C=N/C(=O)c2ccccc2)cc1*CCS,0.473819986
CCOc1ccc(C)cc1-c1cc2ccccc2c2c1OP(=O)(O)Oc1c(-c3cc(C)ccc3OCC)cc3ccccc3c1-2*O=C(/N=C/c1ccc(Cl)cc1Cl)c1ccccc1*CCS,1.17989059
O=P1(O)Oc2c(-c3ccccc3-c3ccc4ccccc4c3)cc3c(c2-c2c4c(cc(-c5ccccc5-c5ccc6ccccc6c5)c2O1)CCCC4)CCCC3*O=C(/N=C/c1cccc2ccccc12)c1ccccc1*SC1CCCCC1,0.650583556
Cc1cc(C)c(-c2cc(-c3cc4c(c5c3OP(=O)(O)Oc3c(-c6cc(-c7c(C)cc(C)cc7C)cc(-c7c(C)cc(C)cc7C)c6)cc6c(c3-5)CCCC6)CCCC4)cc(-c3c(C)cc(C)cc3C)c2)c(C)c1*O=C(/N=C/c1ccc(Cl)cc1Cl)c1ccccc1*Cc1ccccc1S,1.301167112
O=P1(O)Oc2c(-c3ccc(-c4cc(C(F)(F)F)cc(C(F)(F)F)c4)cc3)cc3ccccc3c2-c2c(c(-c3ccc(-c4cc(C(F)(F)F)cc(C(F)(F)F)c4)cc3)cc3ccccc23)O1*O=C(/N=C/c1ccc(C(F)(F)F)cc1)c1ccccc1*CCS,1.301167112
Cc1cc(C)c(-c2cc(-c3cc4c(c5c3OP(=O)(O)Oc3c(-c6cc(-c7c(C)cc(C)cc7C)cc(-c7c(C)cc(C)cc7C)c6)cc6c(c3-5)CCCC6)CCCC4)cc(-c3c(C)cc(C)cc3C)c2)c(C)c1*O=C(/N=C/c1ccc(Cl)cc1Cl)c1ccccc1*Sc1ccccc1,1.301167112
O=P1(O)Oc2c(Cc3cc(C(F)(F)F)cc(C(F)(F)F)c3)cc3c(c2-c2c4c(cc(Cc5cc(C(F)(F)F)cc(C(F)(F)F)c5)c2O1)CCCC4)CCCC3*COc1ccc(/C=N/C(=O)c2ccccc2)cc1*Sc1ccccc1,0.650583556
CC(C)c1cc(C(C)C)c(-c2cc3ccccc3c3c2OP(=O)(O)Oc2c(-c4c(C(C)C)cc(C(C)C)cc4C(C)C)cc4ccccc4c2-3)c(C(C)C)c1*O=C(/N=C/c1ccc(Cl)cc1Cl)c1ccccc1*CCS,1.301167112
O=P1(O)Oc2c(Cc3ccc(C(F)(F)F)cc3C(F)(F)F)cc3ccccc3c2-c2c(c(Cc3ccc(C(F)(F)F)cc3C(F)(F)F)cc3ccccc23)O1*O=C(/N=C/c1cccc2ccccc12)c1ccccc1*Sc1ccccc1,0.5302345
O=P1(O)Oc2c(Cc3c4ccccc4cc4ccccc34)cc3ccccc3c2-c2c(c(Cc3c4ccccc4cc4ccccc34)cc3ccccc23)O1*O=C(/N=C/c1cccc2ccccc12)c1ccccc1*SC1CCCCC1,0.473819986
CCc1cc2c(c3c1OP(=O)(O)Oc1c(CC)cc4c(c1-3)CCCC4)CCCC2*O=C(/N=C/c1ccccc1)c1ccccc1*CCS,-0.118834511
O=P1(O)Oc2c(Cc3cc(C(F)(F)F)cc(C(F)(F)F)c3)cc3c(c2-c2c4c(cc(Cc5cc(C(F)(F)F)cc(C(F)(F)F)c5)c2O1)CCCC4)CCCC3*O=C(/N=C/c1ccc(C(F)(F)F)cc1)c1ccccc1*COc1ccc(S)cc1,0.366586769
CC(C)c1cc(-c2ccc(C(C)(C)C)cc2)cc(C(C)C)c1-c1cc2ccccc2c2c1OP(=O)(O)Oc1c(-c3c(C(C)C)cc(-c4ccc(C(C)(C)C)cc4)cc3C(C)C)cc3ccccc3c1-2*O=C(/N=C/c1ccc(Cl)cc1Cl)c1ccccc1*CCS,1.17989059
O=P1(O)Oc2c(-c3cccc(-c4ccc5ccccc5c4)c3)cc3ccccc3c2-c2c(c(-c3cccc(-c4ccc5ccccc5c4)c3)cc3ccccc23)O1*COc1ccc(/C=N/C(=O)c2ccccc2)cc1*Cc1ccccc1S,1.238109014
O=P1(O)Oc2c([Si](c3ccccc3)(c3ccccc3)c3ccccc3)cc3ccccc3c2-c2c(c([Si](c3ccccc3)(c3ccccc3)c3ccccc3)cc3ccccc23)O1*O=C(/N=C/c1ccc(Cl)cc1Cl)c1ccccc1*Sc1ccccc1,0.191142101
O=P1(O)Oc2c([Si](c3ccccc3)(c3ccccc3)c3ccccc3)cc3ccccc3c2-c2c(c([Si](c3ccccc3)(c3ccccc3)c3ccccc3)cc3ccccc23)O1*O=C(/N=C/c1ccccc1)c1ccccc1*CCS,0.0
O=P1(O)Oc2c(-c3cc(C(F)(F)F)cc(C(F)(F)F)c3)cc3ccccc3c2-c2c(c(-c3cc(C(F)(F)F)cc(C(F)(F)F)c3)cc3ccccc23)O1*COc1ccc(/C=N/C(=O)c2ccccc2)cc1*Sc1ccccc1,1.152342057
Cc1cc(-c2cc3ccccc3c3c2OP(=O)(O)Oc2c(-c4cc(C)c(OC(C)C)c(C)c4)cc4ccccc4c2-3)cc(C)c1OC(C)C*O=C(/N=C/c1ccccc1)c1ccccc1*COc1ccc(S)cc1,1.370103771
CC(C)c1cc(C(C)C)c(-c2cc3ccccc3c3c2OP(=O)(O)Oc2c(-c4c(C(C)C)cc(C(C)C)cc4C(C)C)cc4ccccc4c2-3)c(C(C)C)c1*COc1ccc(/C=N/C(=O)c2ccccc2)cc1*SC1CCCCC1,1.743657522
COCc1cccc(-c2cc3c(c4c2OP(=O)(O)Oc2c(-c5cccc(COC)c5)cc5c(c2-4)CCCC5)CCCC3)c1*COc1ccc(/C=N/C(=O)c2ccccc2)cc1*Sc1ccccc1,1.370103771
O=P1(O)Oc2c(-c3c(Cl)cc(Cl)cc3Cl)cc3c(c2-c2c4c(cc(-c5c(Cl)cc(Cl)cc5Cl)c2O1)CCCC4)CCCC3*O=C(/N=C/c1ccc(Cl)cc1Cl)c1ccccc1*Cc1ccccc1S,1.882001124
COc1cccc(OC)c1-c1cc2ccccc2c2c1OP(=O)(O)Oc1c(-c3c(OC)cccc3OC)cc3ccccc3c1-2*O=C(/N=C/c1ccc(C(F)(F)F)cc1)c1ccccc1*Cc1ccccc1S,1.743657522
O=P1(O)Oc2c(-c3cc(C(F)(F)F)cc(C(F)(F)F)c3)cc3ccccc3c2-c2c(c(-c3cc(C(F)(F)F)cc(C(F)(F)F)c3)cc3ccccc23)O1*O=C(/N=C/c1cccc2ccccc12)c1ccccc1*SC1CCCCC1,0.406036647
O=P1(O)Oc2c(Cc3ccc(C(F)(F)F)cc3C(F)(F)F)cc3ccccc3c2-c2c(c(Cc3ccc(C(F)(F)F)cc3C(F)(F)F)cc3ccccc23)O1*O=C(/N=C/c1ccccc1)c1ccccc1*COc1ccc(S)cc1,0.366586769
O=P1(O)Oc2c(-c3ccccc3-c3ccc4ccccc4c3)cc3c(c2-c2c4c(cc(-c5ccccc5-c5ccc6ccccc6c5)c2O1)CCCC4)CCCC3*O=C(/N=C/c1ccc(Cl)cc1Cl)c1ccccc1*SC1CCCCC1,0.650583556
O=P1(O)Oc2c(-c3ccc(C4CCCCC4)cc3)cc3c(c2-c2c4c(cc(-c5ccc(C6CCCCC6)cc5)c2O1)CCCC4)CCCC3*O=C(/N=C/c1cccc2ccccc12)c1ccccc1*COc1ccc(S)cc1,1.370103771
COCc1cccc(-c2cc3ccccc3c3c2OP(=O)(O)Oc2c(-c4cccc(COC)c4)cc4ccccc4c2-3)c1*O=C(/N=C/c1cccc2ccccc12)c1ccccc1*CCS,0.501758501
COc1ccc(-c2cc3ccccc3c3c2OP(=O)(O)Oc2c(-c4ccc(OC)cc4)cc4ccccc4c2-3)cc1*O=C(/N=C/c1cccc2ccccc12)c1ccccc1*CCS,0.392793996
CCc1cc2c(c3c1OP(=O)(O)Oc1c(CC)cc4c(c1-3)CCCC4)CCCC2*O=C(/N=C/c1ccc(Cl)cc1Cl)c1ccccc1*Sc1ccccc1,0.419377753
Cc1cc(C)c(-c2cc(-c3cc4c(c5c3OP(=O)(O)Oc3c(-c6cc(-c7c(C)cc(C)cc7C)cc(-c7c(C)cc(C)cc7C)c6)cc6c(c3-5)CCCC6)CCCC4)cc(-c3c(C)cc(C)cc3C)c2)c(C)c1*O=C(/N=C/c1cccc2ccccc12)c1ccccc1*SC1CCCCC1,0.784603173
O=P1(O)Oc2c(-c3cccc(-c4ccc5ccccc5c4)c3)cc3ccccc3c2-c2c(c(-c3cccc(-c4ccc5ccccc5c4)c3)cc3ccccc23)O1*O=C(/N=C/c1ccc(Cl)cc1Cl)c1ccccc1*COc1ccc(S)cc1,1.074990526
CC(C)c1cc(-c2ccc(C(C)(C)C)cc2)cc(C(C)C)c1-c1cc2ccccc2c2c1OP(=O)(O)Oc1c(-c3c(C(C)C)cc(-c4ccc(C(C)(C)C)cc4)cc3C(C)C)cc3ccccc3c1-2*O=C(/N=C/c1ccc(C(F)(F)F)cc1)c1ccccc1*SC1CCCCC1,1.238109014
C[Si](c1ccccc1)(c1ccccc1)c1cc2ccccc2c2c1OP(=O)(O)Oc1c([Si](C)(c3ccccc3)c3ccccc3)cc3ccccc3c1-2*COc1ccc(/C=N/C(=O)c2ccccc2)cc1*SC1CCCCC1,0.340722979
COc1cc(F)c(-c2cc3ccccc3c3c2OP(=O)(O)Oc2c(-c4c(F)cc(OC)cc4F)cc4ccccc4c2-3)c(F)c1*COc1ccc(/C=N/C(=O)c2ccccc2)cc1*Cc1ccccc1S,1.629422542
Cc1ccc(-c2cc3ccccc3c3c2OP(=O)(O)Oc2c(-c4ccc(C)cc4)cc4ccccc4c2-3)cc1*O=C(/N=C/c1ccccc1)c1ccccc1*SC1CCCCC1,0.820945045
O=P1(O)Oc2c(-c3cc(-c4cc(C(F)(F)F)cc(C(F)(F)F)c4)cc(-c4cc(C(F)(F)F)cc(C(F)(F)F)c4)c3)cc3ccccc3c2-c2c(c(-c3cc(-c4cc(C(F)(F)F)cc(C(F)(F)F)c4)cc(-c4cc(C(F)(F)F)cc(C(F)(F)F)c4)c3)cc3ccccc23)O1*O=C(/N=C/c1ccccc1)c1ccccc1*COc1ccc(S)cc1,1.301167112
O=P1(O)Oc2c(Cc3cc(C(F)(F)F)cc(C(F)(F)F)c3)cc3c(c2-c2c4c(cc(Cc5cc(C(F)(F)F)cc(C(F)(F)F)c5)c2O1)CCCC4)CCCC3*COc1ccc(/C=N/C(=O)c2ccccc2)cc1*SC1CCCCC1,-0.215535446
O=P1(O)Oc2c(-c3ccc(-c4ccc5ccccc5c4)cc3)cc3ccccc3c2-c2c(c(-c3ccc(-c4ccc5ccccc5c4)cc3)cc3ccccc23)O1*O=C(/N=C/c1cccc2ccccc12)c1ccccc1*CCS,0.559297578
O=P1(O)Oc2c(Cc3ccc(C(F)(F)F)cc3C(F)(F)F)cc3ccccc3c2-c2c(c(Cc3ccc(C(F)(F)F)cc3C(F)(F)F)cc3ccccc23)O1*O=C(/N=C/c1ccc(Cl)cc1Cl)c1ccccc1*Sc1ccccc1,0.315171704
O=P1(O)Oc2c(-c3ccc(S(F)(F)(F)(F)F)cc3)cc3ccccc3c2-c2c(c(-c3ccc(S(F)(F)(F)(F)F)cc3)cc3ccccc23)O1*COc1ccc(/C=N/C(=O)c2ccccc2)cc1*CCS,0.446373616
O=P1(O)Oc2c(-c3cccc(-c4ccc5ccccc5c4)c3)cc3ccccc3c2-c2c(c(-c3cccc(-c4ccc5ccccc5c4)c3)cc3ccccc23)O1*O=C(/N=C/c1ccc(C(F)(F)F)cc1)c1ccccc1*Sc1ccccc1,1.370103771
Cc1cc(-c2cc3ccccc3c3c2OP(=O)(O)Oc2c(-c4cc(C)c(OC(C)C)c(C)c4)cc4ccccc4c2-3)cc(C)c1OC(C)C*O=C(/N=C/c1cccc2ccccc12)c1ccccc1*Sc1ccccc1,1.301167112
O=P1(O)Oc2c(-c3cc(C(F)(F)F)cc(C(F)(F)F)c3)cc3ccccc3c2-c2c(c(-c3cc(C(F)(F)F)cc(C(F)(F)F)c3)cc3ccccc23)O1*O=C(/N=C/c1ccc(Cl)cc1Cl)c1ccccc1*CCS,0.252474461
O=P1(O)Oc2c(-c3ccc(-c4cc(C(F)(F)F)cc(C(F)(F)F)c4)cc3)cc3ccccc3c2-c2c(c(-c3ccc(-c4cc(C(F)(F)F)cc(C(F)(F)F)c4)cc3)cc3ccccc23)O1*O=C(/N=C/c1ccc(C(F)(F)F)cc1)c1ccccc1*SC1CCCCC1,0.5302345
O=P1(O)Oc2c(-c3c4ccccc4c(-c4ccc5ccccc5c4)c4ccccc34)cc3ccccc3c2-c2c(c(-c3c4ccccc4c(-c4ccc5ccccc5c4)c4ccccc34)cc3ccccc23)O1*COc1ccc(/C=N/C(=O)c2ccccc2)cc1*COc1ccc(S)cc1,2.304684113
CC(C)c1cc(-c2ccc(C(C)(C)C)cc2)cc(C(C)C)c1-c1cc2ccccc2c2c1OP(=O)(O)Oc1c(-c3c(C(C)C)cc(-c4ccc(C(C)(C)C)cc4)cc3C(C)C)cc3ccccc3c1-2*O=C(/N=C/c1cccc2ccccc12)c1ccccc1*Cc1ccccc1S,2.721168735
Cc1cc(C)c(-c2cc3ccccc3c3c2OP(=O)(O)Oc2c(-c4c(C)cc(C)cc4C)cc4ccccc4c2-3)c(C)c1*O=C(/N=C/c1ccc(Cl)cc1Cl)c1ccccc1*Cc1ccccc1S,1.882001124
Cc1cc(-c2cc3ccccc3c3c2OP(=O)(O)Oc2c(-c4cc(C)c(OC(C)C)c(C)c4)cc4ccccc4c2-3)cc(C)c1OC(C)C*O=C(/N=C/c1ccc(C(F)(F)F)cc1)c1ccccc1*SC1CCCCC1,0.446373616
O=P1(O)Oc2c(Cc3cc(C(F)(F)F)cc(C(F)(F)F)c3)cc3c(c2-c2c4c(cc(Cc5cc(C(F)(F)F)cc(C(F)(F)F)c5)c2O1)CCCC4)CCCC3*O=C(/N=C/c1ccccc1)c1ccccc1*Cc1ccccc1S,0.340722979
CC(C)(C)c1cc(-c2cc3ccccc3c3c2OP(=O)(O)Oc2c(-c4cc(C(C)(C)C)cc(C(C)(C)C)c4)cc4ccccc4c2-3)cc(C(C)(C)C)c1*O=C(/N=C/c1ccc(Cl)cc1Cl)c1ccccc1*Sc1ccccc1,1.238109014
COc1cc(F)c(-c2cc3ccccc3c3c2OP(=O)(O)Oc2c(-c4c(F)cc(OC)cc4F)cc4ccccc4c2-3)c(F)c1*O=C(/N=C/c1ccc(Cl)cc1Cl)c1ccccc1*Sc1ccccc1,1.629422542
O=P1(O)Oc2c(-c3ccc(-c4cc(C(F)(F)F)cc(C(F)(F)F)c4)cc3)cc3ccccc3c2-c2c(c(-c3ccc(-c4cc(C(F)(F)F)cc(C(F)(F)F)c4)cc3)cc3ccccc23)O1*O=C(/N=C/c1ccc(Cl)cc1Cl)c1ccccc1*CCS,0.473819986
COc1ccc(-c2cc3ccccc3c3c2OP(=O)(O)Oc2c(-c4ccc(OC)cc4)cc4ccccc4c2-3)cc1*O=C(/N=C/c1cccc2ccccc12)c1ccccc1*Cc1ccccc1S,1.027207628
CCOc1ccc(C)cc1-c1cc2ccccc2c2c1OP(=O)(O)Oc1c(-c3cc(C)ccc3OCC)cc3ccccc3c1-2*O=C(/N=C/c1ccc(Cl)cc1Cl)c1ccccc1*COc1ccc(S)cc1,1.125722444
O=P1(O)Oc2c(-c3ccccc3-c3ccc4ccccc4c3)cc3c(c2-c2c4c(cc(-c5ccccc5-c5ccc6ccccc6c5)c2O1)CCCC4)CCCC3*O=C(/N=C/c1ccc(C(F)(F)F)cc1)c1ccccc1*Sc1ccccc1,1.743657522
Cc1cc(C)c(-c2cc3ccccc3c3c2OP(=O)(O)Oc2c(-c4c(C)cc(C)cc4C)cc4ccccc4c2-3)c(C)c1*O=C(/N=C/c1ccccc1)c1ccccc1*Cc1ccccc1S,2.058499317
CC(C)(C)c1cc(-c2cc3ccccc3c3c2OP(=O)(O)Oc2c(-c4cc(C(C)(C)C)cc(C(C)(C)C)c4)cc4ccccc4c2-3)cc(C(C)(C)C)c1*O=C(/N=C/c1cccc2ccccc12)c1ccccc1*COc1ccc(S)cc1,1.446325365
O=P1(O)Oc2c(Cc3cc(C(F)(F)F)cc(C(F)(F)F)c3)cc3c(c2-c2c4c(cc(Cc5cc(C(F)(F)F)cc(C(F)(F)F)c5)c2O1)CCCC4)CCCC3*O=C(/N=C/c1ccc(C(F)(F)F)cc1)c1ccccc1*CCS,-0.240111033
Cc1cc(C)c(-c2cc(-c3cc4c(c5c3OP(=O)(O)Oc3c(-c6cc(-c7c(C)cc(C)cc7C)cc(-c7c(C)cc(C)cc7C)c6)cc6c(c3-5)CCCC6)CCCC4)cc(-c3c(C)cc(C)cc3C)c2)c(C)c1*O=C(/N=C/c1ccc(C(F)(F)F)cc1)c1ccccc1*COc1ccc(S)cc1,1.531802956
O=P1(O)Oc2c(Cc3c4ccccc4cc4ccccc34)cc3ccccc3c2-c2c(c(Cc3c4ccccc4cc4ccccc34)cc3ccccc23)O1*O=C(/N=C/c1ccccc1)c1ccccc1*Sc1ccccc1,0.501758501
CC(C)c1cc(C(C)C)c(-c2cc3ccccc3c3c2OP(=O)(O)Oc2c(-c4c(C(C)C)cc(C(C)C)cc4C(C)C)cc4ccccc4c2-3)c(C(C)C)c1*O=C(/N=C/c1ccc(C(F)(F)F)cc1)c1ccccc1*CCS,1.531802956
O=P1(O)Oc2c(Cc3cc(C(F)(F)F)cc(C(F)(F)F)c3)cc3c(c2-c2c4c(cc(Cc5cc(C(F)(F)F)cc(C(F)(F)F)c5)c2O1)CCCC4)CCCC3*O=C(/N=C/c1ccc(Cl)cc1Cl)c1ccccc1*Cc1ccccc1S,0.619408639
COCc1cccc(-c2cc3ccccc3c3c2OP(=O)(O)Oc2c(-c4cccc(COC)c4)cc4ccccc4c2-3)c1*O=C(/N=C/c1ccc(C(F)(F)F)cc1)c1ccccc1*Sc1ccccc1,1.17989059
CC(C)(C)c1cc(-c2cc3c(c4c2OP(=O)(O)Oc2c(-c5cc(C(C)(C)C)cc(C(C)(C)C)c5)cc5c(c2-4)CCCC5)CCCC3)cc(C(C)(C)C)c1*O=C(/N=C/c1ccc(Cl)cc1Cl)c1ccccc1*CCS,0.501758501
O=P1(O)Oc2c(-c3cc(C(F)(F)F)cc(C(F)(F)F)c3)cc3c(c2-c2c4c(cc(-c5cc(C(F)(F)F)cc(C(F)(F)F)c5)c2O1)CCCC4)CCCC3*COc1ccc(/C=N/C(=O)c2ccccc2)cc1*SC1CCCCC1,0.366586769
O=P1(O)Oc2c(-c3cc(C(F)(F)F)cc(C(F)(F)F)c3)cc3c(c2-c2c4c(cc(-c5cc(C(F)(F)F)cc(C(F)(F)F)c5)c2O1)CCCC4)CCCC3*O=C(/N=C/c1ccc(Cl)cc1Cl)c1ccccc1*Sc1ccccc1,1.370103771
O=P1(O)Oc2c(Cc3cc(C(F)(F)F)cc(C(F)(F)F)c3)cc3c(c2-c2c4c(cc(Cc5cc(C(F)(F)F)cc(C(F)(F)F)c5)c2O1)CCCC4)CCCC3*O=C(/N=C/c1cccc2ccccc12)c1ccccc1*CCS,-0.166908496
O=P1(O)Oc2c(-c3c(Cl)cc(Cl)cc3Cl)cc3c(c2-c2c4c(cc(-c5c(Cl)cc(Cl)cc5Cl)c2O1)CCCC4)CCCC3*O=C(/N=C/c1ccc(C(F)(F)F)cc1)c1ccccc1*CCS,1.152342057
CCOc1ccc(C)cc1-c1cc2ccccc2c2c1OP(=O)(O)Oc1c(-c3cc(C)ccc3OCC)cc3ccccc3c1-2*O=C(/N=C/c1ccccc1)c1ccccc1*Cc1ccccc1S,1.882001124
Cc1cc(C)c(-c2cc3ccccc3c3c2OP(=O)(O)Oc2c(-c4c(C)cc(C)cc4C)cc4ccccc4c2-3)c(C)c1*O=C(/N=C/c1ccc(Cl)cc1Cl)c1ccccc1*SC1CCCCC1,1.531802956
O=P1(O)Oc2c(-c3c(Cl)cc(Cl)cc3Cl)cc3c(c2-c2c4c(cc(-c5c(Cl)cc(Cl)cc5Cl)c2O1)CCCC4)CCCC3*O=C(/N=C/c1cccc2ccccc12)c1ccccc1*COc1ccc(S)cc1,2.058499317
C[Si](c1ccccc1)(c1ccccc1)c1cc2ccccc2c2c1OP(=O)(O)Oc1c([Si](C)(c3ccccc3)c3ccccc3)cc3ccccc3c1-2*O=C(/N=C/c1ccccc1)c1ccccc1*CCS,0.419377753
O=P1(O)Oc2c(-c3cc(C(F)(F)F)cc(C(F)(F)F)c3)cc3c(c2-c2c4c(cc(-c5cc(C(F)(F)F)cc(C(F)(F)F)c5)c2O1)CCCC4)CCCC3*O=C(/N=C/c1ccc(Cl)cc1Cl)c1ccccc1*Cc1ccccc1S,1.027207628
O=P1(O)Oc2c(-c3ccccc3OC(F)(F)F)cc3ccccc3c2-c2c(c(-c3ccccc3OC(F)(F)F)cc3ccccc23)O1*O=C(/N=C/c1ccccc1)c1ccccc1*Cc1ccccc1S,1.238109014
O=P1(O)Oc2c(-c3ccc(S(F)(F)(F)(F)F)cc3)cc3ccccc3c2-c2c(c(-c3ccc(S(F)(F)(F)(F)F)cc3)cc3ccccc23)O1*O=C(/N=C/c1cccc2ccccc12)c1ccccc1*COc1ccc(S)cc1,1.125722444
CC(C)(C)c1ccc([Si](c2ccc(C(C)(C)C)cc2)(c2ccc(C(C)(C)C)cc2)c2cc3c(c4c2OP(=O)(O)Oc2c([Si](c5ccc(C(C)(C)C)cc5)(c5ccc(C(C)(C)C)cc5)c5ccc(C(C)(C)C)cc5)cc5c(c2-4)CCCC5)CCCC3)cc1*COc1ccc(/C=N/C(=O)c2ccccc2)cc1*Cc1ccccc1S,0.047400225
CCc1cc2c(c3c1OP(=O)(O)Oc1c(CC)cc4c(c1-3)CCCC4)CCCC2*O=C(/N=C/c1ccc(C(F)(F)F)cc1)c1ccccc1*SC1CCCCC1,0.023690626
CC(C)(C)c1ccc([Si](c2ccc(C(C)(C)C)cc2)(c2ccc(C(C)(C)C)cc2)c2cc3c(c4c2OP(=O)(O)Oc2c([Si](c5ccc(C(C)(C)C)cc5)(c5ccc(C(C)(C)C)cc5)c5ccc(C(C)(C)C)cc5)cc5c(c2-4)CCCC5)CCCC3)cc1*O=C(/N=C/c1ccc(C(F)(F)F)cc1)c1ccccc1*Cc1ccccc1S,0.0
O=P1(O)Oc2c(-c3ccccc3-c3ccc4ccccc4c3)cc3c(c2-c2c4c(cc(-c5ccccc5-c5ccc6ccccc6c5)c2O1)CCCC4)CCCC3*O=C(/N=C/c1ccccc1)c1ccccc1*COc1ccc(S)cc1,1.446325365
COc1ccc(-c2cc(-c3ccc(OC)cc3)cc(-c3cc4ccccc4c4c3OP(=O)(O)Oc3c(-c5cc(-c6ccc(OC)cc6)cc(-c6ccc(OC)cc6)c5)cc5ccccc5c3-4)c2)cc1*O=C(/N=C/c1ccc(C(F)(F)F)cc1)c1ccccc1*Sc1ccccc1,1.446325365
O=P1(O)Oc2c(-c3c(C4CCCCC4)cc(C4CCCCC4)cc3C3CCCCC3)cc3ccccc3c2-c2c(c(-c3c(C4CCCCC4)cc(C4CCCCC4)cc3C3CCCCC3)cc3ccccc23)O1*O=C(/N=C/c1ccc(C(F)(F)F)cc1)c1ccccc1*Cc1ccccc1S,2.058499317
COc1cccc(OC)c1-c1cc2ccccc2c2c1OP(=O)(O)Oc1c(-c3c(OC)cccc3OC)cc3ccccc3c1-2*O=C(/N=C/c1ccccc1)c1ccccc1*CCS,1.268975128
O=P1(O)Oc2c(-c3ccccc3)cc3ccccc3c2-c2c(c(-c3ccccc3)cc3ccccc23)O1*O=C(/N=C/c1ccccc1)c1ccccc1*COc1ccc(S)cc1,1.238109014
CC(C)c1cc(C(C)C)c(-c2cc3ccccc3c3c2OP(=O)(O)Oc2c(-c4c(C(C)C)cc(C(C)C)cc4C(C)C)cc4ccccc4c2-3)c(C(C)C)c1*O=C(/N=C/c1ccc(Cl)cc1Cl)c1ccccc1*Cc1ccccc1S,2.304684113
O=P1(O)Oc2c(Br)cc3ccccc3c2-c2c(c(Br)cc3ccccc23)O1*O=C(/N=C/c1cccc2ccccc12)c1ccccc1*SC1CCCCC1,0.023690626
O=P1(O)Oc2c(-c3ccccc3OC(F)(F)F)cc3ccccc3c2-c2c(c(-c3ccccc3OC(F)(F)F)cc3ccccc23)O1*O=C(/N=C/c1ccc(Cl)cc1Cl)c1ccccc1*Sc1ccccc1,1.446325365
CCc1cc2c(c3c1OP(=O)(O)Oc1c(CC)cc4c(c1-3)CCCC4)CCCC2*O=C(/N=C/c1ccccc1)c1ccccc1*Cc1ccccc1S,0.118834511
O=P1(O)Oc2c(-c3c4ccccc4cc4ccccc34)cc3ccccc3c2-c2c(c(-c3c4ccccc4cc4ccccc34)cc3ccccc23)O1*COc1ccc(/C=N/C(=O)c2ccccc2)cc1*COc1ccc(S)cc1,2.058499317
COCc1cccc(-c2cc3ccccc3c3c2OP(=O)(O)Oc2c(-c4cccc(COC)c4)cc4ccccc4c2-3)c1*O=C(/N=C/c1ccc(Cl)cc1Cl)c1ccccc1*CCS,0.473819986
O=P1(O)Oc2c(Cc3ccc(C(F)(F)F)cc3C(F)(F)F)cc3ccccc3c2-c2c(c(Cc3ccc(C(F)(F)F)cc3C(F)(F)F)cc3ccccc23)O1*O=C(/N=C/c1cccc2ccccc12)c1ccccc1*COc1ccc(S)cc1,0.142812956
O=P1(O)Oc2c(Cc3cc(C(F)(F)F)cc(C(F)(F)F)c3)cc3c(c2-c2c4c(cc(Cc5cc(C(F)(F)F)cc(C(F)(F)F)c5)c2O1)CCCC4)CCCC3*O=C(/N=C/c1ccc(C(F)(F)F)cc1)c1ccccc1*SC1CCCCC1,-0.07114786
CC(C)(C)c1cc(-c2cc3ccccc3c3c2OP(=O)(O)Oc2c(-c4cc(C(C)(C)C)cc(C(C)(C)C)c4)cc4ccccc4c2-3)cc(C(C)(C)C)c1*COc1ccc(/C=N/C(=O)c2ccccc2)cc1*SC1CCCCC1,0.650583556
Cc1cc(-c2cc3ccccc3c3c2OP(=O)(O)Oc2c(-c4cc(C)c(OC(C)C)c(C)c4)cc4ccccc4c2-3)cc(C)c1OC(C)C*COc1ccc(/C=N/C(=O)c2ccccc2)cc1*SC1CCCCC1,0.5302345
O=P1(O)Oc2c(-c3ccccc3OC(F)(F)F)cc3ccccc3c2-c2c(c(-c3ccccc3OC(F)(F)F)cc3ccccc23)O1*COc1ccc(/C=N/C(=O)c2ccccc2)cc1*Sc1ccccc1,1.17989059
O=P1(O)Oc2c(-c3ccc(S(F)(F)(F)(F)F)cc3)cc3ccccc3c2-c2c(c(-c3ccc(S(F)(F)(F)(F)F)cc3)cc3ccccc23)O1*O=C(/N=C/c1cccc2ccccc12)c1ccccc1*Cc1ccccc1S,1.125722444
CCOc1ccc(C)cc1-c1cc2ccccc2c2c1OP(=O)(O)Oc1c(-c3cc(C)ccc3OCC)cc3ccccc3c1-2*O=C(/N=C/c1ccccc1)c1ccccc1*COc1ccc(S)cc1,1.125722444
Cc1cc(C)c(-c2cc3ccccc3c3c2OP(=O)(O)Oc2c(-c4c(C)cc(C)cc4C)cc4ccccc4c2-3)c(C)c1*COc1ccc(/C=N/C(=O)c2ccccc2)cc1*Cc1ccccc1S,1.301167112
COc1ccc(-c2cc3ccccc3c3c2OP(=O)(O)Oc2c(-c4ccc(OC)cc4)cc4ccccc4c2-3)cc1*O=C(/N=C/c1ccccc1)c1ccccc1*COc1ccc(S)cc1,1.238109014
