rxn,temp,Output
CC([C@@H]1N=C(C2=NC=CC=C2)OC1)C*O=C(C1=CC=CC=C1)N[C@@H](C2=CC=CC=C2)C,0.8097306648443396,0.346452165721493
CC([C@@H]1N=C(C2=NC=CC=C2)OC1)C*O=C(C1=CC=CC=C1)N[C@@H](C2=CC=C(C=C2)C)C,0.8097306648443396,0.310759854077367
CC([C@@H]1N=C(C2=NC=CC=C2)OC1)C*O=C(C1=CC=CC=C1)N[C@@H](C2=CC=CC=C2)CC,0.8097306648443396,0.650001933668572
CC([C@@H]1N=C(C2=NC=CC=C2)OC1)C*O=C(C1=CC=CC=C1)N[C@@H](C2=CC=C(C)C=C2)CC,0.8097306648443396,0.87160277910567
CC([C@@H]1N=C(C2=NC=CC=C2)OC1)C*O=C(C1=C(C=CC=C1)OC)N[C@@H](C2=CC=CC=C2)C,0.8097306648443396,0.534998196902155
CC([C@@H]1N=C(C2=NC=CC=C2)OC1)C*O=C(C1=C(C=CC=C1)OC)N[C@@H](C2=CC=C(C=C2)C)C,0.8097306648443396,0.482852502545752
CC([C@@H]1N=C(C2=NC=CC=C2)OC1)C*C[C@@H](NC(C1=CC=CC=C1)=O)C2=CC=C(C=C2)C(F)(F)F,0.8097306648443396,0.418928551024018
CC([C@@H]1N=C(C2=NC=CC=C2)OC1)C*C[C@@H](NC(C1=CC=CC=C1)=O)C2=CN=C(C=C2)OC,0.8097306648443396,0.300788645518138
CC([C@@H]1N=C(C2=NC=CC=C2)OC1)C*FC(F)(F)C(C=C1)=CC=C1[C@H](NC(C2=CC=CC=C2)=O)CC,0.8097306648443396,0.771318383206464
CC([C@@H]1N=C(C2=NC=CC=C2)OC1)C*COC(C=C1)=NC=C1[C@H](NC(C2=CC=CC=C2)=O)CC,0.8097306648443396,0.324009663389114
CC([C@@H]1N=C(C2=NC=CC=C2)OC1)C*O=S([C@H](CCCC)CCCCCCN1C2=C(C=C1)C=CC=C2)(C)=O,0.8097306648443396,-0.106475590851835
CC([C@@H]1N=C(C2=NC=CC=C2)OC1)C*O=C(N(CC1=CC=CC=C1)C2=CC=CC=C2)[C@H](CC)CCCCCC,-0.6177644706061631,0.165461196203332
CC([C@@H]1N=C(C2=NC=CC=C2)OC1)C*O=C([C@H](/C=C/C1=CC=CC=C1)CC)C2=CC=CC=C2,-0.14193275878932887,-0.0233935236915215
CC([C@@H]1N=C(C2=NC=CC=C2)OC1)C*FC(F)(F)[C@@H](C1=CC=CC=C1)CCC2=CC=CC=C2,-1.5694278942398316,0.145789410800601
CC([C@@H]1N=C(C2=NC=CC=C2)OC1)C*O=S([C@H](CCCC)C1=CC=CC=C1)(C)=O,-1.5694278942398316,0.445846151602923
CC([C@@H]1N=C(C2=NC=CC=C2)OC1)C*N#C[C@@H](C1CCCCC1)C2=CC=CC=C2,-1.8073437501482488,0.27735595942908
CC([C@@H]1N=C(C2=NC=CC=C2)OC1)C*C[C@H](C1=CC=C(C=C1)C(OCC)=O)NC(C2=CC=CC=C2)=O,0.8097306648443396,0.462994566743146
CC([C@@H]1N=C(C2=NC=CC=C2)OC1)C*O=C(C1=CC=CC=C1)N[C@@H](C2=CC=C(C=C2)C(OCC)=O)CC,0.8097306648443396,0.244495860349982
CC([C@@H]1N=C(C2=NC=CC=C2)OC1)C*CC[C@H](C1=CC=CC=C1)C2=CC=C(C=C2)OC,0.8097306648443396,-0.177151648274882
CC([C@@H]1N=C(C2=NC=CC=C2)OC1)C*CC[C@H](C1=CC=CC=C1)C2=CC=C(C=C2)OC,0.8097306648443396,-0.0449326718131282
CC([C@@H]1N=C(C2=NC=CC=C2)OC1)C*O=C(NC1=CC=CC=C1)[C@@H](CC)CCC2CCCCC2,-0.8556803265145803,-0.0267671511801884
CC([C@@H]1N=C(C2=NC=CC=C2)OC1)C*O=C(NC1=CC=CC=C1)[C@@H](CC)CCCCCC,-0.8556803265145803,-0.354811690406133
CC([C@@H]1N=C(C2=NC=CC=C2)OC1)C*CC[C@@H](C1=CC=CC=C1)C2=CC(OC)=NC=C2,0.8097306648443396,-0.183974163218378
CC([C@@H]1N=C(C2=NC=CC=C2)OC1)C*CC[C@@H](C1=CC=C(OC)C=C1)C2=CC(OC)=NC=C2,0.8097306648443396,0.169350334814802
CC([C@@H]1N=C(C2=NC=CC=C2)OC1)C*O=C(C1=CC=CC=C1)N[C@H](C2CCN(S(C3=CC=C(C=C3)C)(=O)=O)CC2)CC,0.8097306648443396,-0.276291082845558
CC([C@@H]1N=C(C2=NC=CC=C2)OC1)C*O=C(C1=CC=CC=C1)N[C@H](CC)CCCC2=CC=CC=C2,0.8097306648443396,0.0137057795865987
CC([C@@H]1N=C(C2=NC=CC=C2)OC1)C*O=C(N[C@@H](CCCCC)CC1=CC=CC=C1)OCC2=CC=CC=C2,0.8097306648443396,0.269344082426254
CC([C@@H]1N=C(C2=NC=CC=C2)OC1)C*O=C(OCC1=CC=CC=C1)N[C@@H](CC)CC2=CC=C(C=C2)C(F)(F)F,0.8097306648443396,-0.193469603101865
CC([C@@H]1N=C(C2=NC=CC=C2)OC1)C*O=C(C1=CC=CC=C1)N[C@H](C2CCN(S(C3=CC=C(C=C3)C)(=O)=O)CC2)C,0.8097306648443396,0.0229544278863785
CC([C@@H]1N=C(C2=NC=CC=C2)OC1)C*O=C(C1=CC=CC=C1)N[C@@H](C)CCCC2=CC=CC=C2,0.8097306648443396,-0.0846623771450547
CC([C@@H]1N=C(C2=NC=CC=C2)OC1)C*C[C@H](NC(C1=CC=CC=C1)=O)CCCC,0.8097306648443396,-0.0175173930888286
CC([C@@H]1N=C(C2=NC=CC=C2)OC1)C*C[C@@H](OC(C1=CC=CC=C1)=O)CCCN2C(C3=C(C2=O)C=CC=C3)=O,0.8097306648443396,0.167946793543006
CC([C@@H]1N=C(C2=NC=CC=C2)OC1)C*O=C1N(CCC1)[C@@H](CCCCC)CCCOC2=CC3=C(C=C2)C=CC=C3,0.8097306648443396,-0.138249399054987
CC([C@@H]1N=C(C2=NC=CC=C2)OC1)C*CC1(C)OB([C@H](CCCCC)CCCN2C3=C(C4=C2C=CC=C4)C=CC=C3)OC1(C)C,0.8097306648443396,-0.0823875669501165
CC([C@@H]1N=C(C2=NC=CC=C2)OC1)C*O=C1[C@@](CC)(CCN1C2=CC=CC=C2)/C=C/CCCC3=CC=CC=C3,0.8097306648443396,-1.1782190607605
CC([C@@H]1N=C(C2=NC=CC=C2)OC1)C*O=C(NC1=CC=CC=C1)[C@@H](C)CCCCC2=CC=CC=C2,-1.0935961824229974,0.218067810825922
CC([C@@H]1N=C(C2=NC=CC=C2)OC1)C*O=C(NC1=CC=CC=C1)[C@@H](C)CCC2=CC=C(C=C2)C(F)(F)F,-1.0935961824229974,-0.0573690948374544
CC([C@@H]1N=C(C2=NC=CC=C2)OC1)C*O=C(NC1=CC=C(C=C1)C(OCC)=O)[C@H](C)CCC2=CC=CC=C2,-1.0935961824229974,-0.616809602745176
CC([C@@H]1N=C(C2=NC=CC=C2)OC1)C*O=C(CCC1)N1[C@H](C)CCCN2C3=C(C4=C2C=CC=C4)C=CC=C3,-0.6177644706061631,0.203913845769347
CC([C@@H]1N=C(C2=NC=CC=C2)OC1)C*O=C1N(CCC1)[C@H](C)CCCN2C(C3=C(C2=O)C=CC=C3)=O,-0.6177644706061631,0.238405518837946
CC([C@@H]1N=C(C2=NC=CC=C2)OC1)C*O=C1N(CCC1)[C@@H](C)CCCC2=CC=CC=C2,-0.6177644706061631,-0.173907003123593
CC([C@@H]1N=C(C2=NC=CC=C2)OC1)C*O=C(CCC1)N1[C@H](C)CC2=CC=CC=C2,-0.6177644706061631,-0.188162582973233
CC([C@@H]1N=C(C2=NC=CC=C2)OC1)C*O=C(NC1=CC=C(C=C1)C(OCC)=O)[C@@H](C)CCCC2CCCCC2,-1.0935961824229974,0.121567868251627
CC([C@@H]1N=C(C2=NC=CC=C2)OC1)C*O=C(NC1=CC=C(C=C1)C(OCC)=O)[C@H](C)CC2CCN(S(C3=CC=C(C=C3)C)(=O)=O)CC2,-1.0935961824229974,0.028559345334167
CC([C@@H]1N=C(C2=NC=CC=C2)OC1)C*O=C(C(CC#CC1=CC=CC=C1)C)NC2=CC=C(C(OCC)=O)C=C2,-1.0935961824229974,-0.0818210094389895
CC([C@@H]1N=C(C2=NC=CC=C2)OC1)C*CC[C@H](NC(C1=CC=CC=C1)=O)CCCC2=CC=C(C=C2)OC,-1.0935961824229974,0.0676925554614108
CC([C@@H]1N=C(C2=NC=CC=C2)OC1)C*O=C1CCCN1[C@H](CCCCC)CC2=CC=CC=C2,-0.6177644706061631,-0.0363662646076712
CC([C@@H]1N=C(C2=NC=CC=C2)OC1)C*CC[C@@H](NC(C1=CC=CC=C1)=O)CCCC2=CC=C(C=C2)OC,-0.8556803265145803,0.0356446512839814
CC([C@@H]1N=C(C2=NC=CC=C2)OC1)C*O=C(NC1=CC=CC=C1)[C@H](CC)CCC2CCCCC2,-0.8556803265145803,-0.13813413109331
CC([C@@H]1N=C(C2=NC=CC=C2)OC1)C*O=C(C1=CC=CC=C1)O[C@H](C)CCCN2C3=C(C=C2)C=CC=C3,0.8097306648443396,0.0846228839335871
CC([C@@H]1N=C(C2=NC=CC=C2)OC1)C*CC[C@H](NC(C1=CC=CC=C1)=O)CCC2CCCCC2,0.8097306648443396,-0.144612268906261
CC([C@@H](CO1)N=C1C2=NC=CC=C2)C*CC1(OB(OC1(C)C)[C@H](CCCC1=CC=CC=C1)CCCCC)C,0.5718148089359225,-0.682936924480974
CC([C@@H](CO1)N=C1C2=CC=CC=N2)C*CC(C[C@H](C1=CC=CC=C1)NC(C1=CC=CC=C1)=O)(C)C,0.5718148089359225,-0.589291712598015
CC([C@@H](CO1)N=C1C2=CC=CC=N2)C*CC(C[C@@H](C(=O)OC(C)(C)C)C1=CC(=NC=C1)C(F)(F)F)(C)C,1.0476465207527568,0.299774619322117
CC([C@@H](CO1)N=C1C2=CC=CC=N2)C*COC1=CC=C(C=C1)/C=C/C[C@@]1(C(N(C2=CC=CC=C12)C)=O)C,2.2372258002948424,-0.658469005708632
CC([C@@H](CO1)N=C1C2=CC=CC=N2)C*CC.CN1C(=O)[C@](C)(CC2=CC=CC=C2)C2=CC=CC=C21,1.285562376661174,-0.200857175000917
CC([C@@H](CO1)N=C1C2=CC=CC=N2)C*C(CCCCC)[C@@]1(C(N(C2=CC=CC=C12)C)=O)C1=CC=CC=C1,0.5718148089359225,-0.302820291260376
CC([C@@H](CO1)N=C1C2=CC=CC=N2)C*C(C1=CC=CC=C1)N(C[C@]1(COC2=C1C=CC=C2)C)CC2=CC=CC=C2,1.0476465207527568,-1.49557002745471
CC([C@@H](CO1)N=C1C2=CC=CC=N2)C*COC(\C=C\C[C@]1(COC2=C1C=CC=C2)C)=O,1.285562376661174,-1.05534100146797
CC([C@H]1COC(C2=NC=CC=C2)=N1)C*CC1(OB(OC(C1)(C)C)[C@H](CCC)C1=CC=C(C(=O)OC)C=C1)C,0.5718148089359225,-0.240229041575083
CC([C@H]1COC(C2=NC=CC=C2)=N1)C*CC=1C[C@@]2([C@@H](N(C=3C=CC=CC23)C)C1C1=CC=CC=C1)C,2.2372258002948424,-0.592770220509198
CC([C@@H]1N=C(CC2=N[C@@H](C(C)(C)C)CO2)OC1)(C)C*O=C(C1=CC=CC=C1)N[C@@H](C2=CC=CC=C2)C,0.8097306648443396,-0.0853065224358369
CC([C@@H]1N=C(CC2=N[C@@H](C(C)(C)C)CO2)OC1)(C)C*O=C(C1=CC=CC=C1)N[C@@H](C2=CC=C(C=C2)C)C,0.8097306648443396,-0.0952654961865838
CC([C@@H]1N=C(CC2=N[C@@H](C(C)(C)C)CO2)OC1)(C)C*C[C@@H](NC(C1=CC=CC=C1)=O)C2=CC=C(C=C2)C(F)(F)F,0.8097306648443396,-0.176046336828873
CC([C@@H]1N=C(CC2=N[C@@H](C(C)(C)C)CO2)OC1)(C)C*C[C@@H](NC(C1=CC=CC=C1)=O)C2=CN=C(C=C2)OC,0.8097306648443396,-0.19107689290857
CC([C@@H]1N=C(CC2=N[C@@H](C(C)(C)C)CO2)OC1)(C)C*COC(C=C1)=NC=C1[C@H](NC(C2=CC=CC=C2)=O)CC,0.8097306648443396,-0.145108941961665
CC([C@@H]1N=C(CC2=N[C@@H](C(C)(C)C)CO2)OC1)(C)C*O=C(N1CCCCCC[C@H](S(C2=CC=C(C=C2)C)(=O)=O)CCCC)C3=C(C1=O)C=CC=C3,0.8097306648443396,0.124227844461237
CC([C@@H]1N=C(CC2=N[C@@H](C(C)(C)C)CO2)OC1)(C)C*CC1=CC=C(C=C1)S([C@H](CCCC)CCCCCCN2C3=C(C=C2)C=CC=C3)(=O)=O,0.8097306648443396,0.0836950190547548
CC([C@@H]1N=C(CC2=N[C@@H](C(C)(C)C)CO2)OC1)(C)C*O=C(N1CCCCCC[C@H](S(=O)(C)=O)CCCC)C2=C(C1=O)C=CC=C2,0.8097306648443396,-0.00924907964649847
CC([C@@H]1N=C(CC2=N[C@@H](C(C)(C)C)CO2)OC1)(C)C*O=S([C@H](CCCC)CCCCCCN1C2=C(C=C1)C=CC=C2)(C)=O,0.8097306648443396,-0.0456868383354877
CC([C@@H]1N=C(CC2=N[C@@H](C(C)(C)C)CO2)OC1)(C)C*O=C(N(C1=CC=CC=C1)C2=CC=CC=C2)[C@H](CC)CCCCCC,-0.6177644706061631,0.488079570630452
CC([C@@H]1N=C(CC2=N[C@@H](C(C)(C)C)CO2)OC1)(C)C*O=C(N(CC1=CC=CC=C1)C2=CC=CC=C2)[C@H](CC)CCCCCC,-0.6177644706061631,0.0953434783099176
CC([C@@H]1N=C(CC2=N[C@@H](C(C)(C)C)CO2)OC1)(C)C*FC(F)(F)[C@@H](C1=CC=CC=C1)CCC2=CC=CC=C2,-1.5694278942398316,0.173868064371708
CC([C@@H]1N=C(CC2=N[C@@H](C(C)(C)C)CO2)OC1)(C)C*O=S([C@H](CCCC)C1=CC=CC=C1)(C)=O,-1.5694278942398316,0.177057185130921
CC([C@@H]1N=C(CC2=N[C@@H](C(C)(C)C)CO2)OC1)(C)C*N#C[C@@H](C1CCCCC1)C2=CC=CC=C2,-1.8073437501482488,0.00422201420988903
CC([C@@H]1N=C(CC2=N[C@@H](C(C)(C)C)CO2)OC1)(C)C*C[C@H](C1=CC=C(C=C1)C(OCC)=O)NC(C2=CC=CC=C2)=O,0.8097306648443396,0.112173628004768
CC([C@@H]1N=C(CC2=N[C@@H](C(C)(C)C)CO2)OC1)(C)C*O=C(C1=CC=CC=C1)N[C@@H](C2=CC=C(C=C2)C(OCC)=O)CC,0.8097306648443396,-0.145338017589407
CC([C@@H]1N=C(CC2=N[C@@H](C(C)(C)C)CO2)OC1)(C)C*C[C@@H](C1=CC=C(C=C1)C)/C=C/C2=CC=C(C=C2)OC,-0.6177644706061631,0.0896436154622265
CC([C@@H]1N=C(CC2=N[C@@H](C(C)(C)C)CO2)OC1)(C)C*C[C@@H](C1=CC=C(C=C1)C)/C=C/C2=CC=C(C=C2)OC,-0.6177644706061631,0.132985982384078
CC([C@@H]1N=C(CC2=N[C@@H](C(C)(C)C)CO2)OC1)(C)C*O=C(C1=CC=CC=C1)[C@H](CC)C2=CC=CC=C2,-0.379848614697746,0.305143604041081
CC([C@@H]1N=C(CC2=N[C@@H](C(C)(C)C)CO2)OC1)(C)C*CC[C@H](C1=CC=CC=C1)C2=CC=C(C=C2)OC,0.8097306648443396,-0.144854905153523
CC([C@@H]1N=C(CC2=N[C@@H](C(C)(C)C)CO2)OC1)(C)C*O=C(NC1=CC=CC=C1)[C@@H](CC)CCC2CCCCC2,-0.8556803265145803,0.0140434273847507
CC([C@@H]1N=C(CC2=N[C@@H](C(C)(C)C)CO2)OC1)(C)C*CC[C@@H](C1=CC=CC=C1)C2=CC(OC)=NC=C2,0.8097306648443396,-0.422481586190935
CC([C@@H]1N=C(CC2=N[C@@H](C(C)(C)C)CO2)OC1)(C)C*CC[C@@H](C1=CC=C(OC)C=C1)C2=CC(OC)=NC=C2,0.8097306648443396,-0.00504552550889214
CC([C@@H]1N=C(CC2=N[C@@H](C(C)(C)C)CO2)OC1)(C)C*COC1=CC([C@@H](C2=CC=CC=C2)CC3=CC=CC=C3)=CC=N1,0.8097306648443396,0.273815456719658
CC([C@@H]1N=C(CC2=N[C@@H](C(C)(C)C)CO2)OC1)(C)C*O=C(C1=CC=CC=C1)N[C@H](C2CCN(S(C3=CC=C(C=C3)C)(=O)=O)CC2)CC,0.8097306648443396,-0.068147786674428
CC([C@@H]1N=C(CC2=N[C@@H](C(C)(C)C)CO2)OC1)(C)C*O=C(N[C@@H](CCCCC)CC1=CC=CC=C1)OCC2=CC=CC=C2,0.8097306648443396,0.247998552379698
CC([C@@H]1N=C(CC2=N[C@@H](C(C)(C)C)CO2)OC1)(C)C*CC[C@@H](C1CCCCC1)NC(OCC2=CC=CC=C2)=O,0.8097306648443396,0.261642778013965
CC([C@@H]1N=C(CC2=N[C@@H](C(C)(C)C)CO2)OC1)(C)C*O=C(OCC1=CC=CC=C1)N[C@@H](CC)CC2=CC=C(C=C2)C(F)(F)F,0.8097306648443396,-0.020312898542521
CC([C@@H]1N=C(CC2=N[C@@H](C(C)(C)C)CO2)OC1)(C)C*O=C(C1=CC=CC=C1)N[C@H](C2CCN(S(C3=CC=C(C=C3)C)(=O)=O)CC2)C,0.8097306648443396,-0.110835559059641
CC([C@@H]1N=C(CC2=N[C@@H](C(C)(C)C)CO2)OC1)(C)C*O=C(C1=CC=CC=C1)N[C@@H](C)CCCC2=CC=CC=C2,0.8097306648443396,-0.103078714799065
CC([C@@H]1N=C(CC2=N[C@@H](C(C)(C)C)CO2)OC1)(C)C*C[C@H](NC(C1=CC=CC=C1)=O)CCCC,0.8097306648443396,-0.028322490474946
CC([C@@H]1N=C(CC2=N[C@@H](C(C)(C)C)CO2)OC1)(C)C*C[C@@H](OC(C1=CC=CC=C1)=O)CCCN2C3=C(C4=C2C=CC=C4)C=CC=C3,0.8097306648443396,-0.0267970137940582
CC([C@@H]1N=C(CC2=N[C@@H](C(C)(C)C)CO2)OC1)(C)C*C[C@@H](OC(C1=CC=CC=C1)=O)CCCN2C(C3=C(C2=O)C=CC=C3)=O,0.8097306648443396,0.0631759838412673
CC([C@@H]1N=C(CC2=N[C@@H](C(C)(C)C)CO2)OC1)(C)C*O=C1N(CCC1)[C@@H](CCCCC)CCCOC2=CC3=C(C=C2)C=CC=C3,0.8097306648443396,-0.93885297953113
CC([C@@H]1N=C(CC2=N[C@@H](C(C)(C)C)CO2)OC1)(C)C*CC1(C)OB([C@H](CCCCC)CCCN2C3=C(C4=C2C=CC=C4)C=CC=C3)OC1(C)C,0.8097306648443396,0.00945352205634912
CC([C@@H]1N=C(CC2=N[C@@H](C(C)(C)C)CO2)OC1)(C)C*O=C1[C@@](CC)(CCN1C2=CC=CC=C2)/C=C/CCCC3=CC=CC=C3,0.8097306648443396,0.0592221850300767
CC([C@@H]1N=C(CC2=N[C@@H](C(C)(C)C)CO2)OC1)(C)C*O=C(NC1=CC=CC=C1)[C@@H](C)CCC2=CC=C(C=C2)C(F)(F)F,-1.0935961824229974,0.0605662305120683
CC([C@@H]1N=C(CC2=N[C@@H](C(C)(C)C)CO2)OC1)(C)C*O=C(NC1=CC=C(C=C1)C(OCC)=O)[C@H](C)CCC2=CC=CC=C2,-1.0935961824229974,-0.462129848800218
CC([C@@H]1N=C(CC2=N[C@@H](C(C)(C)C)CO2)OC1)(C)C*O=C(CCC1)N1[C@H](C)CCCN2C3=C(C4=C2C=CC=C4)C=CC=C3,-0.6177644706061631,-0.064456496384066
CC([C@@H]1N=C(CC2=N[C@@H](C(C)(C)C)CO2)OC1)(C)C*O=C1N(CCC1)[C@H](C)CCCN2C(C3=C(C2=O)C=CC=C3)=O,-0.6177644706061631,-0.0120629422230578
CC([C@@H]1N=C(CC2=N[C@@H](C(C)(C)C)CO2)OC1)(C)C*O=C1N(CCC1)[C@@H](C)CCCC2=CC=CC=C2,-0.6177644706061631,-0.144444977928799
CC([C@@H]1N=C(CC2=N[C@@H](C(C)(C)C)CO2)OC1)(C)C*O=C(CCC1)N1[C@H](C)CC2=CC=CC=C2,-0.6177644706061631,-0.386485019601042
CC([C@@H]1N=C(CC2=N[C@@H](C(C)(C)C)CO2)OC1)(C)C*O=C(NC1=CC=C2C=CC=CC2=C1)[C@@H](C)CCC3=CC=CC=C3,-1.0935961824229974,0.0415991987285402
CC([C@@H]1N=C(CC2=N[C@@H](C(C)(C)C)CO2)OC1)(C)C*O=C(NC1=CC=C2C=CC=CC2=C1)[C@@H](C)CCCCC3=CC=CC=C3,-1.0935961824229974,-0.11074636791382
CC([C@@H]1N=C(CC2=N[C@@H](C(C)(C)C)CO2)OC1)(C)C*O=C(NC1=CC=C(C=C1)C(OCC)=O)[C@H](C)CC2CCN(S(C3=CC=C(C=C3)C)(=O)=O)CC2,-1.0935961824229974,0.0887860914810946
CC([C@@H]1N=C(CC2=N[C@@H](C(C)(C)C)CO2)OC1)(C)C*O=C(NC1=CC=C(C=C1)C(OCC)=O)[C@@H](C)CCCCCCC,-1.0935961824229974,-0.110526010336284
CC([C@@H]1N=C(CC2=N[C@@H](C(C)(C)C)CO2)OC1)(C)C*CC[C@H](NC(C1=CC=CC=C1)=O)CCCC2=CC=C(C=C2)OC,-1.0935961824229974,0.100603066643201
CC([C@@H]1N=C(CC2=N[C@@H](C(C)(C)C)CO2)OC1)(C)C*O=C1CCCN1[C@H](CCCCC)CC2=CC=CC=C2,-0.6177644706061631,-0.0723307133129202
CC([C@@H]1N=C(CC2=N[C@@H](C(C)(C)C)CO2)OC1)(C)C*CC[C@@H](NC(C1=CC=CC=C1)=O)CCCC2=CC=C(C=C2)OC,-0.8556803265145803,-0.35400394497085
CC([C@@H]1N=C(CC2=N[C@@H](C(C)(C)C)CO2)OC1)(C)C*O=C(NC1=CC=CC=C1)[C@H](CC)CCC2CCCCC2,-0.8556803265145803,-0.0881647766305131
CC([C@@H]1N=C(CC2=N[C@@H](C(C)(C)C)CO2)OC1)(C)C*CC[C@H](NC(C1=CC=CC=C1)=O)CCC2CCCCC2,0.8097306648443396,-0.31752787507009
CC([C@@H]1N=C(CC2=N[C@@H](C(C)(C)C)CO2)OC1)(C)C*CC[C@H](NC(C1=CC=CC=C1)=O)CCCC2=CC=C(C=C2)OC,0.8097306648443396,0.0177853226034768
CC([C@H]1COC(CC2=N[C@@H](C(C)(C)C)CO2)=N1)(C)C*F[C@H](C1=CC=C(C(=O)OC)C=C1)C1=CC=CC=C1,-0.379848614697746,-0.0442423353482214
CNC(C1=CC=CC=C1)[C@H](NC)C1=CC=CC=C1*C[C@H](C1=CC=C(C=C1)C2=CC=CC=C2)B3OC(C)(C)C(C)(C)O3,0.5718148089359225,-1.96511826580124
CNC(C1=CC=CC=C1)[C@H](NC)C1=CC=CC=C1*CC(O1)(C)C(C)(C)OB1[C@H](CCCCCCC)C2=CC=C(C(OC)=O)C=C2,0.5718148089359225,-2.30581680519884
CNC(C1=CC=CC=C1)[C@H](NC)C1=CC=CC=C1*CC(O1)(C)C(C)(C)OB1[C@H](CCCCCl)C2=CC=C(C(OC)=O)C=C2,0.5718148089359225,-2.05951101582029
CNC(C1=CC=CC=C1)[C@H](NC)C1=CC=CC=C1*CC(C)(C)C[C@@H](B1OC(C)(C)C(C)(C)O1)C2=CC=C(C(OC)=O)C=C2,0.5718148089359225,-2.17057864018765
CNC(C1=CC=CC=C1)[C@H](NC)C1=CC=CC=C1*CC(O1)(C)C(C)(C)OB1[C@H](C[Si](C)(C)C)C2=CC=C(C(OC)=O)C=C2,0.5718148089359225,-2.17057864018765
CNC(C1=CC=CC=C1)[C@H](NC)C1=CC=CC=C1*CC(O1)(C)C(C)(C)OB1[C@H](CCCCOC2=CC=CC=C2)C3=CC=C(C(OC)=O)C=C3,0.5718148089359225,-2.05951101582029
CNC(C1=CC=CC=C1)[C@H](NC)C1=CC=CC=C1*CC(O1)(C)C(C)(C)OB1[C@H](CCCCO[Si](C2=CC=CC=C2)(C(C)(C)C)C3=CC=CC=C3)C4=CC=C(C(OC)=O)C=C4,0.5718148089359225,-2.30581680519884
CNC(C1=CC=CC=C1)[C@H](NC)C1=CC=CC=C1*CC(O1)(C)C(C)(C)OB1[C@H](CCCCN(C)S(C2=CC=C(C)C=C2)(=O)=O)C3=CC=C(C(OC)=O)C=C3,0.5718148089359225,-2.05951101582029
CNC(C1=CC=CC=C1)[C@H](NC)C1=CC=CC=C1*CC(O1)(C)C(C)(C)OB1[C@H](CCOC)C2=CC=C(C(OC)=O)C=C2,0.5718148089359225,-2.05951101582029
CNC(C1=CC=CC=C1)[C@H](NC)C1=CC=CC=C1*CC(O1)(C)C(C)(C)OB1[C@H](CCCC2=CC=CC=C2)C3=CC=C(C(OC)=O)C=C3,0.5718148089359225,-2.30581680519884
CNC(C1=CC=CC=C1)[C@H](NC)C1=CC=CC=C1*CC(O1)(C)C(C)OB1[C@H](CC2=CC=CC=C2)C3=CC=C(C(OC)=O)C=C3,0.5718148089359225,-2.17057864018765
CNC(C1=CC=CC=C1)[C@H](NC)C1=CC=CC=C1*CC[C@@H](B1OC(C)(C)C(C)(C)O1)C2=CC=C(C(OC)=O)C=C2,0.5718148089359225,-2.30581680519884
CNC(C1=CC=CC=C1)[C@H](NC)C1=CC=CC=C1*CC(O1)(C)C(C)(C)OB1[C@H](CCC)C2=CC=C(C(OC)=O)C=C2,0.5718148089359225,-2.30581680519884
CNC(C1=CC=CC=C1)[C@H](NC)C1=CC=CC=C1*C[C@@H](B1OC(C)(C)C(C)(C)O1)C2=CC=C(C(OC)=O)C=C2,0.5718148089359225,-3.13616515793785
CNC(C1=CC=CC=C1)[C@H](NC)C1=CC=CC=C1*C[C@@H](B1OC(C)(C)C(C)(C)O1)C2=CC=C(C(C)=O)C=C2,0.5718148089359225,-1.88292607790766
CNC(C1=CC=CC=C1)[C@H](NC)C1=CC=CC=C1*C[C@@H](B1OC(C)(C)C(C)(C)O1)C2=CC=C(Cl)C=C2,0.5718148089359225,-2.05951101582029
CNC(C1=CC=CC=C1)[C@H](NC)C1=CC=CC=C1*C[C@@H](B1OC(C)(C)C(C)(C)O1)C2=CC=CC=C2,0.5718148089359225,-2.17057864018765
CNC(C1=CC=CC=C1)[C@H](NC)C1=CC=CC=C1*C[C@@H](B1OC(C)(C)C(C)(C)O1)C2=CC=C(SC)C=C2,0.5718148089359225,-2.17057864018765
CNC(C1=CC=CC=C1)[C@H](NC)C1=CC=CC=C1*C[C@@H](B1OC(C)(C)C(C)(C)O1)C2=CC=C(OC)C=C2,0.5718148089359225,-1.74451448422234
CNC(C1=CC=CC=C1)[C@H](NC)C1=CC=CC=C1*C[C@@H](B1OC(C)(C)C(C)(C)O1)C2=CC=C(C(F)(F)F)C=C2,0.5718148089359225,-2.17057864018765
CNC(C1=CC=CC=C1)[C@H](NC)C1=CC=CC=C1*C[C@H](C1=CC=C(C=C1)C#N)B2OC(C)(C(C)(O2)C)C,0.5718148089359225,-2.72250611814912
CNC(C1=CC=CC=C1)[C@H](NC)C1=CC=CC=C1*C[C@@H](B1OC(C)(C)C(C)(C)O1)C2=CC=C(C3=CC=CC=C3)C=C2,0.5718148089359225,-1.88292607790766
CNC(C1=CC=CC=C1)[C@H](NC)C1=CC=CC=C1*C[C@@H](B1OC(C)(C)C(C)(C)O1)C2=CC=C(OS(C3=CC=C(C)C=C3)(=O)=O)C=C2,0.5718148089359225,-1.74451448422234
CNC(C1=CC=CC=C1)[C@H](NC)C1=CC=CC=C1*C[C@@H](B1OC(C)(C)C(C)(C)O1)C2=CC(OC)=CC=C2,0.5718148089359225,-2.05951101582029
CNC(C1=CC=CC=C1)[C@H](NC)C1=CC=CC=C1*C[C@@H](B1OC(C)(C)C(C)(C)O1)C2=CC(C(F)(F)F)=CC=C2,0.5718148089359225,-2.30581680519884
CNC(C1=CC=CC=C1)[C@H](NC)C1=CC=CC=C1*C[C@@H](B1OC(C)(C)C(C)(C)O1)C2=C(Cl)C=CC=C2,0.5718148089359225,-2.17057864018765
CNC(C1=CC=CC=C1)[C@H](NC)C1=CC=CC=C1*C[C@@H](B1OC(C)(C)C(C)(C)O1)C2=C(C)C=CC=C2,0.5718148089359225,-2.47927718299034
CNC(C1=CC=CC=C1)[C@H](NC)C1=CC=CC=C1*C[C@@H](B1OC(C)(C)C(C)(C)O1)C2=C(OC)C=CC=C2,0.5718148089359225,-1.57963995116361
CNC(C1=CC=CC=C1)[C@H](NC)C1=CC=CC=C1*C[C@@H](B1OC(C)(C)C(C)(C)O1)C2=C(C=CC=C3)C3=CC=C2,0.5718148089359225,-2.30581680519884
CNC(C1=CC=CC=C1)[C@H](NC)C1=CC=CC=C1*C[C@@H](B1OC(C)(C)C(C)(C)O1)C2=CN(S(C3=CC=C(C)C=C3)(=O)=O)C4=C2C=CC=C4,0.5718148089359225,-1.63022336051597
CNC(C1=CC=CC=C1)[C@H](NC)C1=CC=CC=C1*C[C@H](C1=CC=CS1)B2OC(C)(C)C(C)(C)O2,0.5718148089359225,-1.00478977993828
CNC(C1=CC=CC=C1)[C@H](NC)C1=CC=CC=C1*C[C@@H](B1OC(C)(C)C(C)(C)O1)C2=CC=C(C=C2)C(OC[C@H]3O[C@@H]4OC(C)(O[C@@H]4[C@H]3O)C)=O,0.5718148089359225,-2.30581680519884
CN[C@H](C1=CC=CC=C1CC)[C@H](NC)C2=C(CC)C=CC=C2*O(C1=CC=CC=C1)CCC[C@@H](C)NC(OC(C)(C)C)=O,-0.6177644706061631,-1.59823622795684
CN[C@H](C1=CC=CC=C1CC)[C@H](NC)C2=C(CC)C=CC=C2*O(C1=CC=CC=C1)CCC[C@@H](CC)NC(OC(C)(C)C)=O,-0.6177644706061631,-1.65827506901351
CN[C@H](C1=CC=CC=C1CC)[C@H](NC)C2=C(CC)C=CC=C2*CC(C[C@@H](CCCOC1=CC=CC=C1)NC(OC(C)(C)C)=O)C,-0.6177644706061631,-1.59823622795684
CN[C@H](C1=CC=CC=C1CC)[C@H](NC)C2=C(CC)C=CC=C2*C1(CCCCC1)[C@@H](CCCOC1=CC=CC=C1)NC(OC(C)(C)C)=O,-0.6177644706061631,-1.49352846193171
CN[C@H](C1=CC=CC=C1CC)[C@H](NC)C2=C(CC)C=CC=C2*CC(C)[C@@H](CCCOC1=CC=CC=C1)NC(OC(C)(C)C)=O,-0.6177644706061631,-1.59823622795684
CN[C@H](C1=CC=CC=C1CC)[C@H](NC)C2=C(CC)C=CC=C2*O(C1=CC=CC=C1)CCC[C@@H](CCC1=CC=CC=C1)NC(OC(C)(C)C)=O,-0.6177644706061631,-1.59823622795684
CN[C@H](C1=CC=CC=C1CC)[C@H](NC)C2=C(CC)C=CC=C2*O(C1=CC=CC=C1)CCC[C@H](CC1=CC=CC=C1)NC(OC(C)(C)C)=O,-0.6177644706061631,-1.59823622795684
CN[C@H](C1=CC=CC=C1CC)[C@H](NC)C2=C(CC)C=CC=C2*O(C1=CC=CC=C1)CCC[C@@H](CCCCNC(OC(C)(C)C)=O)NC(OC(C)(C)C)=O,-0.6177644706061631,-1.65827506901351
CN[C@H](C1=CC=CC=C1CC)[C@H](NC)C2=C(CC)C=CC=C2*CSCC[C@@H](CCCOC1=CC=CC=C1)NC(OC(C)(C)C)=O,-0.6177644706061631,-1.65827506901351
CN[C@H](C1=CC=CC=C1CC)[C@H](NC)C2=C(CC)C=CC=C2*CN1C=C(C2=CC=CC=C12)C[C@@H](CCCOC1=CC=CC=C1)NC(OC(C)(C)C)=O,-0.6177644706061631,-1.65827506901351
CN[C@H](C1=CC=CC=C1CC)[C@H](NC)C2=C(CC)C=CC=C2*O(C1=CC=CC=C1)CCC[C@H](CC=1SC=CC1)NC(OC(C)(C)C)=O,-0.6177644706061631,-1.72504195264289
CN[C@H](C1=CC=CC=C1CC)[C@H](NC)C2=C(CC)C=CC=C2*C(C)(C)(C)OC(=O)N[C@@H](CCC(=O)OC)CCCOC1=CC=CC=C1,-0.6177644706061631,-1.80034229181154
CN[C@H](C1=CC=CC=C1CC)[C@H](NC)C2=C(CC)C=CC=C2*O(C1=CC=CC=C1)CCC[C@@H]1N(CCC1)C(=O)OC(C)(C)C,-0.6177644706061631,-1.59823622795684
CN[C@H](C1=CC=CC=C1CC)[C@H](NC)C2=C(CC)C=CC=C2*O(C1=CC=CC=C1)CCC[C@@H](CC)NC(OCC1C2=CC=CC=C2C=2C=CC=CC12)=O,-0.6177644706061631,-1.44718649223659
CN[C@H](C1=CC=CC=C1CC)[C@H](NC)C2=C(CC)C=CC=C2*O(C1=CC=CC=C1)CCC[C@@H](CC)NC(OCC1=CC=CC=C1)=O,-0.6177644706061631,-1.49352846193171
CN[C@H](C1=CC=CC=C1CC)[C@H](NC)C2=C(CC)C=CC=C2*C1(=CC=CC=C1)CC[C@@H](C)NC(OC(C)(C)C)=O,-0.6177644706061631,-1.22349869169404
CN[C@H](C1=CC=CC=C1CC)[C@H](NC)C2=C(CC)C=CC=C2*C1(=CC=CC=C1)CC[C@@H](CCCCCC)NC(OC(C)(C)C)=O,-0.6177644706061631,-1.59823622795684
CN[C@H](C1=CC=CC=C1CC)[C@H](NC)C2=C(CC)C=CC=C2*C1(CCCCC1)C[C@@H](CCC1=CC=CC=C1)NC(OC(C)(C)C)=O,-0.6177644706061631,-1.59823622795684
CN[C@H](C1=CC=CC=C1CC)[C@H](NC)C2=C(CC)C=CC=C2*CC(CC[C@H](CCC1=CC=CC=C1)NC(OC(C)(C)C)=O)C,-0.6177644706061631,-1.59823622795684
CN[C@H](C1=CC=CC=C1CC)[C@H](NC)C2=C(CC)C=CC=C2*C1(=CC=CC=C1)CC[C@@H](CCCC1=CC=CC=C1)NC(OC(C)(C)C)=O,-0.6177644706061631,-1.59823622795684
CN[C@H](C1=CC=CC=C1CC)[C@H](NC)C2=C(CC)C=CC=C2*O=C(OCCCC)N(C(C)(C)C)[C@H](CCCC(F)(F)F)CCC1=CC=CC=C1,-0.6177644706061631,-1.59823622795684
CN[C@H](C1=CC=CC=C1CC)[C@H](NC)C2=C(CC)C=CC=C2*[Si](C)(C)(C(C)(C)C)OCCC[C@@H](CCC1=CC=CC=C1)NC(OC(C)(C)C)=O,-0.6177644706061631,-1.49352846193171
CN[C@H](C1=CC=CC=C1CC)[C@H](NC)C2=C(CC)C=CC=C2*C(C)(C)(C)OC(=O)N[C@H](CCCCCC(=O)OCC)CCC1=CC=CC=C1,-0.6177644706061631,-1.59823622795684
CN[C@H](C1=CC=CC=C1CC)[C@H](NC)C2=C(CC)C=CC=C2*C(C)(=O)OCCCC[C@H](CCC1=CC=CC=C1)NC(=O)OC(C)(C)C,-0.6177644706061631,-1.59823622795684
CN[C@H](C1=CC=CC=C1CC)[C@H](NC)C2=C(CC)C=CC=C2*FCCCCC[C@H](CCC1=CC=CC=C1)NC(OC(C)(C)C)=O,-0.6177644706061631,-1.59823622795684
CN[C@H](C1=CC=CC=C1CC)[C@H](NC)C2=C(CC)C=CC=C2*ClCCCC[C@H](CCC1=CC=CC=C1)NC(OC(C)(C)C)=O,-0.6177644706061631,-1.59823622795684
CN[C@H](C1=CC=CC=C1CC)[C@H](NC)C2=C(CC)C=CC=C2*C(#N)CCCCC[C@H](CCC1=CC=CC=C1)NC(OC(C)(C)C)=O,-0.6177644706061631,-1.25583691434817
CN[C@H](C1=CC=CC=C1CC)[C@H](NC)C2=C(CC)C=CC=C2*C1(=CC=CC=C1)CCC[C@@H](C)NC(OC(C)(C)C)=O,-0.6177644706061631,-1.59823622795684
CN[C@H](C1=CC=CC=C1CC)[C@H](NC)C2=C(CC)C=CC=C2*OCCC[C@H](CC1=CC=CC=C1)NC(OCC1C2=CC=CC=C2C=2C=CC=CC12)=O,-0.6177644706061631,-1.22349869169404
CN[C@H](C1=CC=CC=C1CC)[C@H](NC)C2=C(CC)C=CC=C2*CC(C[C@H]1NCCC1)C,-0.6177644706061631,-1.59823622795684
CN[C@H](C1=CC=CC=C1CC)[C@H](NC)C2=C(CC)C=CC=C2*COC=1C=C(CCC2=C(OCCC[C@@H]3N(CCC3)C(=O)OC(C)(C)C)C=CC=C2)C=CC1,-0.6177644706061631,-1.49352846193171
CN[C@H](C1=CC=CC=C1)[C@H](NC)C2=CC=CC=C2*CC([C@@H](C#N)C1=CC=CC=C1)C,-4.329251822777472,-0.257224288326342
CN[C@H](C1=CC=CC=C1)[C@H](NC)C2=CC=CC=C2*C[C@H](CC1=CC=CC=C1)CCCC1=CC=CC=C1,-0.379848614697746,-1.38863703070257
CN[C@H](C1=CC=CC=C1)[C@H](NC)C2=CC=CC=C2*CC[C@H](CCCCC1(C)OCCO1)CN(CC1=CC=C(OC)C=C1)C(=O)OC1=CC=CC=C1,0.5718148089359225,-1.81004836839238
CN[C@H](C1=CC=CC=C1)[C@H](NC)C2=CC=CC=C2*CCCC[C@H](CCCC1=C(OC)C=CC=C1)CN(CCCC)C(=O)OC1=CC=CC=C1,0.5718148089359225,-1.74451448422234
CN[C@H](C1=CC=CC=C1)[C@H](NC)C2=CC=CC=C2*CC1=C(CCC[C@@H](CC2CCCCC2)CN(C)C(=O)OC2=CC=CC=C2)C=CC=C1,0.5718148089359225,-1.74451448422234
CN[C@H](C1=CC=CC=C1)[C@H](NC)C2=CC=CC=C2*C(C)[C@@H](CN(C(OC1=CC=CC=C1)=O)C1=CC=CC=C1)CCCCCC,0.5718148089359225,-1.81004836839238
CN[C@H](C1=CC=CC=C1)[C@H](NC)C2=CC=CC=C2*C1(CCCCC1)CC[C@H](CN(C(OCC1=CC=CC=C1)=O)C1=CC=CC=C1)CC,0.5718148089359225,-1.33547916869331
CN[C@H](C1=CC=CC=C1)[C@H](NC)C2=CC=CC=C2*C(CCC)N(C(OC1=CC=CC=C1)=O)C[C@H](CCCC)CCCC1=C(C=CC=C1)OC,0.5718148089359225,-1.74451448422234
CN[C@H](C1=CC=CC=C1)[C@H](NC)C2=CC=CC=C2*C(CCC)N(C(OC1=CC=CC=C1)=O)CC[C@@H](CCCC1=C(C=CC=C1)OC)C,0.5718148089359225,-0.715897464711685
CN[C@H](C1=CC=CC=C1)[C@H](NC)C2=CC=CC=C2*C1(CCCCC1)[C@@H]1N(CCC1)C(=O)OC(C)(C)C,0.5718148089359225,-1.3707771408124
CN[C@H](C1=CC=CC=C1)[C@H](NC)C1=CC=CC=C1*CCCC[C@@H](B1OC(C)(C)C(C)(C)O1)C1=CC=C(C(F)(F)F)C=C1,0.5718148089359225,-1.96511826580124
CN[C@H](C1=CC=CC=C1)[C@H](NC)C1=CC=CC=C1*CCCC[C@H](C1=CC=C(C=C1)OC(F)(F)F)B2OC(C)(C(C)(O2)C)C,0.5718148089359225,-1.74451448422234
CN[C@H](C1=CC=CC=C1)[C@H](NC)C1=CC=CC=C1*CCCC[C@H](C1=CC=C(C=C1)C(OC)=O)B2OC(C)(C(C)(O2)C)C,0.5718148089359225,-2.30581680519884
CN[C@H](C1=CC=CC=C1)[C@H](NC)C1=CC=CC=C1*CCCC[C@H](C1=CC=C(C=C1)F)B2OC(C)(C(C)(O2)C)C,0.5718148089359225,-1.74451448422234
CN[C@H](C1=CC=CC=C1)[C@H](NC)C1=CC=CC=C1*CCCC[C@H](C1=CC=C(C=C1)C#N)B2OC(C)(C(C)(O2)C)C,0.5718148089359225,-2.05951101582029
CN[C@H](C1=CC=CC=C1)[C@H](NC)C1=CC=CC=C1*CCCC[C@H](C1=CC=C(C=C1)C(N(C)OC)=O)B2OC(C)(C(C)(O2)C)C,0.5718148089359225,-1.74451448422234
CN[C@H](C1=CC=CC=C1)[C@H](NC)C1=CC=CC=C1*CCCC[C@H](C1=CC=CC=C1)B2OC(C)(C(C)(O2)C)C,0.5718148089359225,-1.88292607790766
CN[C@H](C1=CC=CC=C1)[C@H](NC)C1=CC=CC=C1*CCCC[C@H](C1=CC=C(C)C=C1)B2OC(C)(C(C)(O2)C)C,0.5718148089359225,-1.81004836839238
CN[C@H](C1=CC=CC=C1)[C@H](NC)C1=CC=CC=C1*CCCC[C@H](C1=CC=C(OC)C=C1)B2OC(C)(C(C)(O2)C)C,0.5718148089359225,-1.3707771408124
CN[C@H](C1=CC=CC=C1)[C@H](NC)C1=CC=CC=C1*CCCC[C@H](C1=CC=C(C(C)(C)C)C=C1)B2OC(C)(C(C)(O2)C)C,0.5718148089359225,-1.68491878774143
CN[C@H](C1=CC=CC=C1)[C@H](NC)C1=CC=CC=C1*CCCC[C@H](C1=CC=C(C2=CC=CC=C2)C=C1)B3OC(C)(C(C)(O3)C)C,0.5718148089359225,-2.05951101582029
CN[C@H](C1=CC=CC=C1)[C@H](NC)C1=CC=CC=C1*CCCC[C@H](C1=CC(C)=CC=C1)B2OC(C)(C(C)(O2)C)C,0.5718148089359225,-2.05951101582029
CN[C@H](C1=CC=CC=C1)[C@H](NC)C1=CC=CC=C1*CCCC[C@H](C1=CC(OS(C2=CC=C(C)C=C2)(=O)=O)=CC=C1)B3OC(C)(C(C)(O3)C)C,0.5718148089359225,-2.05951101582029
CN[C@H](C1=CC=CC=C1)[C@H](NC)C1=CC=CC=C1*CCCC[C@H](C1=CC(C#N)=CC=C1)B2OC(C)(C(C)(O2)C)C,0.5718148089359225,-1.96511826580124
CN[C@H](C1=CC=CC=C1)[C@H](NC)C1=CC=CC=C1*CCCC[C@H](C1=CC(OC)=CC=C1)B2OC(C)(C(C)(O2)C)C,0.5718148089359225,-1.81004836839238
CN[C@H](C1=CC=CC=C1)[C@H](NC)C1=CC=CC=C1*CCCC[C@H](C1=CC(OC(F)(F)F)=CC=C1)B2OC(C)(C(C)(O2)C)C,0.5718148089359225,-2.17057864018765
CN[C@H](C1=CC=CC=C1)[C@H](NC)C1=CC=CC=C1*CCCC[C@H](C1=CC(C)=C(C#N)C=C1)B2OC(C)(C(C)(O2)C)C,0.5718148089359225,-1.96511826580124
CN[C@H](C1=CC=CC=C1)[C@H](NC)C1=CC=CC=C1*CCCC[C@H](C1=CC(F)=C(C)C=C1)B2OC(C)(C(C)(O2)C)C,0.5718148089359225,-1.68491878774143
CN[C@H](C1=CC=CC=C1)[C@H](NC)C1=CC=CC=C1*CCCC[C@H](C1=CC(OC)=C(C)C=C1)B2OC(C)(C(C)(O2)C)C,0.5718148089359225,-1.68491878774143
CN[C@H](C1=CC=CC=C1)[C@H](NC)C1=CC=CC=C1*CCCC[C@H](C1=CC(C)=CC(C)=C1)B2OC(C)(C(C)(O2)C)C,0.5718148089359225,-2.05951101582029
CN[C@H](C1=CC=CC=C1)[C@H](NC)C1=CC=CC=C1*CCCC[C@H](C1=CC=C(F)C=C1C)B2OC(C)(C(C)(O2)C)C,0.5718148089359225,-2.72250611814912
CN[C@H](C1=CC=CC=C1)[C@H](NC)C1=CC=CC=C1*CCCC[C@H](C1=CC(C(F)(F)F)=CC(C(F)(F)F)=C1)B2OC(C)(C(C)(O2)C)C,0.5718148089359225,-2.05951101582029
CN[C@H](C1=CC=CC=C1)[C@H](NC)C1=CC=CC=C1*CCCC[C@H](C1=CC(F)=CC(F)=C1)B2OC(C)(C(C)(O2)C)C,0.5718148089359225,-1.74451448422234
CN[C@H](C1=CC=CC=C1)[C@H](NC)C1=CC=CC=C1*CCCC[C@H](C1=CC(Cl)=CC=C1)B2OC(C)(C(C)(O2)C)C,0.5718148089359225,-1.96511826580124
CN[C@H](C1=CC=CC=C1)[C@H](NC)C1=CC=CC=C1*CCCC[C@H](C1=CC=C(Cl)C=C1)B2OC(C)(C(C)(O2)C)C,0.5718148089359225,-1.88292607790766
CN[C@H](C1=CC=CC=C1)[C@H](NC)C1=CC=CC=C1*CCCC[C@H](C1=CC=C(OS(=O)(C(F)(F)F)=O)C=C1)B2OC(C)(C(C)(O2)C)C,0.5718148089359225,-1.96511826580124
CN[C@H](C1=CC=CC=C1)[C@H](NC)C1=CC=CC=C1*CC(C)C[C@H](C1=CC=C(C(F)(F)F)C=C1)B2OC(C)(C(C)(O2)C)C,0.5718148089359225,-2.17057864018765
CN[C@H](C1=CC=CC=C1)[C@H](NC)C1=CC=CC=C1*C[C@H](C1=CC=C(C(F)(F)F)C=C1)B2OC(C)(C(C)(O2)C)C,0.5718148089359225,-1.74451448422234
CN[C@H](C1=CC=CC=C1)[C@H](NC)C1=CC=CC=C1*CC(C)(C(C)(O1)C)OB1[C@@H](C2=CC=C(C(F)(F)F)C=C2)CC3CCCCC3,0.5718148089359225,-2.17057864018765
CN[C@H](C1=CC=CC=C1)[C@H](NC)C1=CC=CC=C1*CC(C)(C(C)(O1)C)OB1[C@@H](C2=CC=C(C(F)(F)F)C=C2)CCCCC#N,0.5718148089359225,-1.88292607790766
CN[C@H](C1=CC=CC=C1)[C@H](NC)C1=CC=CC=C1*CC(C)(C(C)(O1)C)OB1[C@@H](C2=CC=C(C(F)(F)F)C=C2)CC3CCOCC3,0.5718148089359225,-1.96511826580124
CN[C@H](C1=CC=CC=C1)[C@H](NC)C1=CC=CC=C1*CC(C)(C(C)(O1)C)OB1[C@@H](C2=CC=C(C(F)(F)F)C=C2)CCCCCl,0.5718148089359225,-2.05951101582029
CN[C@H](C1=CC=CC=C1)[C@H](NC)C1=CC=CC=C1*CC(C)(C(C)(O1)C)OB1[C@@H](C2=CC(C(OC)=O)=CC=C2)CCCCCl,0.5718148089359225,-2.05951101582029
CN[C@H](C1=CC=CC=C1)[C@H](NC)C1=CC=CC=C1*CC(C)(C(C)(O1)C)OB1[C@@H](C2=CC(C(OC)=O)=CC=C2)CC(C)C,0.5718148089359225,-2.05951101582029
CN[C@H](C1=CC=CC=C1)[C@H](NC)C1=CC=CC=C1*CC(C)(C(C)(O1)C)OB1[C@@H](C2=CC(C(OC)=O)=CC=C2)CC3CCCCC3,0.5718148089359225,-2.05951101582029
CN[C@H](C1=CC=CC=C1)[C@H](NC)C1=CC=CC=C1*CC(C)(C(C)(O1)C)OB1[C@@H](C2=CC=C(OC(F)(F)F)C=C2)CC(C)C,0.5718148089359225,-2.17057864018765
CN[C@H](C1=CC=CC=C1)[C@H](NC)C1=CC=CC=C1*CC(C)(C(C)(O1)C)OB1[C@@H](C2=CC=CC=C2F)CC(C)C,0.5718148089359225,-2.05951101582029
CN[C@H](C1=CC=CC=C1)[C@H](NC)C1=CC=CC=C1*CC(C)(C(C)(O1)C)OB1[C@@H](C2=CC=C(F)C(C)=C2)CC(C)C,0.5718148089359225,-1.57963995116361
CN[C@H](C1=CC=CC=C1)[C@H](NC)C1=CC=CC=C1*CC(C)(C(C)(O1)C)OB1[C@@H](C2=CC(F)=CC(F)=C2)CC(C)C,0.5718148089359225,-1.40788868871824
CN[C@H](C1=CC=CC=C1)[C@H](NC)C1=CC=CC=C1*CN1C=NC2C1C(N(C(N2C)=O)CCCOC3=CC([C@H](B4OC(C)(C(C)(O4)C)C)CCCC)=CC=C3)=O.C,0.5718148089359225,-2.05951101582029
CN[C@H](C1=CC=CC=C1)[C@H](NC)C1=CC=CC=C1*CCCC[C@@H](B1OC(C)(C(C)(O1)C)C)C2=CC(OC(CC3=C(N(C4=C3C=C(C=C4)OC)C(C5=CC=CC=C5)=O)C)=O)=CC=C2.C,0.5718148089359225,-1.74451448422234
CN[C@H](C1=CC=CC(C(F)(F)F)=C1)[C@H](NC)C2=CC(C(F)(F)F)=CC=C2*C[C@H](CC1=CC=CC=C1)CCCC1=CC=CC=C1,-0.379848614697746,-1.18443369162798
CN[C@H](C1=CC=CC(C(F)(F)F)=C1)[C@H](NC)C2=CC(C(F)(F)F)=CC=C2*C(CCC)[C@H](CC1=CC=CC=C1)CCCC1=CC=CC=C1,-0.379848614697746,-1.34996853200236
CN[C@H](C1=CC=CC(C(F)(F)F)=C1)[C@H](NC)C2=CC(C(F)(F)F)=CC=C2*C(CC1=CC=CC=C1)[C@@H](CC1=CC=CC=C1)CCCC1=CC=CC=C1,-0.379848614697746,-0.916559231706062
CN[C@H](C1=CC=CC(C(F)(F)F)=C1)[C@H](NC)C2=CC(C(F)(F)F)=CC=C2*C(C)(C)[C@H](CC1=CC=CC=C1)CCCC1=CC=CC=C1,-0.379848614697746,-1.05072476232145
CN[C@H](C1=CC=CC(C(F)(F)F)=C1)[C@H](NC)C2=CC(C(F)(F)F)=CC=C2*COC1=CC=C(C=C1)C[C@H](CCCC1=CC=CC=C1)C,-0.379848614697746,-1.34996853200236
CN[C@H](C1=CC=CC(C(F)(F)F)=C1)[C@H](NC)C2=CC(C(F)(F)F)=CC=C2*C[C@H](CC1=CC=C(C=C1)C(F)(F)F)CCCC1=CC=CC=C1,-0.379848614697746,-1.27882495964101
CN[C@H](C1=CC=CC(C(F)(F)F)=C1)[C@H](NC)C2=CC(C(F)(F)F)=CC=C2*CC1=C(C=CC=C1)C[C@H](CCCC1=CC=CC=C1)C,-0.379848614697746,-1.42975145056329
CN[C@H](C1=CC=CC(C(F)(F)F)=C1)[C@H](NC)C2=CC(C(F)(F)F)=CC=C2*C1(=CC=CC=C1)CCC[C@@H]1CC2=CC=CC=C2CC1,-0.379848614697746,-0.0553195420917999
CN[C@H](C1=CC=CC(C(F)(F)F)=C1)[C@H](NC)C2=CC(C(F)(F)F)=CC=C2*C[C@H](CCC1=CC=CC=C1)CCCC1=CC=CC=C1,-0.379848614697746,-0.155788747704082
CN[C@H](C1=CC=CC(C(F)(F)F)=C1)[C@H](NC)C2=CC(C(F)(F)F)=CC=C2*C[C@H](CC1=CC=CC=C1)CCCCC1=CC=CC=C1,-0.379848614697746,-1.21448098660463
CN[C@H](C1=CC=CC(C(F)(F)F)=C1)[C@H](NC)C2=CC(C(F)(F)F)=CC=C2*C(C)(C)(C)[Si](OCCC[C@@H](CC1=CC=CC=C1)C)(C)C,-0.379848614697746,-1.1556239340893
CN[C@H](C1=CC=CC(C(F)(F)F)=C1)[C@H](NC)C2=CC(C(F)(F)F)=CC=C2*C(C1=CC=CC=C1)[C@H](CCCO[Si](C)(C)C(C)(C)C)CCCC,-0.379848614697746,-1.27882495964101
CN[C@H](C1=CC=CC(C(F)(F)F)=C1)[C@H](NC)C2=CC(C(F)(F)F)=CC=C2*C(C1=CC=CC=C1)[C@@H](COCC1=CC=CC=C1)CCCCCC,-0.379848614697746,-0.46833043469711
CN[C@H](C1=CC=CC(C(F)(F)F)=C1)[C@H](NC)C2=CC(C(F)(F)F)=CC=C2*C(C)(C)(C)[Si](C)(C)OCCC[C@@H](CC=1OC=CC1)C,-0.379848614697746,-0.876430285514666
CN[C@H](C1=CC=CC(C(F)(F)F)=C1)[C@H](NC)C2=CC(C(F)(F)F)=CC=C2*COC=1C=C(C=CC1OC)CCC[C@@H](CC1=CC2=C(OCO2)C=C1)CC,-0.379848614697746,-1.38863703070257
CN[C@H](C1=CC=CC(C(F)(F)F)=C1)[C@H](NC)C2=CC(C(F)(F)F)=CC=C2*O1COC2=C1C=CC(=C2)C[C@H](CCC(CC(=O)OC)(C)C)CC,-0.379848614697746,-1.10128412776421
CN[C@H](C1=CC=CC(C(F)(F)F)=C1)[C@H](NC)C2=CC(C(F)(F)F)=CC=C2*C[C@H](CC1=CC=CC=C1)CCCC1=CC=CC=C1,0.5718148089359225,-1.57963995116361
CN[C@H](C1=CC(C(F)(F)F)=CC=C1)[C@H](NC)C2=CC=CC(C(F)(F)F)=C2*C(CCC)N(C(OC1=CC=CC=C1)=O)CC[C@@H](CCCC1=C(C=CC=C1)OC)C,0.5718148089359225,-1.18047047525759
CN[C@H](C1=CC(C(F)(F)F)=CC=C1)[C@H](NC)C2=CC=CC(C(F)(F)F)=C2*C(C)[C@@H](CN(S(=O)(=O)C1=CC=C(C=C1)C)CC1=CC=C(C=C1)OC)CCCC1=CC=C(C=C1)F,0.5718148089359225,-1.74451448422234
CN[C@H](C1=CC(C(F)(F)F)=CC=C1)[C@H](NC)C2=CC=CC(C(F)(F)F)=C2*C(CCC)N(S(=O)(=O)C1=CC=C(C=C1)C)C[C@@H](CCCC1=C(C=CC=C1)OC)CC1CCCCC1,0.5718148089359225,-1.81004836839238
CN[C@H](C1=CC(C(F)(F)F)=CC=C1)[C@H](NC)C2=CC=CC(C(F)(F)F)=C2*C(CCC)N(S(=O)(=O)C)C[C@H](CCCCCC)CCCC1=C(C=CC=C1)OC,0.5718148089359225,-1.74451448422234
CN[C@H](C1=CC(C(F)(F)F)=CC=C1)[C@H](NC)C2=CC=CC(C(F)(F)F)=C2*C1(CCCCC1)CC[C@H](CN(S(=O)(=O)C)C1=CC=CC=C1)CC,0.5718148089359225,-1.07551885512684
CN[C@H](C1=CC(C(F)(F)F)=CC=C1)[C@H](NC)C2=CC=CC(C(F)(F)F)=C2*C(CCC)N(S(=O)(=O)C)C[C@H](CCCCCC)CCCC1=C(C=CC=C1)OC,0.5718148089359225,-1.88292607790766
CN[C@H](C1=CC(C(F)(F)F)=CC=C1)[C@H](NC)C2=CC=CC(C(F)(F)F)=C2*C(CCC)N(S(=O)(=O)C)CC[C@@H](CCCC1=C(C=CC=C1)OC)C,0.5718148089359225,-0.898402098679487
CN[C@H](C1=CC(C(F)(F)F)=CC=C1)[C@H](NC)C2=CC=CC(C(F)(F)F)=C2*C(CCC)N(S(=O)(=O)C)C[C@H](CCCCCC)C1=CC=CC=C1,0.5718148089359225,-2.17057864018765
CN[C@H](C1=CC(C(F)(F)F)=CC=C1)[C@H](NC)C2=CC=CC(C(F)(F)F)=C2*C(C)[C@@H](CCS(=O)(=O)N(C)C)CCCC1=C(C=CC=C1)OC,0.5718148089359225,-1.48848510049963
CN[C@H](C1=CC(C(F)(F)F)=CC=C1)[C@H](NC)C2=CC=CC(C(F)(F)F)=C2*C(C)(C)(C)S(=O)(=O)CC[C@@H](CCCC1=C(C=CC=C1)OC)CC,0.5718148089359225,-1.63022336051597
CN[C@H](C1=CC(C(F)(F)F)=CC=C1)[C@H](NC)C2=CC=CC(C(F)(F)F)=C2*C(C)(C)(C)[Si](C)(C)OCCC[C@H](CCS(=O)(=O)C(C)(C)C)CCC1=CC=CC=C1,0.5718148089359225,-1.57963995116361
CN[C@H](C1=CC(C(F)(F)F)=CC=C1)[C@H](NC)C2=CC=CC(C(F)(F)F)=C2*C1(CCCCC1)C[C@H](CCCC1=C(C=CC=C1)OC)CCS(=O)(=O)C(C)C,0.5718148089359225,-1.74451448422234
CN[C@H](C1=CC(C(F)(F)F)=CC=C1)[C@H](NC)C2=CC=CC(C(F)(F)F)=C2*C(C)(C)(C)S(=O)(=O)CC[C@@H](CCCC1=C(C=CC=C1)OC)CC,0.5718148089359225,-1.63022336051597
CN[C@H](C1=CC(C(F)(F)F)=CC=C1)[C@H](NC)C2=CC=CC(C(F)(F)F)=C2*C1(CCCCC1)[C@@H]1N(CCC1)C(=O)OC(C)(C)C,0.5718148089359225,-1.15290840259942
CN[C@H](C1=C(C=CC=C2)C2=CC=C1)[C@H](NC)C3=CC=CC4=C3C=CC=C4*CN(C1=CC=CC=C1)C[C@H](CCCCCC)C,0.5718148089359225,-1.63022336051597
CN[C@H](C1=C(C=CC=C2)C2=CC=C1)[C@H](NC)C3=CC=CC4=C3C=CC=C4*C(C)(C)C(CN(C1=CC=CC=C1)C)CCCC1=C(C=CC=C1)OC,0.5718148089359225,-2.47927718299034
CN[C@H](C1=C(C=CC=C2)C2=CC=C1)[C@H](NC)C3=CC=CC4=C3C=CC=C4*C(C)(C)N(C1=CC=CC=C1)C[C@H](CCCC1=C(C=CC=C1)OC)C,0.5718148089359225,-1.3707771408124
CN[C@H](C1=C(C=CC=C2)C2=CC=C1)[C@H](NC)C3=CC=CC4=C3C=CC=C4*C1(CCCCC1)CCC[C@@H](CN(C1=CC=C(C=C1)C1=CC=CC=C1)C)C,0.5718148089359225,-1.48848510049963
CN[C@H](C1=C(C=CC=C2)C2=CC=C1)[C@H](NC)C3=CC=CC4=C3C=CC=C4*C1(CCCCC1)CCC[C@@H](CN(C1=CC=C(C=C1)C1=CC=CC=C1)C)C,0.5718148089359225,-1.57963995116361
CN[C@H](C1=C(C=CC=C2)C2=CC=C1)[C@H](NC)C3=CC=CC4=C3C=CC=C4*C[C@H](CN(C1=CC=C(C=C1)OC)C)CCCC(C)C,0.5718148089359225,-1.48848510049963
CN[C@H](C1=C(C=CC=C2)C2=CC=C1)[C@H](NC)C3=CC=CC4=C3C=CC=C4*[Si](C)(C)(C(C)(C)C)OCCC[C@@H](CN(C1=CC(=CC=C1)C)C)CCCC,0.5718148089359225,-1.81004836839238
CN[C@H](C1=C(C=CC=C2)C2=CC=C1)[C@H](NC)C3=CC=CC4=C3C=CC=C4*C(CCC)[C@H](CN(C1=CC(=CC=C1)OC)C)CCCCC1(OCCO1)C,0.5718148089359225,-2.05951101582029
CN[C@H](C1=C(C=CC=C2)C2=CC=C1)[C@H](NC)C3=CC=CC4=C3C=CC=C4*FC=1C=C(N(C)C[C@@H](CCCC)CCCC2=C(C=CC=C2)OC)C=CC1,0.5718148089359225,-1.88292607790766
CN[C@H](C1=C(C=CC=C2)C2=CC=C1)[C@H](NC)C3=CC=CC4=C3C=CC=C4*C1(CCCCC1)C[C@H](CN(C1=C(C=CC=C1)F)C)CCCC1=C(C=CC=C1)OC,0.5718148089359225,-1.05127333972479
CN[C@H](C1=C(C=CC=C2)C2=CC=C1)[C@H](NC)C3=CC=CC4=C3C=CC=C4*COC1=CC=C(C=C1)CCC[C@@H](CN(C1=CC2=CC=CC=C2C=C1)C)C,0.5718148089359225,-1.40788868871824
CN[C@H](C1=C(C=CC=C2)C2=CC=C1)[C@H](NC)C3=CC=CC4=C3C=CC=C4*FC1=CC=C(C=C1)CCC[C@@H](CN1CCC2=CC=CC=C12)CCCC,0.5718148089359225,-1.88292607790766
CN[C@H](C1=C(C=CC=C2)C2=CC=C1)[C@H](NC)C3=CC=CC4=C3C=CC=C4*C1(CCCCC1)[C@@H]1N(CCC1)C(=O)OC(C)(C)C,0.5718148089359225,-1.96511826580124
CN[C@H](C1=C(C=CC=C2)C2=CC=C1)[C@H](NC)C3=CC=CC4=C3C=CC=C4*C1(CCCC1)[C@@H]1N(CCC1)C(=O)OC(C)(C)C,0.5718148089359225,-1.3707771408124
CN[C@H](C1=C(C=CC=C2)C2=CC=C1)[C@H](NC)C3=CC=CC4=C3C=CC=C4*C1(CCCCCC1)[C@@H]1N(CCC1)C(=O)OC(C)(C)C,0.5718148089359225,-1.44703619563726
CN[C@H](C1=C(C=CC=C2)C2=CC=C1)[C@H](NC)C3=CC=CC4=C3C=CC=C4*O1CCC(CC1)[C@@H]1N(CCC1)C(=O)OC(C)(C)C,0.5718148089359225,-1.88292607790766
CN[C@H](C1=C(C=CC=C2)C2=CC=C1)[C@H](NC)C3=CC=CC4=C3C=CC=C4*C(C)(C)(C)OC(=O)N1[C@H](CCC1)C1CCN(CC1)C(=O)OC(C)(C)C,0.5718148089359225,-2.05951101582029
CN[C@H](C1=C(C=CC=C2)C2=CC=C1)[C@H](NC)C3=CC=CC4=C3C=CC=C4*C(C)(C)(C)OC(=O)N1[C@H](CCC1)C1CCN(CC1)C(=O)OCC1=CC=CC=C1,0.5718148089359225,-1.81004836839238
CN[C@H](C1=C(C=CC=C2)C2=CC=C1)[C@H](NC)C3=CC=CC4=C3C=CC=C4*C(C)(C)[C@@H]1N(CCC1)C(=O)OC(C)(C)C,0.5718148089359225,-1.74451448422234
CN[C@H](C1=C(C=CC=C2)C2=CC=C1)[C@H](NC)C3=CC=CC4=C3C=CC=C4*C(CCCCC)[C@@H]1N(CCC1)C(=O)OC(C)(C)C,0.5718148089359225,-0.784988784922566
CN[C@H](C1=C(C=CC=C2)C2=CC=C1)[C@H](NC)C3=CC=CC4=C3C=CC=C4*C1(CCCCC1)[C@@H]1N(CCC1)C(=O)OC(C)(C)C,0.5718148089359225,-1.88292607790766
CN[C@H](C1=C(C=CC=C2)C2=CC=C1)[C@H](NC)C3=CC=CC4=C3C=CC=C4*C1(CCCC1)[C@@H]1N(CCC1)C(=O)OC(C)(C)C,0.5718148089359225,-1.63022336051597
CN[C@H](C1=C(C=CC=C2)C2=CC=C1)[C@H](NC)C3=CC=CC4=C3C=CC=C4*S(=O)(=O)(C1=CC=C(C)C=C1)N1CCC(CC1)[C@@H]1N(CCC1)C(=O)OC(C)(C)C,0.5718148089359225,-1.63022336051597
CN[C@H](C1=C(C=CC=C2)C2=CC=C1)[C@H](NC)C3=CC=CC4=C3C=CC=C4*C(C)(C)[C@@H]1N(CCC1)C(=O)OC(C)(C)C,0.5718148089359225,-1.74451448422234
CN[C@H](C1=C(C=CC=C2)C2=CC=C1)[C@H](NC)C3=CC=CC4=C3C=CC=C4*C1(=CC=CC=C1)CCC[C@@H]1N(CCC1)C(=O)OC(C)(C)C,0.5718148089359225,-0.784988784922566
CN[C@@H]1CCCC[C@H]1NC*C1(CCCCC1)CC(C1=CC=CC=C1)B1OC(C(O1)(C)C)(C)C,0.8097306648443396,-1.5582568838334
CN[C@@H]1CCCC[C@H]1NC*COC(C1=CC=C(C=C1)[C@@H](CC1CCCCC1)B1OC(C(O1)(C)C)(C)C)=O,0.8097306648443396,-1.77377013547544
CN[C@@H]1CCCC[C@H]1NC*C1(CCCCC1)C[C@H](C1=CC=C(C=C1)C(F)(F)F)B1OC(C(O1)(C)C)(C)C,0.8097306648443396,-1.65756234023283
CN[C@@H]1CCCC[C@H]1NC*CC1=CC=C(C=C1)S(=O)(=O)OC1=CC=C(C=C1)[C@@H](CC1CCCCC1)O,0.8097306648443396,-1.5582568838334
CN[C@@H]1CCCC[C@H]1NC*C1(CCCCC1)C[C@@H](O)C1=CC=C(C=C1)OC,0.8097306648443396,-1.39376518610524
CN[C@@H]1CCCC[C@H]1NC*C1(CCCCC1)C[C@H](C1=C(C=CC=C1)C)B1OC(C(O1)(C)C)(C)C,0.8097306648443396,-2.34448554249884
CN[C@@H]1CCCC[C@H]1NC*C1(CCCCC1)C[C@H](C1=CC=CC2=CC=CC=C12)B1OC(C(O1)(C)C)(C)C,0.8097306648443396,-2.09404918479263
CN[C@@H]1CCCC[C@H]1NC*CC1(OB(OC1(C)C)[C@H](CCCCCC)C1=CC=CC2=CC=CC=C12)C,0.8097306648443396,-2.09404918479263
CN[C@@H]1CCCC[C@H]1NC*CC1(OB(OC1(C)C)[C@H](CCCCCC)C1=CC=CC=C1)C,0.8097306648443396,-1.65756234023283
CN[C@@H]1CCCC[C@H]1NC*COC(C1=CC(=C(C=C1)C)[C@@H](CCCN1C(C2=CC=CC=C2C1=O)=O)B1OC(C(O1)(C)C)(C)C)=O,0.8097306648443396,-2.09404918479263
CN[C@@H]1CCCC[C@H]1NC*BrCCCCC[C@H](C1=C(C=CC=C1)C)B1OC(C(O1)(C)C)(C)C,0.8097306648443396,-2.34448554249884
CN[C@@H]1CCCC[C@H]1NC*BrCCCCC[C@@H](O)C1=C(C=CC=C1)CC,0.8097306648443396,-2.09404918479263
CN[C@@H]1CCCC[C@H]1NC*C1(=CC=CC2=CC=CC=C12)[C@@H](CCCCN1C=CC=C1)B1OC(C(O1)(C)C)(C)C,0.8097306648443396,-2.34448554249884
CN[C@@H]1CCCC[C@H]1NC*CC(O1)(C)C(C)(C)OB1[C@@H](C2=C(C)C=CC=C2)CCCCN3C=CC=C3,0.8097306648443396,-2.09404918479263
CN[C@@H]1CCCC[C@H]1NC*N1(C=CC=C1)CCCC[C@@H](B1OC(C(O1)(C)C)(C)C)C1=C2CCC(C2=CC=C1)=O,0.8097306648443396,-2.09404918479263
CN[C@@H]1CCCC[C@H]1NC*S1C2=C(C(=C1)[C@@H](CCCCN1C=CC=C1)B1OC(C(O1)(C)C)(C)C)C=CC=C2,0.8097306648443396,-1.65756234023283
CN[C@@H]1CCCC[C@H]1NC*C1(CCCCC1)C(=O)OCCC[C@@H](B1OC(C(O1)(C)C)(C)C)C1=CC=CC2=CC=CC=C12,0.8097306648443396,-2.34448554249884
CN[C@@H]1CCCC[C@H]1NC*COC1=CC=C(C=C1)CC[C@H](C1=CC=CC2=CC=CC=C12)B1OC(C(O1)(C)C)(C)C,0.8097306648443396,-1.91450290296061
CN[C@@H]1CCCC[C@H]1NC*BrCCCCC[C@H](C1=CC=CC2=CC=CC=C12)B1OC(C(O1)(C)C)(C)C,0.8097306648443396,-2.09404918479263
CN[C@@H]1CCCC[C@H]1NC*ClC=1C(=C(C=CC1)[C@@H](CCCN1C(C2=CC=CC=C2C1=O)=O)B1OC(C(O1)(C)C)(C)C)C,0.8097306648443396,-2.34448554249884
CN[C@@H]1CCCC[C@H]1NC*CC1(OB(OC1(C)C)[C@H](CCCCCC)C1=C2CCC(C2=CC=C1)=O)C,0.8097306648443396,-1.91450290296061
CN[C@@H]1CCCC[C@H]1NC*C1(CCCCC1)C[C@@H](O)C1=C2CCC(C2=CC=C1)=O,0.8097306648443396,-2.34448554249884
CN[C@@H]1CCCC[C@H]1NC*C1(CCCCC1)C(=O)OCCC[C@@H](B1OC(C(O1)(C)C)(C)C)C1=C2CCC(C2=CC=C1)=O,0.8097306648443396,-2.09404918479263
CN[C@@H]1CCCC[C@H]1NC*C(C1=CC=CC=C1)OCCCCC[C@H](C1=CC=CC2=CC=CC=C12)B1OC(C(O1)(C)C)(C)C,0.8097306648443396,-1.91450290296061
CN[C@@H]1CCCC[C@H]1NC*[Si](C)(C)(C(C)(C)C)OCCC[C@@H](B1OC(C(O1)(C)C)(C)C)C1=C2CCC(C2=CC=C1)=O,0.8097306648443396,-2.09404918479263
CN[C@@H]1CCCC[C@H]1NC*COC1=CC=C(C(=O)OCCC[C@@H](B2OC(C(O2)(C)C)(C)C)C2=CC=CC3=CC=CC=C23)C=C1,0.8097306648443396,-2.09404918479263
CN[C@@H]1CCCC[C@H]1NC*COC(C1=CC(=C(C=C1)C)[C@@H](CCC1=CC=C(C=C1)OC)B1OC(C(O1)(C)C)(C)C)=O,0.8097306648443396,-2.34448554249884
CN[C@@H]1CCCC[C@H]1NC*COC1=CC=C(C=C1)CC[C@@H](B1OC(C(O1)(C)C)(C)C)C1=C(C=C(C=C1)OS(=O)(=O)C1=CC=C(C=C1)C)C,0.8097306648443396,-1.91450290296061
CN[C@@H]1CCCC[C@H]1NC*BrC1=C(C=CC=C1)CCC[C@@H](B1OC(C(O1)(C)C)(C)C)C1=C2CCC(C2=CC=C1)=O,0.8097306648443396,-2.34448554249884
CN[C@@H]1CCCC[C@H]1NC*C1(=CC=CC2=CC=CC=C12)[C@@H](C)O,0.8097306648443396,-1.04494729582837
CN[C@@H]1CCCC[C@H]1NC*C1(=CC=CC2=CC=CC=C12)[C@@H](CC)O,0.8097306648443396,-2.09404918479263
CN[C@@H]1CCCC[C@H]1NC*CC1(OB(OC1(C)C)[C@H](CC)C1=C2CCC(C2=CC=C1)=O)C,0.8097306648443396,-2.09404918479263
CN[C@@H]1CCCC[C@H]1NC*O=C(OCCC[C@H](C1=CC=C(C(OC)=O)C=C1)B2OC(C)(C)C(C)(C)O2)C3CCCCC3,1.7613940884780082,-1.56837077518089
CN[C@H]1[C@H](NC)CCCC1*C[C@H](CC1=CC=CC=C1)CCCC1=CC=CC=C1,0.5718148089359225,-0.784988784922566
CN[C@@H]1CCCC[C@H]1NC*CCCC[C@@H](B1OC(C)(C)C(C)(C)O1)C1=CC=C(C(F)(F)F)C=C1,0.5718148089359225,-1.57963995116361
CN[C@H]1[C@H](NC)CCCC1*CC(C[C@@H](C(=O)OC(C)(C)C)C1=CC(=NC=C1)C(F)(F)F)(C)C,1.0476465207527568,-0.312803823984328
CN[C@@H]1CCCC[C@H]1NC*C[C@H](C1=CC=C(C=C1)C2=CC=CC=C2)B3OC(C)(C)C(C)(C)O3,0.5718148089359225,-1.48848510049963
CN[C@@H](C1=CC=CC=C1)[C@H](C2=CC=CC=C2)NC*C(C1=CC=CC=C1)(=O)OC(CCC1CCCCC1)CC,0.5718148089359225,-0.0237022693197456
CN[C@@H](C1=CC=CC=C1)[C@@H](NC)C2=CC=CC=C2*O=C1[C@@](/C=C/CCCC)(CC)CCN1C2=CC=C(OC)C=C2,0.5718148089359225,-0.0592972190353052
CN[C@@H](C1=CC=CC=C1)[C@@H](NC)C2=CC=CC=C2*O=C(OC1=C(C(C)(C)C)C=C(C)C=C1C(C)(C)C)[C@H](C)C2=CC=CC=C2,0.5718148089359225,-1.63022336051597
CN[C@@H](C1=CC=CC=C1)[C@@H](NC)C2=CC=CC=C2*CC[C@H](C3=CC=CC=C3)C(OC4=C(C(C)(C)C)C=C(C)C=C4C(C)(C)C)=O,0.5718148089359225,-3.13616515793785
CN[C@@H](C1=CC=CC=C1)[C@@H](NC)C2=CC=CC=C2*CCCC[C@H](C5=CC=CC=C5)C(OC6=C(C(C)(C)C)C=C(C)C=C6C(C)(C)C)=O,0.5718148089359225,-1.88292607790766
CN[C@@H](C1=CC=CC=C1)[C@@H](NC)C2=CC=CC=C2*CC(C)C[C@H](C7=CC=CC=C7)C(OC8=C(C(C)(C)C)C=C(C)C=C8C(C)(C)C)=O,0.5718148089359225,-1.96511826580124
CN[C@@H](C1=CC=CC=C1)[C@@H](NC)C2=CC=CC=C2*CC(C)[C@H](C9=CC=CC=C9)C(OC%10=C(C(C)C)C=CC=C%10C(C)C)=O,0.5718148089359225,-1.15290840259942
CN[C@@H](C1=CC=CC=C1)[C@@H](NC)C2=CC=CC=C2*O=C(OC%11=C(C(C)(C)C)C=C(C)C=C%11C(C)(C)C)[C@@H](C%12=CC=CC=C%12)CCC(OC)=O,0.5718148089359225,-1.81004836839238
CN[C@@H](C1=CC=CC=C1)[C@@H](NC)C2=CC=CC=C2*O=C(OC%13=C(C(C)(C)C)C=C(C)C=C%13C(C)(C)C)[C@@H](C%14=CC=CC=C%14)CCOC,0.5718148089359225,-3.13616515793785
CN[C@@H](C1=CC=CC=C1)[C@@H](NC)C2=CC=CC=C2*C=CC[C@H](C%15=CC=CC=C%15)C(OC%16=C(C(C)(C)C)C=C(C)C=C%16C(C)(C)C)=O,0.5718148089359225,-1.33547916869331
CN[C@@H](C1=CC=CC=C1)[C@@H](NC)C2=CC=CC=C2*O=C(OC%17=C(C(C)(C)C)C=C(C)C=C%17C(C)(C)C)[C@@H](C%18=CC=CC=C%18)CC%19=CC=CC=C%19,0.5718148089359225,-1.40788868871824
CN[C@@H](C1=CC=CC=C1)[C@@H](NC)C2=CC=CC=C2*O=C(OC%20=C(C(C)(C)C)C=C(C)C=C%20C(C)(C)C)[C@@H](C%21=CC=CC=C%21)CCBr,0.5718148089359225,-1.48848510049963
CN[C@@H](C1=CC=CC=C1)[C@@H](NC)C2=CC=CC=C2*CC[C@H](C%22=CC=C%23C=CC=CC%23=C%22)C(OC%24=C(C(C)(C)C)C=C(C)C=C%24C(C)(C)C)=O,0.5718148089359225,-1.68491878774143
CN[C@@H](C1=CC=CC=C1)[C@@H](NC)C2=CC=CC=C2*CCC(C%25=CC=C(C)C=C%25)C(OC%26=C(C(C)(C)C)C=C(C)C=C%26C(C)(C)C)=O,0.5718148089359225,-1.88292607790766
CN[C@@H](C1=CC=CC=C1)[C@@H](NC)C2=CC=CC=C2*CC[C@H](C%27=CC=C(OC)C=C%27)C(OC%28=C(C(C)(C)C)C=C(C)C=C%28C(C)(C)C)=O,0.5718148089359225,-1.53255579717938
CN[C@@H](C1=CC=CC=C1)[C@@H](NC)C2=CC=CC=C2*CC[C@H](C%29=CC=C(CCl)C=C%29)C(OC%30=C(C(C)(C)C)C=C(C)C=C%30C(C)(C)C)=O,0.5718148089359225,-2.17057864018765
CN[C@@H](C1=CC=CC=C1)[C@@H](NC)C2=CC=CC=C2*CCCC[C@H](C=C)C(OC%31=C(C(C)(C)C)C=C(C)C=C%31C(C)(C)C)=O,0.5718148089359225,-1.88292607790766
CN[C@@H](C1=CC=CC=C1)[C@@H](NC)C2=CC=CC=C2*CCCC[C@H](/C=C/C%32=CC=CC=C%32)C(OC%33=C(C(C)(C)C)C=C(C)C=C%33C(C)(C)C)=O,0.5718148089359225,-1.88292607790766
CN[C@@H](C1=CC=CC=C1)[C@@H](NC)C2=CC=CC=C2*CC[C@H](/C=C/CCCC)C(OC%34=C(C(C)(C)C)C=C(C)C=C%34C(C)(C)C)=O,0.5718148089359225,-1.81004836839238
CN[C@@H](C1=CC=CC=C1)[C@@H](NC)C2=CC=CC=C2*CC[C@@H](C(OCC)=O)C1=CC=CC=C1,0.5718148089359225,-0.277504081222074
CN[C@@H](C1=CC=CC=C1)[C@@H](NC)C2=CC=CC=C2*CC[C@@H](C(OC(C)(C)C)=O)C1=CC=CC=C1,0.5718148089359225,-0.406236202998256
CN[C@@H](C1=CC=CC=C1)[C@@H](NC)C2=CC=CC=C2*CC[C@@H](C(OC1=C(C=C(C=C1C)C)C)=O)C2=CC=CC=C2,0.5718148089359225,-0.154920895732064
CN[C@@H](C1=CC=CC=C1)[C@@H](NC)C2=CC=CC=C2*CC[C@@H](C(OC1=C(C=CC=C1C(C)C)C(C)C)=O)C2=CC=CC=C2,0.5718148089359225,-1.10050053696865
CN[C@@H](C1=CC=CC=C1)[C@@H](NC)C2=CC=CC=C2*CC[C@@H](C(OC1=C(C=C(C=C1C(C)(C)C)OC)C(C)(C)C)=O)C2=CC=CC=C2,0.5718148089359225,-2.17057864018765
CN[C@@H](C1=CC=CC=C1)[C@@H](NC)C2=CC=CC=C2*FC(F)(F)[C@@H](C1=CC=CC=C1)CCC2=CC=CC=C2,-1.5694278942398316,-0.111121661843237
CN[C@@H](C1=CC=CC=C1)[C@@H](NC)C2=CC=CC=C2*CN(S(=O)(=O)[C@@H](CCCC)C1=CC=CC=C1)C,-1.5694278942398316,-0.872599069566059
CN[C@@H](C1=CC=CC=C1)[C@@H](NC)C2=CC=CC=C2*CC[C@@H](C1=CC=CC=C1)C(N2CCC3=C2C=CC=C3)=O,-0.8556803265145803,-1.33871299580404
CN[C@@H](C1=CC=CC=C1)[C@@H](NC)C2=CC=CC=C2*C[C@H](CCC(=O)N(C1=CC=CC=C1)C1=CC=CC=C1)CCCCC1(OCCO1)C,0.5718148089359225,-1.48848510049963
CN[C@@H](C1=CC=CC=C1)[C@@H](NC)C2=CC=CC=C2*C1(CCCCC1)C[C@H](CCC(=O)N(C1=CC=CC=C1)C1=CC=CC=C1)C,0.5718148089359225,-1.74451448422234
CN[C@@H](C1=CC=CC=C1)[C@@H](NC)C2=CC=CC=C2*[Si](C)(C)(C(C)(C)C)OCCCCC[C@@H](CCC(=O)N(C1=CC=CC=C1)C1=CC=CC=C1)CC,0.5718148089359225,-1.81004836839238
CN[C@@H](C1=CC=CC=C1)[C@@H](NC)C2=CC=CC=C2*C(C)[C@H](CCC(=O)N(C1=CC=CC=C1)C1=CC=CC=C1)CCCC1=CC=C(C=C1)OC,0.5718148089359225,-1.68491878774143
CN[C@@H](C1=CC=CC=C1)[C@@H](NC)C2=CC=CC=C2*C(C)[C@H](CCC(=O)N(C1=CC=CC=C1)C1=CC=CC=C1)CCCCCCCN1C=CC2=CC=CC=C12,0.5718148089359225,-1.74451448422234
CN[C@@H](C1=CC=CC=C1)[C@@H](NC)C2=CC=CC=C2*C(#N)CCCCC[C@@H](CCC(=O)N(C1=CC=CC=C1)C1=CC=CC=C1)CC,0.5718148089359225,-1.00478977993828
CN[C@@H](C1=CC=CC=C1)[C@@H](NC)C2=CC=CC=C2*FC1=CC=C(C=C1)CCC[C@@H](CCC(=O)N(C1=CC=CC=C1)C1=CC=CC=C1)CCCC,0.5718148089359225,-1.74451448422234
CN[C@@H](C1=CC=CC=C1)[C@@H](NC)C2=CC=CC=C2*COC1=CC=C(C=C1)CCC[C@H](CCC(=O)N(C1=CC=CC=C1)C1=CC=CC=C1)CCC1=CC=CC=C1,0.5718148089359225,-1.63022336051597
CN[C@@H](C1=CC=CC=C1)[C@@H](NC)C2=CC=CC=C2*C(C(C)C)[C@H](CCC(=O)N(C1=CC=CC=C1)C1=CC=CC=C1)CCCC1=CC=CC=C1,0.5718148089359225,-1.3707771408124
CN[C@@H](C1=CC=CC=C1)[C@@H](NC)C2=CC=CC=C2*COC1=CC=C(C=C1)CCC[C@@H](CCCC(=O)N(C1=CC=CC=C1)C1=CC=CC=C1)C,0.5718148089359225,-1.44703619563726
CN[C@@H](C1=CC=CC=C1)[C@@H](NC)C2=CC=CC=C2*C(C)[C@H](CCC(=O)N(C)OC)CCCC1=CC=CC=C1,0.5718148089359225,-1.53255579717938
CN[C@@H](C1=CC=CC=C1)[C@@H](NC)C2=CC=CC=C2*C1(=CC=CC=C1)N(C(CC[C@@H](CC)C1=CC=CC=C1)=O)C1=CC=CC=C1,0.5718148089359225,-1.3707771408124
CN[C@@H](C1=CC=CC=C1)[C@@H](NC)C2=CC=CC=C2*C1(CC1)[C@H](CCC(=O)N(C1=CC=CC=C1)C1=CC=CC=C1)CC,0.5718148089359225,-1.44703619563726
CN[C@@H](C1=CC=CC=C1)[C@@H](NC)C2=CC=CC=C2*O(C1=CC=CC=C1)CCC[C@@H](C)NC(OC(C)(C)C)=O,-0.6177644706061631,-1.40405036390926
CN[C@@H](C1=CC=CC=C1)[C@@H](NC)C2=CC=CC=C2*CCOC(=O)[C@@H](CCCOC1=CC=CC=C1)NC(=O)OCC1=CC=CC=C1,-0.6177644706061631,-0.472897990555623
CN[C@@H](C1=CC=CC=C1)[C@@H](NC)C2=CC=CC=C2*C(C1=CC=CC=C1)N(C(OC[C@H](CCCC1=CC=CC=C1)C)=O)C1=CC=CC=C1,0.5718148089359225,-2.05951101582029
CN[C@@H](C1=CC=CC=C1)[C@@H](NC)C2=CC=CC=C2*C(C1=CC=CC=C1)N(C(OC[C@H](CCC1CCCCC1)C)=O)C1=CC=CC=C1,0.5718148089359225,-2.30581680519884
CN[C@@H](C1=CC=CC=C1)[C@@H](NC)C2=CC=CC=C2*C(C1=CC=CC=C1)N(C(OC[C@H](CCCCCO[Si](C)(C)C(C)(C)C)C)=O)C1=CC=CC=C1,0.5718148089359225,-2.17057864018765
CN[C@@H](C1=CC=CC=C1)[C@@H](NC)C2=CC=CC=C2*C(C1=CC=CC=C1)N(C(OC[C@H](CCCC1=C(C=CC=C1)OC)C)=O)C1=CC=CC=C1,0.5718148089359225,-1.96511826580124
CN[C@@H](C1=CC=CC=C1)[C@@H](NC)C2=CC=CC=C2*C(C1=CC=CC=C1)N(C(OC[C@H](CCCCCC)CC)=O)C1=CC=CC=C1,0.5718148089359225,-2.47927718299034
CN[C@@H](C1=CC=CC=C1)[C@@H](NC)C2=CC=CC=C2*C(C1=CC=CC=C1)N(C(OC[C@H](CCCCC1(OCCO1)C)CC)=O)C1=CC=CC=C1,0.5718148089359225,-2.30581680519884
CN[C@@H](C1=CC=CC=C1)[C@@H](NC)C2=CC=CC=C2*C(C1=CC=CC=C1)N(C(OC[C@@H](CCCCCC)CCCC1=CC=C(C=C1)F)=O)C1=CC=CC=C1,0.5718148089359225,-2.72250611814912
CN[C@@H](C1=CC=CC=C1)[C@@H](NC)C2=CC=CC=C2*C(C1=CC=CC=C1)N(C(OC[C@@H](CCCCCC)CC1=CC=CC=C1)=O)C1=CC=CC=C1,0.5718148089359225,-1.74451448422234
CN[C@@H](C1=CC=CC=C1)[C@@H](NC)C2=CC=CC=C2*C(C1=CC=CC=C1)N(C(OC[C@@H](CCCCCC)CC(C)C)=O)C1=CC=CC=C1,0.5718148089359225,-2.72250611814912
CN[C@@H](C1=CC=CC=C1)[C@@H](NC)C2=CC=CC=C2*C(C1=CC=CC=C1)N(C(OC[C@@H](CCCC1=CC=C(C=C1)F)CC(C)C)=O)C1=CC=CC=C1,0.5718148089359225,-3.13616515793785
CN[C@@H](C1=CC=CC=C1)[C@@H](NC)C2=CC=CC=C2*C(C1=CC=CC=C1)N(C(OC[C@H](CCCCCC)C)=O)C1=CC=CC=C1,0.5718148089359225,-1.88292607790766
CN[C@@H](C1=CC=CC=C1)[C@@H](NC)C2=CC=CC=C2*C(C1=CC=CC=C1)N(C(OCC[C@H](CCCC1=CC=CC=C1)C)=O)C1=CC=CC=C1,0.5718148089359225,-1.74451448422234
CN[C@@H](C1=CC=CC=C1)[C@@H](NC)C2=CC=CC=C2*C(C1=CC=CC=C1)N(C(C[C@@H](CCCCCC)CC)=O)C1=CC=CC=C1,-0.8556803265145803,-0.38946241126847
CN[C@@H](C1=CC=CC=C1)[C@@H](NC)C2=CC=CC=C2*CC1(OB(OC1(C)C)[C@@H](CCC1=CC=CC=C1)CCCC)C,-0.6177644706061631,-1.44718649223659
CN[C@@H](C1=CC=CC=C1)[C@@H](NC)C1=CC=CC=C1*C1(=CC=CC=C1)CCCC[C@@H]1COC2=C1C=CC=C2,0.5718148089359225,-2.17057864018765
CN[C@@H](C1=CC=CC=C1)[C@@H](NC)C1=CC=CC=C1*C[Si](CC[C@@H]1COC2=C1C=CC=C2)(C)C,0.5718148089359225,-2.30581680519884
CN[C@@H](C1=CC=CC=C1)[C@@H](NC)C1=CC=CC=C1*O1C(OCCC1)CCC[C@@H]1COC2=C1C=CC=C2,0.5718148089359225,-2.47927718299034
CN[C@@H](C1=CC=CC=C1)[C@@H](NC)C1=CC=CC=C1*O1C[C@H](C2=C1C=CC=C2)CCCCCN2C(C1=CC=CC=C1C2=O)=O,0.5718148089359225,-2.47927718299034
CN[C@@H](C1=CC=CC=C1)[C@@H](NC)C1=CC=CC=C1*COC1=CC2=C([C@@H](CO2)CCCCC2=CC=CC=C2)C=C1,0.5718148089359225,-2.05951101582029
CN[C@@H](C1=CC=CC=C1)[C@@H](NC)C1=CC=CC=C1*C1(CCCCC1)CC[C@@H]1COC2=C1C=CC=C2,0.5718148089359225,-2.30581680519884
CN[C@@H](C1=CC=CC=C1)[C@@H](NC)C1=CC=CC=C1*C1C(CC2=CC=CC=C12)C[C@@H]1COC2=C1C=CC=C2,0.5718148089359225,-2.30581680519884
CN[C@@H](C1=CC=CC=C1)[C@@H](NC)C1=CC=CC=C1*COC1=CC=C(C=C1)CCCC[C@H]1CCC2=CC=CC=C12,0.5718148089359225,-2.17057864018765
CN[C@@H](C1=CC=CC=C1)[C@@H](NC)C1=CC=CC=C1*FC=1C=C2CC[C@@H](C2=CC1)CCCCC1=CC=C(C=C1)OC,0.5718148089359225,-2.47927718299034
CN[C@@H](C1=CC=CC=C1)[C@@H](NC)C1=CC=CC=C1*C[C@@]1(CCC2=CC=CC=C12)CCCCC1=CC=CC=C1,0.5718148089359225,-0.732754297804119
CN[C@@H](C1=CC=CC=C1)[C@@H](NC)C1=CC=CC=C1*COC1=CC2=C([C@@H](CO2)CCO)C=C1,0.5718148089359225,-2.30581680519884
CN[C@@H](C1=CC=CC(C(F)(F)F)=C1)[C@@H](NC)C2=CC(C(F)(F)F)=CC=C2*CC[C@@H](C1=CC=CC=C1)C(N2CCC3=C2C=CC=C3)=O,-0.8556803265145803,-1.69346512758993
CN[C@@H](C1=CC=CC(C(F)(F)F)=C1)[C@@H](NC)C2=CC(C(F)(F)F)=CC=C2*C[C@@H](C4=CC=CC=C4)C(N5CCC6=C5C=CC=C6)=O,-0.8556803265145803,-1.42069580045118
CN[C@@H](C1=CC=CC(C(F)(F)F)=C1)[C@@H](NC)C2=CC(C(F)(F)F)=CC=C2*C=CC[C@@H](C7=CC=CC=C7)C(N8CCC9=C8C=CC=C9)=O,-0.8556803265145803,-1.56898057670374
CN[C@@H](C1=CC=CC(C(F)(F)F)=C1)[C@@H](NC)C2=CC(C(F)(F)F)=CC=C2*O=C(N%10CCC%11=C%10C=CC=C%11)[C@H](C%12=CC=CC=C%12)CCO[Si](C)(C(C)(C)C)C,-0.8556803265145803,-1.30143470018492
CN[C@@H](C1=CC=CC(C(F)(F)F)=C1)[C@@H](NC)C2=CC(C(F)(F)F)=CC=C2*CC(C)C[C@@H](C%13=CC=CC=C%13)C(N%14CCC%15=C%14C=CC=C%15)=O,-0.8556803265145803,-1.33871299580404
CN[C@@H](C1=CC=CC(C(F)(F)F)=C1)[C@@H](NC)C2=CC(C(F)(F)F)=CC=C2*CC[C@@H](C%16=CC=CC(Cl)=C%16)C(N%17CCC%18=C%17C=CC=C%18)=O,-0.8556803265145803,-1.69346512758993
CN[C@@H](C1=CC=CC(C(F)(F)F)=C1)[C@@H](NC)C2=CC(C(F)(F)F)=CC=C2*CC[C@@H](C%19=CC=CC(C)=C%19)C(N%20CCC%21=C%20C=CC=C%21)=O,-0.8556803265145803,-1.69346512758993
CN[C@@H](C1=CC=CC(C(F)(F)F)=C1)[C@@H](NC)C2=CC(C(F)(F)F)=CC=C2*CC[C@@H](C%22=CC=C(OC)C=C%22)C(N%23CCC%24=C%23C=CC=C%24)=O,-0.8556803265145803,-1.56898057670374
CN[C@@H](C1=CC=CC(C(F)(F)F)=C1)[C@@H](NC)C2=CC(C(F)(F)F)=CC=C2*CC[C@@H](C%25=CC=C(F)C=C%25)C(N%26CCC%27=C%26C=CC=C%27)=O,-0.8556803265145803,-1.85228200198629
CN[C@@H](C1=CC(C(F)(F)F)=CC=C1)[C@@H](NC)C2=CC=CC(C(F)(F)F)=C2*C(C1=CC=CC=C1)N(C(OC[C@H](CCCC1=CC=CC=C1)C)=O)C1=CC=CC=C1,0.5718148089359225,-1.81004836839238
CN[C@H]([C@H](C1=CC=CC(C(F)(F)F)=C1)NC)C2=CC=CC(C(F)(F)F)=C2*C1(=CC=CC=C1)CCCC[C@@H]1COC2=C1C=CC=C2,0.5718148089359225,-0.487964688576911
CN[C@@H](C1=CC=CC(C(F)(F)F)=C1)[C@@H](NC)C1=CC(C(F)(F)F)=CC=C1*C[C@H](C1=CC=C(C=C1)C2=CC=CC=C2)B3OC(C)(C)C(C)(C)O3,0.5718148089359225,-0.939448821233859
ClC(C=C1)=CC=C1[C@@H](CO2)N=C2C3=CC=CC(C4=N[C@@H](C5=CC=C(Cl)C=C5)CO4)=N3*FC=1C=C2[C@](C(N(C2=CC1)C(=O)OC12CC3CC(CC(C1)C3)C2)=O)([N+](=O)[O-])CC2=CC=CC=C2,-0.6177644706061631,-1.88682017095862
ClC(C=C1)=CC=C1[C@@H](CO2)N=C2C3=CC=CC(C4=N[C@@H](C5=CC=C(Cl)C=C5)CO4)=N3*FC1=CC=C2[C@](C(N(C2=C1)C(=O)OC12CC3CC(CC(C1)C3)C2)=O)([N+](=O)[O-])CC2=CC=CC=C2,-0.6177644706061631,-1.88682017095862
ClC(C=C1)=CC=C1[C@@H](CO2)N=C2C3=CC=CC(C4=N[C@@H](C5=CC=C(Cl)C=C5)CO4)=N3*ClC=1C=C2[C@](C(N(C2=CC1)C(=O)OC12CC3CC(CC(C1)C3)C2)=O)([N+](=O)[O-])CC2=CC=CC=C2,-0.6177644706061631,-1.98857472938876
ClC(C=C1)=CC=C1[C@@H](CO2)N=C2C3=CC=CC(C4=N[C@@H](C5=CC=C(Cl)C=C5)CO4)=N3*ClC1=CC=C2[C@](C(N(C2=C1)C(=O)OC12CC3CC(CC(C1)C3)C2)=O)([N+](=O)[O-])CC2=CC=CC=C2,-0.6177644706061631,-1.88682017095862
ClC(C=C1)=CC=C1[C@@H](CO2)N=C2C3=CC=CC(C4=N[C@@H](C5=CC=C(Cl)C=C5)CO4)=N3*BrC1=CC=C2[C@](C(N(C2=C1)C(=O)OC12CC3CC(CC(C1)C3)C2)=O)([N+](=O)[O-])CC2=CC=CC=C2,-0.6177644706061631,-1.88682017095862
ClC(C=C1)=CC=C1[C@@H](CO2)N=C2C3=CC=CC(C4=N[C@@H](C5=CC=C(Cl)C=C5)CO4)=N3*COC1=CC=C2[C@](C(N(C2=C1)C(=O)OC12CC3CC(CC(C1)C3)C2)=O)([N+](=O)[O-])CC2=CC=CC=C2,-0.6177644706061631,-1.65827506901351
ClC(C=C1)=CC=C1[C@@H](CO2)N=C2C3=CC=CC(C4=N[C@@H](C5=CC=C(Cl)C=C5)CO4)=N3*C1(=CC=CC=C1)C1=CC=C2[C@](C(N(C2=C1)C(=O)OC12CC3CC(CC(C1)C3)C2)=O)([N+](=O)[O-])CC2=CC=CC=C2,-0.6177644706061631,-1.80034229181154
ClC(C=C1)=CC=C1[C@@H](CO2)N=C2C3=CC=CC(C4=N[C@@H](C5=CC=C(Cl)C=C5)CO4)=N3*C(C1=CC=CC=C1)[C@@]1(C(N(C2=CC=CC=C12)C(=O)OC12CC3CC(CC(C1)C3)C2)=O)[N+](=O)[O-],-0.6177644706061631,-1.88682017095862
ClC(C=C1)=CC=C1[C@@H](CO2)N=C2C3=CC=CC(C4=N[C@@H](C5=CC=C(Cl)C=C5)CO4)=N3*FC=1C=C2[C@](C(N(C2=CC1)C(=O)OC12CC3CC(CC(C1)C3)C2)=O)([N+](=O)[O-])CC2=CC=C(C=C2)C,-0.6177644706061631,-1.88682017095862
ClC(C=C1)=CC=C1[C@@H](CO2)N=C2C3=CC=CC(C4=N[C@@H](C5=CC=C(Cl)C=C5)CO4)=N3*FC=1C=C2[C@](C(N(C2=CC1)C(=O)OC12CC3CC(CC(C1)C3)C2)=O)([N+](=O)[O-])CC2=CC(=CC=C2)C,-0.6177644706061631,-1.80034229181154
ClC(C=C1)=CC=C1[C@@H](CO2)N=C2C3=CC=CC(C4=N[C@@H](C5=CC=C(Cl)C=C5)CO4)=N3*FC=1C=C2[C@](C(N(C2=CC1)C(=O)OC12CC3CC(CC(C1)C3)C2)=O)([N+](=O)[O-])CC2=C(C=CC=C2)C,-0.6177644706061631,-1.54363765511176
ClC(C=C1)=CC=C1[C@@H](CO2)N=C2C3=CC=CC(C4=N[C@@H](C5=CC=C(Cl)C=C5)CO4)=N3*FC=1C=C2[C@](C(N(C2=CC1)C(=O)OC12CC3CC(CC(C1)C3)C2)=O)([N+](=O)[O-])CC2=CC=C(C=C2)OC,-0.6177644706061631,-1.49352846193171
ClC(C=C1)=CC=C1[C@@H](CO2)N=C2C3=CC=CC(C4=N[C@@H](C5=CC=C(Cl)C=C5)CO4)=N3*FC=1C=C2[C@](C(N(C2=CC1)C(=O)OC12CC3CC(CC(C1)C3)C2)=O)([N+](=O)[O-])CC2=CC(=CC(=C2)C)C,-0.6177644706061631,-1.49352846193171
ClC(C=C1)=CC=C1[C@@H](CO2)N=C2C3=CC=CC(C4=N[C@@H](C5=CC=C(Cl)C=C5)CO4)=N3*FC=1C=C2[C@](C(N(C2=CC1)C(=O)OC12CC3CC(CC(C1)C3)C2)=O)([N+](=O)[O-])CC2=CC(=CC(=C2)OC)OC,-0.6177644706061631,-1.88682017095862
ClC(C=C1)=CC=C1[C@@H](CO2)N=C2C3=CC=CC(C4=N[C@@H](C5=CC=C(Cl)C=C5)CO4)=N3*FC=1C=C2[C@](C(N(C2=CC1)C(=O)OC12CC3CC(CC(C1)C3)C2)=O)([N+](=O)[O-])CC2=CC=C(C=C2)C2=CC=CC=C2,-0.6177644706061631,-1.88682017095862
ClC(C=C1)=CC=C1[C@@H](CO2)N=C2C3=CC=CC(C4=N[C@@H](C5=CC=C(Cl)C=C5)CO4)=N3*FC=1C=C2[C@](C(N(C2=CC1)C(=O)OC12CC3CC(CC(C1)C3)C2)=O)([N+](=O)[O-])CC=2SC=CC2,-0.6177644706061631,-1.80034229181154
ClC(C=C1)=CC=C1[C@@H](CO2)N=C2C3=CC=CC(C4=N[C@@H](C5=CC=C(Cl)C=C5)CO4)=N3*FC=1C=C2[C@](C(N(C2=CC1)C(=O)OC12CC3CC(CC(C1)C3)C2)=O)([N+](=O)[O-])CC2=CC3=C(S2)C=CC=C3,-0.6177644706061631,-1.59823622795684
ClC(C=C1)=CC=C1[C@@H](CO2)N=C2C3=CC=CC(C4=N[C@@H](C5=CC=C(Cl)C=C5)CO4)=N3*ClC1=CC=C2[C@](C(N(C2=C1)C(=O)OC12CC3CC(CC(C1)C3)C2)=O)([N+](=O)[O-])CC2=CC=C(C=C2)OCC2=CC=CC=C2,-0.6177644706061631,-1.80034229181154
ClC(C=C1)=CC=C1[C@@H](CO2)N=C2C3=CC=CC(C4=N[C@@H](C5=CC=C(Cl)C=C5)CO4)=N3*COC1=CC=C2[C@](C(N(C2=C1)C(=O)OC12CC3CC(CC(C1)C3)C2)=O)([N+](=O)[O-])CC2=CC=C(C=C2)Cl,-0.6177644706061631,-1.49352846193171
ClC(C=C1)=CC=C1[C@@H](CO2)N=C2C3=CC=CC(C4=N[C@@H](C5=CC=C(Cl)C=C5)CO4)=N3*COC1=CC=C2[C@](C(N(C2=C1)C(=O)OC12CC3CC(CC(C1)C3)C2)=O)([N+](=O)[O-])CC2=CC=C(C=C2)C(F)(F)F,-0.6177644706061631,-1.54363765511176
ClC(C=C1)=CC=C1[C@@H](CO2)N=C2C3=CC=CC(C4=N[C@@H](C5=CC=C(Cl)C=C5)CO4)=N3*C1(=CC=CC=C1)C1=CC=C2[C@](C(N(C2=C1)C(=O)OC12CC3CC(CC(C1)C3)C2)=O)([N+](=O)[O-])CC2=CC=C(C=C2)Br,-0.6177644706061631,-1.65827506901351
ClC(C=C1)=CC=C1[C@@H](CO2)N=C2C3=CC=CC(C4=N[C@@H](C5=CC=C(Cl)C=C5)CO4)=N3*C1(=CC=CC=C1)C1=CC=C2[C@](C(N(C2=C1)C(=O)OC12CC3CC(CC(C1)C3)C2)=O)([N+](=O)[O-])CC2=CC=C(C=C2)C(=O)OC(C)(C)C,-0.6177644706061631,-1.80034229181154
ClC(C=C1)=CC=C1[C@@H](CO2)N=C2C3=CC=CC(C4=N[C@@H](C5=CC=C(Cl)C=C5)CO4)=N3*BrC=1C=C(C[C@H]2C(N(C3=CC(=CC=C23)C2=CC3=CC=CC=C3C=C2)C(=O)OC23CC4CC(CC(C2)C4)C3)=O)C=CC1F,-0.6177644706061631,-1.49352846193171
ClC(C=C1)=CC=C1[C@@H](CO2)N=C2C3=CC=CC(C4=N[C@@H](C5=CC=C(Cl)C=C5)CO4)=N3*C(C)(C)(C)OC(=O)N1C([C@@](C2=CC(=CC=C12)Cl)([N+](=O)[O-])CC=1N(C2=CC=CC=C2C1)C(=O)OC(C)(C)C)=O,-0.6177644706061631,-1.59823622795684
ClC(C=C1)=CC=C1[C@@H](CO2)N=C2C3=CC=CC(C4=N[C@@H](C5=CC=C(Cl)C=C5)CO4)=N3*C(C)(C)(C)OC(=O)N1C([C@@](C2=CC(=CC=C12)Cl)([N+](=O)[O-])CC=1N(C2=CC=CC=C2C1)C(=O)OC(C)(C)C)=O,-0.6177644706061631,-1.44718649223659
ClC(C=C1)=CC=C1[C@@H](CO2)N=C2C3=CC=CC(C4=N[C@@H](C5=CC=C(Cl)C=C5)CO4)=N3*[N+](=O)([O-])[C@]1(C(N(C2=CC=CC=C12)C(=O)OC(C)(C)C)=O)C1=CC=CC=C1,-0.6177644706061631,-1.19264958292668
ClC(C=C1)=CC=C1[C@@H](CO2)N=C2C3=CC=CC(C4=N[C@@H](C5=CC=C(Cl)C=C5)CO4)=N3*CC=1C=C2[C@@](C(N(C2=CC1)C(=O)OC(C)(C)C)=O)(C1=CC=CC=C1)[N+](=O)[O-],-0.6177644706061631,-1.19264958292668
ClC(C=C1)=CC=C1[C@@H](CO2)N=C2C3=CC=CC(C4=N[C@@H](C5=CC=C(Cl)C=C5)CO4)=N3*[N+](=O)([O-])[C@]1(C(N(C2=CC=CC=C12)C(=O)OC(C)(C)C)=O)C1=CC=C(C=C1)C,-0.6177644706061631,-1.22349869169404
CCCCC(CCCC)[C@@H]1COC(C2=N[C@H](C(CCCC)CCCC)CO2)=N1*CN1C=C(C2=CC=CC=C12)C(=O)OC[C@@H](CC(C(C(C(F)(F)F)(F)F)(F)F)(F)F)C=1C=NC(=NC1)C(F)(F)F,-1.0935961824229974,-1.53972492545064
CCCCC(CCCC)[C@@H]1COC(C2=N[C@H](C(CCCC)CCCC)CO2)=N1*CN1C=C(C2=CC=CC=C12)C(=O)OC[C@@H](CC(C(C(C(F)(F)F)(F)F)(F)F)(F)F)C=1C=NC(=NC1)C,-1.0935961824229974,-1.35264819060122
CCCCC(CCCC)[C@@H]1COC(C2=N[C@H](C(CCCC)CCCC)CO2)=N1*CN1C=C(C2=CC=CC=C12)C(=O)OC[C@@H](CC(C(C(C(F)(F)F)(F)F)(F)F)(F)F)C=1C=NC(=NC1)F,-1.0935961824229974,-1.53972492545064
CCCCC(CCCC)[C@@H]1COC(C2=N[C@H](C(CCCC)CCCC)CO2)=N1*CN1C=C(C2=CC=CC=C12)C(=O)OC[C@@H](CC(C(C(C(F)(F)F)(F)F)(F)F)(F)F)C=1C=NC(=NC1)Cl,-1.0935961824229974,-1.53972492545064
CCCCC(CCCC)[C@@H]1COC(C2=N[C@H](C(CCCC)CCCC)CO2)=N1*CN1C=C(C2=CC=CC=C12)C(=O)OC[C@@H](CC(C(C(C(F)(F)F)(F)F)(F)F)(F)F)C=1C=NC(=NC1)C1=CC=CC=C1,-1.0935961824229974,-1.35264819060122
CCCCC(CCCC)[C@@H]1COC(C2=N[C@H](C(CCCC)CCCC)CO2)=N1*CN1C=C(C2=CC=CC=C12)C(=O)OC[C@@H](CC(C(C(C(F)(F)F)(F)F)(F)F)(F)F)C=1C=NC(=NC1)S(=O)(=O)C,-1.0935961824229974,-1.14898677557077
CCCCC(CCCC)[C@@H]1COC(C2=N[C@H](C(CCCC)CCCC)CO2)=N1*CN1C=C(C2=CC=CC=C12)C(=O)OC[C@@H](CC(C(C(C(F)(F)F)(F)F)(F)F)(F)F)C=1C=NC(=NC1)SC,-1.0935961824229974,-1.20986082376248
CCCCC(CCCC)[C@@H]1COC(C2=N[C@H](C(CCCC)CCCC)CO2)=N1*CN1C=C(C2=CC=CC=C12)C(=O)OC[C@@H](CC(C(C(C(F)(F)F)(F)F)(F)F)(F)F)C=1C=NC(=NC1)OC,-1.0935961824229974,-1.04189436714417
CCCCC(CCCC)[C@@H]1COC(C2=N[C@H](C(CCCC)CCCC)CO2)=N1*CN1C=C(C2=CC=CC=C12)C(=O)OC[C@@H](CC(C(C(C(F)(F)F)(F)F)(F)F)(F)F)C=1C=NC(=CC1)C(F)(F)F,-1.0935961824229974,-1.81774383301395
CCCCC(CCCC)[C@@H]1COC(C2=N[C@H](C(CCCC)CCCC)CO2)=N1*CN1C=C(C2=CC=CC=C12)C(=O)OC[C@@H](CC(C(C(C(F)(F)F)(F)F)(F)F)(F)F)C=1C=NC(=C(C1)F)F,-1.0935961824229974,-1.53972492545064
CCCCC(CCCC)[C@@H]1COC(C2=N[C@H](C(CCCC)CCCC)CO2)=N1*CN1C=C(C2=CC=CC=C12)C(=O)OC[C@@H](CC(C(C(C(F)(F)F)(F)F)(F)F)(F)F)C=1C=NC(=C(C1)C#N)Cl,-1.0935961824229974,-1.53972492545064
CCCCC(CCCC)[C@@H]1COC(C2=N[C@H](C(CCCC)CCCC)CO2)=N1*CN1C=C(C2=CC=CC=C12)C(=O)OC[C@@H](CC(C(C(C(F)(F)F)(F)F)(F)F)(F)F)C1=CC(=NC=C1)F,-1.0935961824229974,-1.438850502498
CCCCC(CCCC)[C@@H]1COC(C2=N[C@H](C(CCCC)CCCC)CO2)=N1*CN1C=C(C2=CC=CC=C12)C(=O)OC[C@@H](CC(C(C(C(F)(F)F)(F)F)(F)F)(F)F)C1=CC(=NC=C1)Cl,-1.0935961824229974,-1.53972492545064
CCCCC(CCCC)[C@@H]1COC(C2=N[C@H](C(CCCC)CCCC)CO2)=N1*CN1C=C(C2=CC=CC=C12)C(=O)OC[C@@H](CC(C(C(C(F)(F)F)(F)F)(F)F)(F)F)C1=CC(=NC=C1)C(F)(F)F,-1.0935961824229974,-1.438850502498
CCCCC(CCCC)[C@@H]1COC(C2=N[C@H](C(CCCC)CCCC)CO2)=N1*CN1C=C(C2=CC=CC=C12)C(=O)OC[C@@H](CC(C(C(C(F)(F)F)(F)F)(F)F)(F)F)C1=CC(=NC(=C1)F)F,-1.0935961824229974,-1.66188830253698
CCCCC(CCCC)[C@@H]1COC(C2=N[C@H](C(CCCC)CCCC)CO2)=N1*CN1C=C(C2=CC=CC=C12)C(=O)OC[C@@H](CC(C(C(C(F)(F)F)(F)F)(F)F)(F)F)C1=CC(=NC(=C1)F)F,-1.0935961824229974,-1.53972492545064
CCCCC(CCCC)[C@@H]1COC(C2=N[C@H](C(CCCC)CCCC)CO2)=N1*CN1C=C(C2=CC=CC=C12)C(=O)OC[C@@H](CC(C(C(C(F)(F)F)(F)F)(F)F)(F)F)C1=CC(=NC(=C1)C(F)(F)F)Cl,-1.0935961824229974,-1.53972492545064
CCCCC(CCCC)[C@@H]1COC(C2=N[C@H](C(CCCC)CCCC)CO2)=N1*CN1C=C(C2=CC=CC=C12)C(=O)OC[C@@H](CC(C(C(C(F)(F)F)(F)F)(F)F)(F)F)C=1C=C2C=CC=NC2=C(C1)Cl,-1.0935961824229974,-1.66188830253698
CCCCC(CCCC)[C@@H]1COC(C2=N[C@H](C(CCCC)CCCC)CO2)=N1*CN1C=C(C2=CC=CC=C12)C(=O)OC[C@@H](CC(C(C(C(F)(F)F)(F)F)(F)F)(F)F)C1=CC(=CC(=C1)C(F)(F)F)C(F)(F)F,-1.0935961824229974,-1.438850502498
CCCCC(CCCC)[C@@H]1COC(C2=N[C@H](C(CCCC)CCCC)CO2)=N1*CN1C=C(C2=CC=CC=C12)C(=O)OC[C@@H](CC(C(C(C(F)(F)F)(F)F)(F)F)(F)F)C1=CC(=C(C(=C1)F)C#N)F,-1.0935961824229974,-1.66188830253698
CCCCC(CCCC)[C@@H]1COC(C2=N[C@H](C(CCCC)CCCC)CO2)=N1*CN1C=C(C2=CC=CC=C12)C(=O)OC[C@@H](CC(C(C(C(F)(F)F)(F)F)(F)F)(F)F)C1=CC(=CC=C1)C(C)=O,-1.0935961824229974,-1.27716778427619
CCCCC(CCCC)[C@@H]1COC(C2=N[C@H](C(CCCC)CCCC)CO2)=N1*CN1C=C(C2=CC=CC=C12)C(=O)OC[C@@H](CC(C(C(C(F)(F)F)(F)F)(F)F)(F)F)C=1C=C2COC(C2=CC1)=O,-1.0935961824229974,-1.35264819060122
CCCCC(CCCC)[C@@H]1COC(C2=N[C@H](C(CCCC)CCCC)CO2)=N1*CN1C=C(C2=CC=CC=C12)C(=O)OC[C@@H](CC(C(C(C(F)(F)F)(F)F)(F)F)(F)F)C1=CC=C(C=C1)C(=O)OC,-1.0935961824229974,-1.27716778427619
CCCCC(CCCC)[C@@H]1COC(C2=N[C@H](C(CCCC)CCCC)CO2)=N1*CN1C=C(C2=CC=CC=C12)C(=O)OC[C@@H](CC(C(C(C(F)(F)F)(F)F)(F)F)(F)F)C1=CC=C(C=C1)C#N,-1.0935961824229974,-1.35264819060122
CCCCC(CCCC)[C@@H]1COC(C2=N[C@H](C(CCCC)CCCC)CO2)=N1*CN1C=C(C2=CC=CC=C12)C(=O)OC[C@@H](CC(C(C(C(F)(F)F)(F)F)(F)F)(F)F)C1=CC=C(C=C1)C(C)=O,-1.0935961824229974,-1.27716778427619
CCCCC(CCCC)[C@@H]1COC(C2=N[C@H](C(CCCC)CCCC)CO2)=N1*CN1C=C(C2=CC=CC=C12)C(=O)OC[C@@H](CC(C(C(C(F)(F)F)(F)F)(F)F)(F)F)C1=CC=C(C=C1)S(=O)(=O)C,-1.0935961824229974,-1.35264819060122
CCCCC(CCCC)[C@@H]1COC(C2=N[C@H](C(CCCC)CCCC)CO2)=N1*CN1C=C(C2=CC=CC=C12)C(=O)OC[C@@H](CC(C(C(C(F)(F)F)(F)F)(F)F)(F)F)C1=CC=C(C=C1)C,-1.0935961824229974,-1.09330375069423
CCCCC(CCCC)[C@@H]1COC(C2=N[C@H](C(CCCC)CCCC)CO2)=N1*CN1C=C(C2=CC=CC=C12)C(=O)OC[C@@H](CC(C(C(C(F)(F)F)(F)F)(F)F)(F)F)C1=CC=C(C=C1)OC,-1.0935961824229974,-1.09330375069423
CCCCC(CCCC)[C@@H]1COC(C2=N[C@H](C(CCCC)CCCC)CO2)=N1*CN1C=C(C2=CC=CC=C12)C(=O)OC[C@@H](CC(C(C(C(F)(F)F)(F)F)(F)F)(F)F)C1=CC2=CC=CC=C2C=C1,-1.0935961824229974,-0.994061553855439
CCCCC(CCCC)[C@@H]1COC(C2=N[C@H](C(CCCC)CCCC)CO2)=N1*CN1C=C(C2=CC=CC=C12)C(=O)OC[C@@H](CC(C(F)(F)F)(F)F)C=1C=NC(=NC1)C(F)(F)F,-1.0935961824229974,-1.66188830253698
CCCCC(CCCC)[C@@H]1COC(C2=N[C@H](C(CCCC)CCCC)CO2)=N1*CN1C=C(C2=CC=CC=C12)C(=O)OC[C@@H](CC(C(C(F)(F)F)(F)F)(F)F)C=1C=NC(=NC1)C(F)(F)F,-1.0935961824229974,-1.53972492545064
CCCCC(CCCC)[C@@H]1COC(C2=N[C@H](C(CCCC)CCCC)CO2)=N1*CN1C=C(C2=CC=CC=C12)C(=O)OC[C@@H](CC(C(F)(F)F)(C(F)(F)F)F)C=1C=NC(=NC1)C(F)(F)F,-1.0935961824229974,-1.66188830253698
CCCCC(CCCC)[C@@H]1COC(C2=N[C@H](C(CCCC)CCCC)CO2)=N1*CN1C=C(C2=CC=CC=C12)C(=O)OC[C@@H](CC(C(C(C(C(C(F)(F)F)(F)F)(F)F)(F)F)(F)F)(F)F)C=1C=NC(=NC1)C(F)(F)F,-1.0935961824229974,-1.53972492545064
CCCCC(CCCC)[C@@H]1COC(C2=N[C@H](C(CCCC)CCCC)CO2)=N1*CN1C=C(C2=CC=CC=C12)C(=O)OC[C@@H](CC(C(C(C(C(C(C(C(F)(F)F)(F)F)(F)F)(F)F)(F)F)(F)F)(F)F)(F)F)C=1C=NC(=NC1)C(F)(F)F,-1.0935961824229974,-1.35264819060122
CCCCC(CCCC)[C@@H]1COC(C2=N[C@H](C(CCCC)CCCC)CO2)=N1*CN1C=C(C2=CC=CC=C12)C(=O)OC[C@@H](CC(C(C(C(C(C(C(C(C(C(F)(F)F)(F)F)(F)F)(F)F)(F)F)(F)F)(F)F)(F)F)(F)F)(F)F)C=1C=NC(=NC1)C(F)(F)F,-1.0935961824229974,-1.438850502498
CCCCC(CCCC)[C@@H]1COC(C2=N[C@H](C(CCCC)CCCC)CO2)=N1*CN1C=C(C2=CC=CC=C12)C(=O)OC[C@@H](CC(C(F)(F)Cl)(F)F)C=1C=NC(=NC1)C(F)(F)F,-1.0935961824229974,-1.35264819060122
CCCCC(CCCC)[C@@H]1COC(C2=N[C@H](C(CCCC)CCCC)CO2)=N1*CN1C=C(C2=CC=CC=C12)C(=O)OC[C@@H](CC(C(=O)OCC)(F)F)C=1C=NC(=NC1)C(F)(F)F,-1.0935961824229974,-1.14898677557077
CCCCC(CCCC)[C@@H]1COC(C2=N[C@H](C(CCCC)CCCC)CO2)=N1*CN1C=C(C2=CC=CC=C12)C(=O)OC[C@@H](CC(C)(C)C)C=1C=NC(=NC1)C(F)(F)F,-1.0935961824229974,-1.66188830253698
CCCCC(CCCC)[C@@H]1COC(C2=N[C@H](C(CCCC)CCCC)CO2)=N1*CN1C=C(C2=CC=CC=C12)C(=O)OC[C@@H](CC(CCCCl)(C)C)C=1C=NC(=NC1)C(F)(F)F,-1.0935961824229974,-1.66188830253698
CCCCC(CCCC)[C@@H]1COC(C2=N[C@H](C(CCCC)CCCC)CO2)=N1*N1C=C(C2=CC=CC=C12)C(=O)OC[C@@H](CC(C(C(C(F)(F)F)(F)F)(F)F)(F)F)C=1C=NC(=NC1)C(F)(F)F,-1.0935961824229974,-1.53972492545064
CCCCC(CCCC)[C@@H]1COC(C2=N[C@H](C(CCCC)CCCC)CO2)=N1*C(C1=CC=CC=C1)N1C=C(C2=CC=CC=C12)C(=O)OC[C@@H](CC(C(C(C(F)(F)F)(F)F)(F)F)(F)F)C=1C=NC(=NC1)C(F)(F)F,-1.0935961824229974,-1.35264819060122
CCCCC(CCCC)[C@@H]1COC(C2=N[C@H](C(CCCC)CCCC)CO2)=N1*C(CCCC)N1C=C(C2=CC=CC=C12)C(=O)OC[C@@H](CC(C(C(C(F)(F)F)(F)F)(F)F)(F)F)C=1C=NC(=NC1)C(F)(F)F,-1.0935961824229974,-1.53972492545064
CCCCC(CCCC)[C@@H]1COC(C2=N[C@H](C(CCCC)CCCC)CO2)=N1*CN1C=C(C2=CC(=CC=C12)C)C(=O)OC[C@@H](CC(C(C(C(F)(F)F)(F)F)(F)F)(F)F)C=1C=NC(=NC1)C(F)(F)F,-1.0935961824229974,-1.53972492545064
CCCCC(CCCC)[C@@H]1COC(C2=N[C@H](C(CCCC)CCCC)CO2)=N1*FC=1C=C2C(=CN(C2=CC1)C)C(=O)OC[C@@H](CC(C(C(C(F)(F)F)(F)F)(F)F)(F)F)C=1C=NC(=NC1)C(F)(F)F,-1.0935961824229974,-1.438850502498
CCCCC(CCCC)[C@@H]1COC(C2=N[C@H](C(CCCC)CCCC)CO2)=N1*CN1C=C(C2=CC=C(C=C12)C)C(=O)OC[C@@H](CC(C(C(C(F)(F)F)(F)F)(F)F)(F)F)C=1C=NC(=NC1)C(F)(F)F,-1.0935961824229974,-1.66188830253698
CCCCC(CCCC)[C@@H]1COC(C2=N[C@H](C(CCCC)CCCC)CO2)=N1*ClC1=CC=C2C(=CN(C2=C1)C)C(=O)OC[C@@H](CC(C(C(C(F)(F)F)(F)F)(F)F)(F)F)C=1C=NC(=NC1)C(F)(F)F,-1.0935961824229974,-1.438850502498
CCCCC(CCCC)[C@@H]1COC(C2=N[C@H](C(CCCC)CCCC)CO2)=N1*CN1C=C(C2=CC=CC(=C12)C)C(=O)OC[C@@H](CC(C(C(C(F)(F)F)(F)F)(F)F)(F)F)C=1C=NC(=NC1)C(F)(F)F,-1.0935961824229974,-1.66188830253698
CCCCC(CCCC)[C@@H]1COC(C2=N[C@H](C(CCCC)CCCC)CO2)=N1*FC(C[C@H](CCC(=O)N1CCC2=CC=CC=C12)C=1C=NC(=NC1)C(F)(F)F)(C(C(C(F)(F)F)(F)F)(F)F)F,-1.0935961824229974,-1.20986082376248
CCCCC(CCCC)[C@@H]1COC(C2=N[C@H](C(CCCC)CCCC)CO2)=N1*FC(C[C@H](COC(C1=CC=CC=C1)=O)C=1C=NC(=NC1)C(F)(F)F)(C(C(C(F)(F)F)(F)F)(F)F)F,-1.0935961824229974,-1.09330375069423
CCCCC(CCCC)[C@@H]1COC(C2=N[C@H](C(CCCC)CCCC)CO2)=N1*C(OC)(OC[C@@H](CC(C(C(C(F)(F)F)(F)F)(F)F)(F)F)C=1C=NC(=NC1)C(F)(F)F)=O,-1.0935961824229974,-1.20986082376248
CCCCC(CCCC)[C@@H]1COC(C2=N[C@H](C(CCCC)CCCC)CO2)=N1*CN1C=C(C2=CC=CC=C12)C(=O)OC[C@@H](CC(C(C(C(F)(F)F)(F)F)(F)F)(F)F)C=1C=NC(=NC1)C(F)(F)F,0.5718148089359225,-1.63022336051597
CCCCC(CCCC)[C@@H]1COC(C2=N[C@H](C(CCCC)CCCC)CO2)=N1*CN1C=C(C2=CC=CC=C12)C(=O)OC[C@@H](CC(C(C(C(F)(F)F)(F)F)(F)F)(F)F)C=1C=NC(=NC1)C(F)(F)F,0.5718148089359225,-1.74451448422234
CCCC(CCC)[C@@H]1COC(C2=N[C@H](C(CCC)CCC)CO2)=N1*COC1=CC=C(C=C1)[C@H](CC)NC(C1=CC=CC=C1)=O,0.5718148089359225,-1.48848510049963
CCCC(CCC)[C@@H]1COC(C2=N[C@H](C(CCC)CCC)CO2)=N1*CN1C=C(C2=CC=CC=C12)C(=O)OC[C@@H](CC(C(C(C(F)(F)F)(F)F)(F)F)(F)F)C=1C=NC(=NC1)C(F)(F)F,0.5718148089359225,-1.63022336051597
CCCC(CCC)[C@@H]1COC(C2=N[C@H](C(CCC)CCC)CO2)=N1*O=C(OC)C1=CC=C([C@H](CCC2=CC=CC=C2)C(F)(F)F)C=C1,0.1911494394824551,-1.0466603917996
CCCC(CCC)[C@@H]1COC(C2=N[C@H](C(CCC)CCC)CO2)=N1*O=C(OC)C1=CC=C([C@H](CCC2=CC=CC=C2)C(F)(F)F)C=C1,-1.0935961824229974,-1.81774383301395
CCCC(CCC)[C@@H]1COC(C2=N[C@H](C(CCC)CCC)CO2)=N1*FC([C@@H](CCC1=CC=CC=C1)C=1C=C(C(=O)OC)C=CC1)(F)F,-1.0935961824229974,-1.9157731650692
CCCC(CCC)[C@@H]1COC(C2=N[C@H](C(CCC)CCC)CO2)=N1*CS(=O)(=O)C1=CC=C(C=C1)[C@@H](C(F)(F)F)CCC1=CC=CC=C1,-1.0935961824229974,-1.73443190221565
CCCC(CCC)[C@@H]1COC(C2=N[C@H](C(CCC)CCC)CO2)=N1*CS(=O)(=O)C1=CC(=CC=C1)[C@@H](C(F)(F)F)CCC1=CC=CC=C1,-1.0935961824229974,-1.81774383301395
CCCC(CCC)[C@@H]1COC(C2=N[C@H](C(CCC)CCC)CO2)=N1*FC([C@@H](CCC1=CC=CC=C1)C1=CC=C(C=C1)C(C)=O)(F)F,-1.0935961824229974,-1.9157731650692
CCCC(CCC)[C@@H]1COC(C2=N[C@H](C(CCC)CCC)CO2)=N1*FC([C@@H](CCC1=CC=CC=C1)C1=CC=C(C=C1)C(C)=O)(F)F,-1.0935961824229974,-1.66188830253698
CCCC(CCC)[C@@H]1COC(C2=N[C@H](C(CCC)CCC)CO2)=N1*C1(=CC=CC=C1)C(=O)C1=CC=C(C=C1)[C@@H](C(F)(F)F)CCC1=CC=CC=C1,-1.0935961824229974,-1.81774383301395
CCCC(CCC)[C@@H]1COC(C2=N[C@H](C(CCC)CCC)CO2)=N1*FC([C@@H](CCC1=CC=CC=C1)C1=CC=C(C=O)C=C1)(F)F,-1.0935961824229974,-1.9157731650692
CCCC(CCC)[C@@H]1COC(C2=N[C@H](C(CCC)CCC)CO2)=N1*COC1=CC=C(C=C1)[C@@H](C(F)(F)F)CCC1=CC=CC=C1,-1.0935961824229974,-1.59756574926196
CCCC(CCC)[C@@H]1COC(C2=N[C@H](C(CCC)CCC)CO2)=N1*COC1=CC(=CC=C1)[C@@H](C(F)(F)F)CCC1=CC=CC=C1,-1.0935961824229974,-1.81774383301395
CCCC(CCC)[C@@H]1COC(C2=N[C@H](C(CCC)CCC)CO2)=N1*COC1=C(C(=CC(=C1)[C@@H](C(F)(F)F)CCC1=CC=CC=C1)OC)OC,-1.0935961824229974,-1.73443190221565
CCCC(CCC)[C@@H]1COC(C2=N[C@H](C(CCC)CCC)CO2)=N1*CSC1=CC=C(C=C1)[C@@H](C(F)(F)F)CCC1=CC=CC=C1,-1.0935961824229974,-1.81774383301395
CCCC(CCC)[C@@H]1COC(C2=N[C@H](C(CCC)CCC)CO2)=N1*FC([C@@H](CCC1=CC=CC=C1)C1=CC=C(C=C1)C1=CC=CC=C1)(F)F,-1.0935961824229974,-1.59756574926196
CCCC(CCC)[C@@H]1COC(C2=N[C@H](C(CCC)CCC)CO2)=N1*FC([C@@H](CCC1=CC=CC=C1)C1=CC=C(C=C1)CCO)(F)F,-1.0935961824229974,-1.48712520205989
CCCC(CCC)[C@@H]1COC(C2=N[C@H](C(CCC)CCC)CO2)=N1*FC([C@@H](CCC1=CC=CC=C1)C=1C=CC=C2C=CNC12)(F)F,-1.0935961824229974,-1.53972492545064
CCCC(CCC)[C@@H]1COC(C2=N[C@H](C(CCC)CCC)CO2)=N1*FC([C@@H](CCC1=CC=CC=C1)C1=CC=C2C=CNC2=C1)(F)F,-1.0935961824229974,-1.66188830253698
CCCC(CCC)[C@@H]1COC(C2=N[C@H](C(CCC)CCC)CO2)=N1*FC([C@@H](CCC1=CC=CC=C1)C=1C=C2C=CNC2=CC1)(F)F,-1.0935961824229974,-1.14898677557077
