"reaction","temp","Output"
"CC1=NC=CC(N)=C1*OCC1=CC=CC(Br)=C1*OCc1cc(Nc2cc(C)ncc2)ccc1","",1.230422027
"FC1=C(N)C=CN=C1*FC1=CC=CC=C1Br*Fc1c(Nc2c(F)cccc2)ccnc1","",4.821111341
"FC1=C(N)C=CN=C1*COC1=CC(Br)=CC=C1*Fc1c(Nc2cc(OC)ccc2)ccnc1","",5.346094652
"N#CCC1=NC=CC=C1N*OC1=CC=CC=C1Br*Oc1c(Nc2c(CC#N)nccc2)cccc1","",0.980970874
"N#CCC1=NC=CC=C1N*FC1=CC=CC=C1Br*Fc1c(Nc2c(CC#N)nccc2)cccc1","",0.180817868
"CCOC1=CC(N)=NC=C1*OC1=CC=CC=C1Br*O(CC)c1cc(Nc2c(O)cccc2)ncc1","",0.825151452
"NC1=NC=C(C(F)(F)F)C=C1*OCC1=CC=CC(Br)=C1*FC(F)(F)c1cnc(Nc2cc(CO)ccc2)cc1","",2.984069369
"CC1=CN=C(N)C=C1*CN(C)C1=CC=CC=C1Br*N(C)(C)c1c(Nc2ncc(C)cc2)cccc1","",3.956073981
"CC1=C(N)C=NC=C1*O=C(OC)C1=CC=C(Br)C=C1*O=C(OC)c1ccc(Nc2c(C)ccnc2)cc1","",1.391942245
"CC1=NC=CC(N)=C1*O=C(OC)C1=CC=CC=C1Br*O=C(OC)c1c(Nc2cc(C)ncc2)cccc1","",0.921271602
"FC1=CC=CC(N)=N1*O=C(OC)C1=CC=CC=C1Br*Fc1nc(Nc2c(C(=O)OC)cccc2)ccc1","",1.93474047
"FC1=NC=C(N)C=C1*CN(C)C1=CC=CC=C1Br*Fc1ncc(Nc2c(N(C)C)cccc2)cc1","",1.107849261
"FC1=NC=C(N)C=C1*O=C(OC)C1=CC=CC=C1Br*Fc1ncc(Nc2c(C(=O)OC)cccc2)cc1","",0.065012831
"COC1=NC=C(N)C=C1*CC(C1=CC=C(Br)C=C1)C*O(C)c1ncc(Nc2ccc(C(C)C)cc2)cc1","",3.965118913
"O=C(C1=CC=CN=C1N)C*CCCCC1=CC=C(Br)C=C1*O=C(C)c1c(Nc2ccc(CCCC)cc2)nccc1","",1.870880968
"CCOC1=NC=CC(N)=C1*CCCCC1=CC=C(Br)C=C1*O(CC)c1nccc(Nc2ccc(CCCC)cc2)c1","",2.752819774
"O=[N+](C1=CN=C(N)C=C1)[O-]*CC(C1=CC=CC=C1Br)=O*O=[N+]([O-])c1cnc(Nc2c(C(=O)C)cccc2)cc1","",0.239640066
"FC(C1=NC=C(N)C=C1)(F)F*CC(C1=CC=C(Br)C=C1)C*FC(F)(F)c1ncc(Nc2ccc(C(C)C)cc2)cc1","",1.865399049
"O=C(OCC)C1=NC=CC(N)=C1*CC(C1=CC=C(Br)C=C1)C*O=C(OCC)c1nccc(Nc2ccc(C(C)C)cc2)c1","",1.753890352
"CC1=NC=CC(N)=C1*COC1=CC=C(Br)C(OC)=C1*O(C)c1c(Nc2cc(C)ncc2)ccc(OC)c1","",2.937305575
"FC1=NC=C(N)C=C1*FC(C1=CC=C(C(F)(F)F)C(Br)=C1)(F)F*FC(F)(F)c1c(Nc2cnc(F)cc2)cc(C(F)(F)F)cc1","",2.492781521
"CCOC1=NC=CC(N)=C1*COC1=CC=C(Br)C(OC)=C1*O(CC)c1nccc(Nc2c(OC)cc(OC)cc2)c1","",5.454585931
"O=[N+](C1=CN=C(N)C=C1)[O-]*COC1=CC(Br)=CC=C1OC*O=[N+]([O-])c1cnc(Nc2cc(OC)c(OC)cc2)cc1","",2.558554098
"O=C(C1=C(N)C=CN=C1)OC*FC(C1=CC=C(Br)C=C1)(F)F*FC(F)(F)c1ccc(Nc2c(C(=O)OC)cncc2)cc1","",2.229194721
"O=C(C1=NC=CC(N)=C1)OC*COC1=CC(Br)=CC=C1OC*O=C(OC)c1nccc(Nc2cc(OC)c(OC)cc2)c1","",3.307879773
"O=C(C1=NC=CC(N)=C1)OC*CCCCCC1=CC=C(Br)C=C1*O=C(OC)c1nccc(Nc2ccc(CCCCC)cc2)c1","",2.157977883
"FC(C1=NC=C(N)C=C1)(F)F*O=C(O)C1=CC(Br)=CC=C1C*FC(F)(F)c1ncc(Nc2cc(C(=O)O)c(C)cc2)cc1","",2.868031854
"CC1=NC=CC(N)=C1*CC1=CC=C(Br)C=C1*N(c1cc(C)ncc1)c1ccc(C)cc1","",1.850142201
"O=CC1=C(N)C=NC=C1*CC1=CC=C(Br)C=C1*O=Cc1c(Nc2ccc(C)cc2)cncc1","",0.367953216
"COC1=NC=C(N)C=C1*CC1=CC=C(Br)C=C1*O(C)c1ncc(Nc2ccc(C)cc2)cc1","",3.22228212
"O=C(OC)C1=CC=NC=C1N*N#CC1=CC=C(Br)C=C1*O=C(OC)c1c(Nc2ccc(C#N)cc2)cncc1","",1.637666583
"O=C(OC)C1=CC=NC(N)=C1*COC1=CC(Br)=CC=C1*O=C(OC)c1cc(Nc2cc(OC)ccc2)ncc1","",4.640149025
"NC1=NC=C(C(F)(F)F)C=C1*COC1=CC(Br)=CC=C1*FC(F)(F)c1cnc(Nc2cc(OC)ccc2)cc1","",2.572381157
"FC(C1=NC=C(N)C=C1)(F)F*OCC1=CC=CC(Br)=C1*FC(F)(F)c1ncc(Nc2cc(CO)ccc2)cc1","",2.174610665
"O=C(OCC)C1=NC=CC(N)=C1*COC1=CC(Br)=CC=C1*O=C(OCC)c1nccc(Nc2cc(OC)ccc2)c1","",2.938438056
"FC1=C(N)C=CN=C1*O=C(OC)C1=CC=C(Br)C=C1*Fc1c(Nc2ccc(C(=O)OC)cc2)ccnc1","",1.449811171
"O=CC1=C(N)C=NC=C1*FC1=CC=C(Br)C(F)=C1*Fc1c(Nc2c(C=O)ccnc2)ccc(F)c1","",0.009576202
"N#CCC1=NC=CC=C1N*CC(C1=CC=C(Br)C=C1)C*N#CCc1c(Nc2ccc(C(C)C)cc2)cccn1","",0.455013799
"CCOC1=CC(N)=NC=C1*BrC1=CC([N+]([O-])=O)=CC=C1*O=[N+]([O-])c1cc(Nc2nccc(OCC)c2)ccc1","",6.540871614
"O=C(C1=NC=CC(N)=C1)OC*CC(C1=CC=C(Br)C=C1)C*O=C(OC)c1nccc(Nc2ccc(C(C)C)cc2)c1","",2.523977242
"FC(C1=NC=C(N)C=C1)(F)F*O=C(OC)C1=CC=CC=C1Br*FC(F)(F)c1ncc(Nc2c(C(=O)OC)cccc2)cc1","",1.287861272
"O=C(OCC)C1=NC=CC(N)=C1*FC1=CC=C(Br)C(F)=C1*Fc1c(Nc2cc(C(=O)OCC)ncc2)ccc(F)c1","",1.02259396
"CC1=C(N)C=NC=C1*O=C(O)CC1=CC=CC(Br)=C1*O=C(O)Cc1cc(Nc2c(C)ccnc2)ccc1","",1.525711552
"FC1=C(N)C=CN=C1*FC(C1=CC=C(C(F)(F)F)C(Br)=C1)(F)F*FC(F)(F)c1c(Nc2c(F)cncc2)cc(C(F)(F)F)cc1","",2.908086204
"CC1=CC(C)=C(N)C=N1*O=C(OC)C1=CC(Br)=CC(C(OC)=O)=C1*O=C(OC)c1cc(Nc2c(C)cc(C)nc2)cc(C(=O)OC)c1","",4.838348342
"O=CC1=C(N)C=NC=C1*COC1=CC(Br)=CC=C1OC*O=Cc1c(Nc2cc(OC)c(OC)cc2)cncc1","",0.296802476
"O=C(C1=CC=CN=C1N)C*FC(C1=CC=C(Br)C=C1)(F)F*FC(F)(F)c1ccc(Nc2c(C(=O)C)cccn2)cc1","",1.121701547
"CCOC1=CC(N)=NC=C1*CCCCCC1=CC=C(Br)C=C1*O(CC)c1cc(Nc2ccc(CCCCC)cc2)ncc1","",4.221992238
"O=[N+](C1=CN=C(N)C=C1)[O-]*CCCCCC1=CC=C(Br)C=C1*O=[N+]([O-])c1cnc(Nc2ccc(CCCCC)cc2)cc1","",5.457396759
"N#CC1=CC(N)=NC=C1*FC1=CC(Br)=CC=C1*Fc1cc(Nc2nccc(C#N)c2)ccc1","",4.207803223
"CCOC1=CC(N)=NC=C1*CC1=CC=C(Br)C=C1*O(CC)c1cc(Nc2ccc(C)cc2)ncc1","",3.578192579
"CCOC1=CC(N)=NC=C1*FC1=CC(Br)=CC=C1*Fc1cc(Nc2nccc(OCC)c2)ccc1","",3.62991008
"O=[N+](C1=CN=C(N)C=C1)[O-]*COC1=CC(Br)=CC=C1*O=[N+]([O-])c1cnc(Nc2cc(OC)ccc2)cc1","",2.303359684
"O=C(OC)C1=CC=NC=C1N*OCC1=CC=CC(Br)=C1*O=C(OC)c1c(Nc2cc(CO)ccc2)cncc1","",1.733413462
"O=C(C1=C(N)C=CN=C1)OC*OC1=CC=CC=C1Br*O=C(OC)c1c(Nc2c(O)cccc2)ccnc1","",0.832822757
"O=C(C1=C(N)C=CN=C1)OC*CC1=CC=C(Br)C=C1C*O=C(OC)c1c(Nc2cc(C)c(C)cc2)ccnc1","",2.583091915
"CC1=CC(C)=C(N)C=N1*O=C(O)C1=CC(Br)=CC=C1C*O=C(O)c1c(C)ccc(Nc2c(C)cc(C)nc2)c1","",3.550823396
"O=C(C1=CC=CN=C1N)C*COC1=CC(Br)=CC=C1OC*O=C(C)c1c(Nc2cc(OC)c(OC)cc2)nccc1","",4.296151846
"CCOC1=NC=CC(N)=C1*COC1=CC(Br)=CC=C1OC*O(CC)c1nccc(Nc2cc(OC)c(OC)cc2)c1","",5.784973438
"O=C(C1=NC=CC(N)=C1)OC*FC(C1=CC=C(C(F)(F)F)C(Br)=C1)(F)F*FC(F)(F)c1c(Nc2cc(C(=O)OC)ncc2)cc(C(F)(F)F)cc1","",1.562617702
"O=C(OC)C1=CC=NC(N)=C1*O=C(O)C1=CC(Br)=CC=C1C*O=C(OC)c1cc(Nc2cc(C(=O)O)c(C)cc2)ncc1","",4.920191159
"CC1=NC=CC(N)=C1*OC1=CC=CC=C1Br*Oc1c(Nc2cc(C)ncc2)cccc1","",0.157674613
"FC1=CC=CC(N)=N1*OC1=CC=CC=C1Br*Fc1nc(Nc2c(O)cccc2)ccc1","",1.039597603
"O=[N+](C1=CN=C(N)C=C1)[O-]*FC1=CC=CC=C1Br*Fc1c(Nc2ncc([N+](=O)[O-])cc2)cccc1","",0.898022893
"FC1=NC=C(N)C=C1*FC1=CC=C(Br)C(F)=C1*Fc1c(Nc2cnc(F)cc2)ccc(F)c1","",0.417870722
"FC1=NC=C(N)C=C1*CCCCC1=CC=C(Br)C=C1*Fc1ncc(Nc2ccc(CCCC)cc2)cc1","",1.741231127
"O=C(OC)C1=CC=NC=C1N*CCCCC1=CC=C(Br)C=C1*O=C(OC)c1c(Nc2ccc(CCCC)cc2)cncc1","",2.262080074
"CC1=NC=CC(N)=C1*O=C(OC)C1=CC(Br)=CC(C(OC)=O)=C1*O=C(OC)c1cc(Nc2cc(C)ncc2)cc(C(=O)OC)c1","",3.476178842
"N#CC1=CC(N)=NC=C1*FC(C1=CC=C(Br)C=C1)(F)F*FC(F)(F)c1ccc(Nc2nccc(C#N)c2)cc1","",1.945369285
"O=CC1=C(N)C=NC=C1*FC(C1=CC=C(C(F)(F)F)C(Br)=C1)(F)F*FC(F)(F)c1c(Nc2c(C=O)ccnc2)cc(C(F)(F)F)cc1","",0.938206481
"CCOC1=CC(N)=NC=C1*COC1=CC=C(Br)C(OC)=C1*O(CC)c1cc(Nc2c(OC)cc(OC)cc2)ncc1","",3.102330294
"O=C(C1=C(N)C=CN=C1)OC*O=C(O)C1=CC(Br)=CC=C1C*O=C(OC)c1c(Nc2cc(C(=O)O)c(C)cc2)ccnc1","",1.626955475
"O=C(OCC)C1=NC=CC(N)=C1*COC1=CC=C(Br)C(OC)=C1*O=C(OCC)c1nccc(Nc2c(OC)cc(OC)cc2)c1","",2.478392193
"FC1=CC=CC(N)=N1*CC1=CC=C(Br)C=C1C*Fc1nc(Nc2cc(C)c(C)cc2)ccc1","",5.684796978
"N#CC1=NC=CC(N)=C1*CC1=CC=C(Br)C=C1C*N#Cc1nccc(Nc2cc(C)c(C)cc2)c1","",3.111060014
"CC1=CC(C)=C(N)C=N1*COC1=CC(Br)=CC=C1*O(C)c1cc(Nc2c(C)cc(C)nc2)ccc1","",6.005524862
"N#CC1=CC(N)=NC=C1*O=C(OC)C1=CC=CC=C1Br*O=C(OC)c1c(Nc2nccc(C#N)c2)cccc1","",0.076722533
"CC1=CC(C)=C(N)C=N1*O=C(OC)C1=CC=C(Br)C=C1*O=C(OC)c1ccc(Nc2c(C)cc(C)nc2)cc1","",3.41646109
"CC1=CN=C(N)C=C1*FC(C1=CC=C(Br)C=C1)(F)F*FC(F)(F)c1ccc(Nc2ncc(C)cc2)cc1","",4.277941176
"COC1=NC=C(N)C=C1*COC1=CC=C(Br)C(OC)=C1*O(C)c1c(Nc2cnc(OC)cc2)ccc(OC)c1","",5.566746777
"CCOC1=CC(N)=NC=C1*FC(C1=CC=C(C(F)(F)F)C(Br)=C1)(F)F*FC(F)(F)c1c(Nc2nccc(OCC)c2)cc(C(F)(F)F)cc1","",1.224824356
"O=[N+](C1=CN=C(N)C=C1)[O-]*FC(C1=CC=C(C(F)(F)F)C(Br)=C1)(F)F*FC(F)(F)c1c(Nc2ncc([N+](=O)[O-])cc2)cc(C(F)(F)F)cc1","",2.04664723
"O=C(C1=NC=CC(N)=C1)OC*FC(C1=CC=C(Br)C=C1)(F)F*FC(F)(F)c1ccc(Nc2cc(C(=O)OC)ncc2)cc1","",1.93377852
"O=C(OC)C1=CC=NC(N)=C1*FC(C1=CC=C(Br)C=C1)(F)F*FC(F)(F)c1ccc(Nc2nccc(C(=O)OC)c2)cc1","",2.165036368
"CC1=C(N)C=NC=C1*COC1=CC(Br)=CC=C1*O(C)c1cc(Nc2c(C)ccnc2)ccc1","",2.922638982
"N#CC1=CC(N)=NC=C1*COC1=CC(Br)=CC=C1*O(C)c1cc(Nc2nccc(C#N)c2)ccc1","",3.441631973
"O=C(C1=CC=CN=C1N)C*OC1=CC=CC=C1Br*O=C(C)c1c(Nc2c(O)cccc2)nccc1","",0.673282117
"O=[N+](C1=CN=C(N)C=C1)[O-]*N#CC1=CC=C(Br)C=C1*O=[N+]([O-])c1cnc(Nc2ccc(C#N)cc2)cc1","",2.310022866
"FC1=C(N)C=CN=C1*FC1=CC=C(Br)C(F)=C1*Fc1c(Nc2c(F)cncc2)ccc(F)c1","",5.754054054
"CC1=CC(C)=C(N)C=N1*FC1=CC=C(Br)C(F)=C1*Fc1c(Nc2c(C)cc(C)nc2)ccc(F)c1","",4.917613636
"CC1=CC(C)=C(N)C=N1*CCCCC1=CC=C(Br)C=C1*N(c1c(C)cc(C)nc1)c1ccc(CCCC)cc1","",5.764133017
"CC1=CC(C)=C(N)C=N1*O=C(OC)C1=CC=CC=C1Br*O=C(OC)c1c(Nc2c(C)cc(C)nc2)cccc1","",0.533851976
"O=CC1=C(N)C=NC=C1*BrC1=CC([N+]([O-])=O)=CC=C1*O=[N+]([O-])c1cc(Nc2c(C=O)ccnc2)ccc1","",1.909788868
"COC1=NC=C(N)C=C1*O=C(OC)C1=CC=CC=C1Br*O=C(OC)c1c(Nc2cnc(OC)cc2)cccc1","",3.624438262
"O=C(C1=CC=CN=C1N)C*CN(C)C1=CC=CC=C1Br*O=C(C)c1c(Nc2c(N(C)C)cccc2)nccc1","",0.652192887
"CCOC1=CC(N)=NC=C1*CC(C1=CC=C(Br)C=C1)C*O(CC)c1cc(Nc2ccc(C(C)C)cc2)ncc1","",4.551732265
"CCOC1=CC(N)=NC=C1*O=C(OC)C1=CC=C(Br)C=C1*O=C(OC)c1ccc(Nc2nccc(OCC)c2)cc1","",1.454822616
"O=C(OC)C1=CC=NC=C1N*O=C(OC)C1=CC=C(Br)C=C1*O=C(OC)c1c(Nc2ccc(C(=O)OC)cc2)cncc1","",1.525230988
"O=C(C1=C(N)C=CN=C1)OC*CN(C)C1=CC=CC=C1Br*O=C(OC)c1c(Nc2c(N(C)C)cccc2)ccnc1","",1.022957951
"O=C(C1=NC=CC(N)=C1)OC*FC1=CC=C(Br)C(F)=C1*Fc1c(Nc2cc(C(=O)OC)ncc2)ccc(F)c1","",2.01328987
"NC1=NC=C(C(F)(F)F)C=C1*CC(C1=CC=C(Br)C=C1)C*FC(F)(F)c1cnc(Nc2ccc(C(C)C)cc2)cc1","",2.681350954
"FC(C1=NC=CC(N)=C1)(F)F*CN(C)C1=CC=CC=C1Br*FC(F)(F)c1nccc(Nc2c(N(C)C)cccc2)c1","",2.57412523
"CC1=NC=CC(N)=C1*FC(C1=CC=C(C(F)(F)F)C(Br)=C1)(F)F*FC(F)(F)c1c(Nc2cc(C)ncc2)cc(C(F)(F)F)cc1","",3.571453468
"FC1=NC=C(N)C=C1*O=C(OC)C1=CC(Br)=CC(C(OC)=O)=C1*Fc1ncc(Nc2cc(C(=O)OC)cc(C(=O)OC)c2)cc1","",2.710271764
"CC1=CC(C)=C(N)C=N1*CCCCCC1=CC=C(Br)C=C1*N(c1c(C)cc(C)nc1)c1ccc(CCCCC)cc1","",5.527830487
"O=[N+](C1=CN=C(N)C=C1)[O-]*FC(C1=CC=C(Br)C=C1)(F)F*FC(F)(F)c1ccc(Nc2ncc([N+](=O)[O-])cc2)cc1","",6.450917204
"O=C(C1=C(N)C=CN=C1)OC*COC1=CC(Br)=CC=C1OC*O=C(OC)c1c(Nc2cc(OC)c(OC)cc2)ccnc1","",5.08098686
"O=C(OC)C1=CC=NC(N)=C1*COC1=CC(Br)=CC=C1OC*O=C(OC)c1cc(Nc2cc(OC)c(OC)cc2)ncc1","",4.477648802
"O=C(OC)C1=CC=NC(N)=C1*COC1=CC=C(Br)C(OC)=C1*O=C(OC)c1cc(Nc2c(OC)cc(OC)cc2)ncc1","",4.524012006
"FC1=NC=C(N)C=C1*CC1=CC=C(Br)C=C1*Fc1ncc(Nc2ccc(C)cc2)cc1","",1.576405215
"N#CC1=NC=CC(N)=C1*FC1=CC(Br)=CC=C1*Fc1cc(Nc2cc(C#N)ncc2)ccc1","",2.294966762
"CCOC1=NC=CC(N)=C1*N#CC1=CC=C(Br)C=C1*O(CC)c1nccc(Nc2ccc(C#N)cc2)c1","",3.375337092
"O=C(OCC)C1=NC=CC(N)=C1*N#CC1=CC=C(Br)C=C1*O=C(OCC)c1nccc(Nc2ccc(C#N)cc2)c1","",3.988246356
"CC1=C(N)C=NC=C1*BrC1=CC([N+]([O-])=O)=CC=C1*O=[N+]([O-])c1cc(Nc2c(C)ccnc2)ccc1","",6.896495518
"FC1=C(N)C=CN=C1*CN(C)C1=CC=CC=C1Br*Fc1c(Nc2c(N(C)C)cccc2)ccnc1","",1.576582278
"O=C(C1=CC=CN=C1N)C*BrC1=CC([N+]([O-])=O)=CC=C1*O=[N+]([O-])c1cc(Nc2c(C(=O)C)cccn2)ccc1","",3.028460901
"CC1=CN=C(N)C=C1*COC1=CC=C(Br)C(OC)=C1*O(C)c1c(Nc2ncc(C)cc2)ccc(OC)c1","",5.878510777
"FC1=NC=C(N)C=C1*O=C(O)CC1=CC=CC(Br)=C1*Fc1ncc(Nc2cc(CC(=O)O)ccc2)cc1","",0.562780707
"N#CC1=CC(N)=NC=C1*COC1=CC(Br)=CC=C1OC*O(C)c1c(OC)ccc(Nc2nccc(C#N)c2)c1","",3.239816408
"O=CC1=C(N)C=NC=C1*O=C(O)C1=CC(Br)=CC=C1C*O=C(O)c1c(C)ccc(Nc2c(C=O)ccnc2)c1","",0.6977438
"CC1=NC=CC(N)=C1*FC1=CC(Br)=CC=C1*Fc1cc(Nc2cc(C)ncc2)ccc1","",1.808421851
"N#CC1=NC=CC(N)=C1*OC1=CC=CC=C1Br*Oc1c(Nc2cc(C#N)ncc2)cccc1","",0.852511507
"O=CC1=C(N)C=NC=C1*OC1=CC=CC=C1Br*O=Cc1c(Nc2c(O)cccc2)cncc1","",0.085725758
"O=C(OC)C1=CC=NC(N)=C1*FC1=CC=CC=C1Br*Fc1c(Nc2nccc(C(=O)OC)c2)cccc1","",2.592892768
"FC(C1=NC=CC(N)=C1)(F)F*N#CC1=CC=C(Br)C=C1*FC(F)(F)c1nccc(Nc2ccc(C#N)cc2)c1","",1.281126265
"O=C(OCC)C1=NC=CC(N)=C1*OCC1=CC=CC(Br)=C1*O=C(OCC)c1nccc(Nc2cc(CO)ccc2)c1","",0.880132619
"FC1=C(N)C=CN=C1*BrC1=CC([N+]([O-])=O)=CC=C1*Fc1c(Nc2cc([N+](=O)[O-])ccc2)ccnc1","",9.156404672
"CC1=CC(C)=C(N)C=N1*CC(C1=CC=CC=C1Br)=O*O=C(C)c1c(Nc2c(C)cc(C)nc2)cccc1","",0.007760293
"O=[N+](C1=CN=C(N)C=C1)[O-]*O=C(OC)C1=CC=C(Br)C=C1*O=[N+]([O-])c1cnc(Nc2ccc(C(=O)OC)cc2)cc1","",1.623631729
"O=C(OC)C1=CC=NC=C1N*CC(C1=CC=C(Br)C=C1)C*O=C(OC)c1c(Nc2ccc(C(C)C)cc2)cncc1","",3.064573762
"O=C(C1=CC=CN=C1N)C*O=C(OC)C1=CC(Br)=CC(C(OC)=O)=C1*O=C(OC)c1cc(Nc2c(C(=O)C)cccn2)cc(C(=O)OC)c1","",3.90555694
"O=C(OC)C1=CC=NC=C1N*O=C(O)CC1=CC=CC(Br)=C1*O=C(O)Cc1cc(Nc2c(C(=O)OC)ccnc2)ccc1","",2.567842766
"CC1=NC=CC(N)=C1*FC1=CC=CC=C1Br*Fc1c(Nc2cc(C)ncc2)cccc1","",2.572901629
"FC1=NC=C(N)C=C1*FC1=CC=CC=C1Br*Fc1c(Nc2cnc(F)cc2)cccc1","",1.714644877
"FC1=NC=C(N)C=C1*FC1=CC(Br)=CC=C1*Fc1ncc(Nc2cc(F)ccc2)cc1","",1.757725322
"O=C(C1=CC=CN=C1N)C*COC1=CC(Br)=CC=C1*O=C(C)c1c(Nc2cc(OC)ccc2)nccc1","",4.161432023
"FC(C1=NC=CC(N)=C1)(F)F*COC1=CC(Br)=CC=C1*FC(F)(F)c1nccc(Nc2cc(OC)ccc2)c1","",4.211556829
"O=C(C1=CC=CN=C1N)C*CC(C1=CC=C(Br)C=C1)C*O=C(C)c1c(Nc2ccc(C(C)C)cc2)nccc1","",2.340909091
"CCOC1=CC(N)=NC=C1*FC1=CC=C(Br)C(F)=C1*Fc1c(Nc2nccc(OCC)c2)ccc(F)c1","",1.060356057
"FC(C1=NC=C(N)C=C1)(F)F*CN(C)C1=CC=CC=C1Br*FC(F)(F)c1ncc(Nc2c(N(C)C)cccc2)cc1","",1.652705456
"FC(C1=NC=CC(N)=C1)(F)F*CC(C1=CC=C(Br)C=C1)C*FC(F)(F)c1nccc(Nc2ccc(C(C)C)cc2)c1","",2.494292804
"CC1=C(N)C=NC=C1*COC1=CC(Br)=CC=C1OC*O(C)c1c(OC)ccc(Nc2c(C)ccnc2)c1","",3.656567753
"FC1=CC=CC(N)=N1*O=C(O)C1=CC(Br)=CC=C1C*Fc1nc(Nc2cc(C(=O)O)c(C)cc2)ccc1","",5.159349897
"N#CC1=CC(N)=NC=C1*COC1=CC=C(Br)C(OC)=C1*O(C)c1c(Nc2nccc(C#N)c2)ccc(OC)c1","",4.120698132
"N#CC1=NC=CC(N)=C1*FC(C1=CC=C(Br)C=C1)(F)F*FC(F)(F)c1ccc(Nc2cc(C#N)ncc2)cc1","",2.287738153
"CCOC1=NC=CC(N)=C1*O=C(O)CC1=CC=CC(Br)=C1*O=C(O)Cc1cc(Nc2cc(OCC)ncc2)ccc1","",2.269818182
"CCOC1=CC(N)=NC=C1*O=C(O)CC1=CC=CC(Br)=C1*O=C(O)Cc1cc(Nc2nccc(OCC)c2)ccc1","",3.399049881
"O=C(C1=NC=CC(N)=C1)OC*O=C(O)CC1=CC=CC(Br)=C1*O=C(O)Cc1cc(Nc2cc(C(=O)OC)ncc2)ccc1","",1.070921986
"O=C(OCC)C1=NC=CC(N)=C1*FC(C1=CC=C(Br)C=C1)(F)F*FC(F)(F)c1ccc(Nc2cc(C(=O)OCC)ncc2)cc1","",1.529116945
"CC1=NC=CC(N)=C1*N#CC1=CC=C(Br)C=C1*N#Cc1ccc(Nc2cc(C)ncc2)cc1","",1.458441253
"FC1=NC=C(N)C=C1*N#CC1=CC=C(Br)C=C1*Fc1ncc(Nc2ccc(C#N)cc2)cc1","",1.49820187
"FC1=C(N)C=CN=C1*OCC1=CC=CC(Br)=C1*Fc1c(Nc2cc(CO)ccc2)ccnc1","",4.093887839
"O=CC1=C(N)C=NC=C1*N#CC1=CC=C(Br)C=C1*O=Cc1c(Nc2ccc(C#N)cc2)cncc1","",0.20212275
"COC1=NC=C(N)C=C1*N#CC1=CC=C(Br)C=C1*O(C)c1ncc(Nc2ccc(C#N)cc2)cc1","",1.924604783
"COC1=NC=C(N)C=C1*COC1=CC(Br)=CC=C1*O(C)c1ncc(Nc2cc(OC)ccc2)cc1","",5.702643172
"N#CCC1=NC=CC=C1N*CC1=CC=C(Br)C=C1*N#CCc1c(Nc2ccc(C)cc2)cccn1","",0.840706169
"N#CCC1=NC=CC=C1N*N#CC1=CC=C(Br)C=C1*N#CCc1c(Nc2ccc(C#N)cc2)cccn1","",0.355769231
"CCOC1=CC(N)=NC=C1*CC1=CC=C(Br)C=C1C*O(CC)c1cc(Nc2cc(C)c(C)cc2)ncc1","",3.915824124
"O=C(C1=C(N)C=CN=C1)OC*N#CC1=CC=C(Br)C=C1*O=C(OC)c1c(Nc2ccc(C#N)cc2)ccnc1","",1.887669801
"O=C(C1=NC=CC(N)=C1)OC*OCC1=CC=CC(Br)=C1*O=C(OC)c1nccc(Nc2cc(CO)ccc2)c1","",0.678194298
"N#CC1=CC(N)=NC=C1*CC(C1=CC=CC=C1Br)=O*O=C(C)c1c(Nc2nccc(C#N)c2)cccc1","",0.026827207
"N#CC1=CC(N)=NC=C1*CN(C)C1=CC=CC=C1Br*N#Cc1cc(Nc2c(N(C)C)cccc2)ncc1","",3.739278421
"O=C(C1=C(N)C=CN=C1)OC*O=C(OC)C1=CC=C(Br)C=C1*O=C(OC)c1c(Nc2ccc(C(=O)OC)cc2)ccnc1","",1.975724882
"CC1=CN=C(N)C=C1*O=C(OC)C1=CC(Br)=CC(C(OC)=O)=C1*O=C(OC)c1cc(Nc2ncc(C)cc2)cc(C(=O)OC)c1","",5.676451682
"FC1=NC=C(N)C=C1*FC(C1=CC=C(Br)C=C1)(F)F*FC(F)(F)c1ccc(Nc2cnc(F)cc2)cc1","",1.511503602
"O=C(C1=CC=CN=C1N)C*COC1=CC=C(Br)C(OC)=C1*O=C(C)c1c(Nc2c(OC)cc(OC)cc2)nccc1","",3.113238771
"O=C(OC)C1=CC=NC=C1N*COC1=CC(Br)=CC=C1OC*O=C(OC)c1c(Nc2cc(OC)c(OC)cc2)cncc1","",3.98360229
"O=C(OC)C1=CC=NC=C1N*FC(C1=CC=C(C(F)(F)F)C(Br)=C1)(F)F*FC(F)(F)c1c(Nc2c(C(=O)OC)ccnc2)cc(C(F)(F)F)cc1","",0.868609963
"FC1=C(N)C=CN=C1*N#CC1=CC=C(Br)C=C1*Fc1c(Nc2ccc(C#N)cc2)ccnc1","",1.50483975
"O=C(OC)C1=CC=NC=C1N*FC1=CC=CC=C1Br*Fc1c(Nc2c(C(=O)OC)ccnc2)cccc1","",2.533742331
"O=C(OC)C1=CC=NC=C1N*COC1=CC(Br)=CC=C1*O=C(OC)c1c(Nc2cc(OC)ccc2)cncc1","",3.559933931
"FC(C1=NC=CC(N)=C1)(F)F*OCC1=CC=CC(Br)=C1*FC(F)(F)c1nccc(Nc2cc(CO)ccc2)c1","",2.781920327
"CC1=NC=CC(N)=C1*FC1=CC=C(Br)C(F)=C1*Fc1c(Nc2cc(C)ncc2)ccc(F)c1","",2.228565784
"FC1=CC=CC(N)=N1*CC(C1=CC=CC=C1Br)=O*Fc1nc(Nc2c(C(=O)C)cccc2)ccc1","",0.04505869
"CC1=CC(C)=C(N)C=N1*CC(C1=CC=C(Br)C=C1)C*N(c1c(C)cc(C)nc1)c1ccc(C(C)C)cc1","",5.221124441
"CC1=CC(C)=C(N)C=N1*CN(C)C1=CC=CC=C1Br*N(C)(C)c1c(Nc2c(C)cc(C)nc2)cccc1","",1.351474415
"O=C(C1=NC=CC(N)=C1)OC*O=C(OC)C1=CC=CC=C1Br*O=C(OC)c1c(Nc2cc(C(=O)OC)ncc2)cccc1","",0.684137613
"CC1=CN=C(N)C=C1*FC(C1=CC=C(C(F)(F)F)C(Br)=C1)(F)F*FC(F)(F)c1c(Nc2ncc(C)cc2)cc(C(F)(F)F)cc1","",1.699686028
"CC1=NC=CC(N)=C1*FC(C1=CC=C(Br)C=C1)(F)F*FC(F)(F)c1ccc(Nc2cc(C)ncc2)cc1","",1.636716853
"N#CC1=CC(N)=NC=C1*O=C(O)CC1=CC=CC(Br)=C1*O=C(O)Cc1cc(Nc2nccc(C#N)c2)ccc1","",4.160103421
"COC1=NC=C(N)C=C1*O=C(O)C1=CC(Br)=CC=C1C*O=C(O)c1c(C)ccc(Nc2cnc(OC)cc2)c1","",3.975315956
"COC1=NC=C(N)C=C1*CCCCCC1=CC=C(Br)C=C1*O(C)c1ncc(Nc2ccc(CCCCC)cc2)cc1","",4.453937096
"CCOC1=CC(N)=NC=C1*O=C(OC)C1=CC(Br)=CC(C(OC)=O)=C1*O=C(OC)c1cc(Nc2nccc(OCC)c2)cc(C(=O)OC)c1","",3.386201991
"FC(C1=NC=CC(N)=C1)(F)F*COC1=CC=C(Br)C(OC)=C1*FC(F)(F)c1nccc(Nc2c(OC)cc(OC)cc2)c1","",4.418691589
"CC1=C(N)C=NC=C1*N#CC1=CC=C(Br)C=C1*N#Cc1ccc(Nc2c(C)ccnc2)cc1","",4.109522712
"FC1=NC=C(N)C=C1*COC1=CC(Br)=CC=C1*Fc1ncc(Nc2cc(OC)ccc2)cc1","",1.634511164
"N#CC1=NC=CC(N)=C1*OCC1=CC=CC(Br)=C1*OCc1cc(Nc2cc(C#N)ncc2)ccc1","",2.856394763
"CC1=CC(C)=C(N)C=N1*FC1=CC=CC=C1Br*Fc1c(Nc2c(C)cc(C)nc2)cccc1","",4.268624781
"O=C(C1=CC=CN=C1N)C*FC1=CC=CC=C1Br*Fc1c(Nc2c(C(=O)C)cccn2)cccc1","",2.384365576
"O=C(C1=C(N)C=CN=C1)OC*FC1=CC(Br)=CC=C1*Fc1cc(Nc2c(C(=O)OC)cncc2)ccc1","",2.109082172
"O=C(C1=C(N)C=CN=C1)OC*COC1=CC(Br)=CC=C1*O=C(OC)c1c(Nc2cc(OC)ccc2)ccnc1","",0.976995399
"CC1=C(N)C=NC=C1*CCCCC1=CC=C(Br)C=C1*N(c1c(C)ccnc1)c1ccc(CCCC)cc1","",3.905812574
"CC1=NC=CC(N)=C1*CC(C1=CC=C(Br)C=C1)C*N(c1cc(C)ncc1)c1ccc(C(C)C)cc1","",1.712419798
"COC1=NC=C(N)C=C1*CN(C)C1=CC=CC=C1Br*O(C)c1ncc(Nc2c(N(C)C)cccc2)cc1","",2.070098576
"COC1=NC=C(N)C=C1*O=C(OC)C1=CC=C(Br)C=C1*O=C(OC)c1ccc(Nc2cnc(OC)cc2)cc1","",2.234167894
"O=[N+](C1=CN=C(N)C=C1)[O-]*CC(C1=CC=C(Br)C=C1)C*O=[N+]([O-])c1cnc(Nc2ccc(C(C)C)cc2)cc1","",5.296352584
"O=C(C1=NC=CC(N)=C1)OC*CN(C)C1=CC=CC=C1Br*O=C(OC)c1nccc(Nc2c(N(C)C)cccc2)c1","",0.7099062
"O=C(OC)C1=CC=NC(N)=C1*O=C(OC)C1=CC=C(Br)C=C1*O=C(OC)c1cc(Nc2ccc(C(=O)OC)cc2)ncc1","",0.711947627
"FC1=C(N)C=CN=C1*O=C(O)CC1=CC=CC(Br)=C1*Fc1c(Nc2cc(CC(=O)O)ccc2)ccnc1","",2.997035782
"CC1=CC(C)=C(N)C=N1*FC(C1=CC=C(C(F)(F)F)C(Br)=C1)(F)F*FC(F)(F)c1c(Nc2c(C)cc(C)nc2)cc(C(F)(F)F)cc1","",2.091875475
"N#CCC1=NC=CC=C1N*O=C(OC)C1=CC(Br)=CC(C(OC)=O)=C1*O=C(OC)c1cc(Nc2c(CC#N)nccc2)cc(C(=O)OC)c1","",0.342064715
"O=C(C1=NC=CC(N)=C1)OC*O=C(OC)C1=CC(Br)=CC(C(OC)=O)=C1*O=C(OC)c1nccc(Nc2cc(C(=O)OC)cc(C(=O)OC)c2)c1","",1.888432932
"FC(C1=NC=C(N)C=C1)(F)F*FC(C1=CC=C(Br)C=C1)(F)F*FC(F)(F)c1ncc(Nc2ccc(C(F)(F)F)cc2)cc1","",1.748201439
"FC1=CC=CC(N)=N1*OCC1=CC=CC(Br)=C1*Fc1nc(Nc2cc(CO)ccc2)ccc1","",6.552753569
"FC1=NC=C(N)C=C1*OC1=CC=CC=C1Br*Fc1ncc(Nc2c(O)cccc2)cc1","",0.32781339
"N#CC1=CC(N)=NC=C1*OCC1=CC=CC(Br)=C1*OCc1cc(Nc2nccc(C#N)c2)ccc1","",4.152507324
"COC1=NC=C(N)C=C1*FC1=CC=CC=C1Br*Fc1c(Nc2cnc(OC)cc2)cccc1","",5.329260586
"N#CCC1=NC=CC=C1N*OCC1=CC=CC(Br)=C1*OCc1cc(Nc2c(CC#N)nccc2)ccc1","",0.031514382
"O=[N+](C1=CN=C(N)C=C1)[O-]*CC1=CC=C(Br)C=C1C*O=[N+]([O-])c1cnc(Nc2cc(C)c(C)cc2)cc1","",5.034749889
"CC1=C(N)C=NC=C1*FC1=CC=C(Br)C(F)=C1*Fc1c(Nc2c(C)ccnc2)ccc(F)c1","",1.508006626
"FC1=CC=CC(N)=N1*O=C(OC)C1=CC=C(Br)C=C1*Fc1nc(Nc2ccc(C(=O)OC)cc2)ccc1","",1.058515101
"N#CC1=NC=CC(N)=C1*CC(C1=CC=C(Br)C=C1)C*N#Cc1nccc(Nc2ccc(C(C)C)cc2)c1","",2.962430939
"N#CC1=NC=CC(N)=C1*O=C(OC)C1=CC=C(Br)C=C1*O=C(OC)c1ccc(Nc2cc(C#N)ncc2)cc1","",3.274334525
"CCOC1=NC=CC(N)=C1*FC1=CC=C(Br)C(F)=C1*Fc1c(Nc2cc(OCC)ncc2)ccc(F)c1","",3.193259829
"O=C(OC)C1=CC=NC=C1N*FC1=CC=C(Br)C(F)=C1*Fc1c(Nc2c(C(=O)OC)ccnc2)ccc(F)c1","",4.136128237
"FC1=CC=CC(N)=N1*COC1=CC(Br)=CC=C1OC*Fc1nc(Nc2cc(OC)c(OC)cc2)ccc1","",5.812049314
"FC1=CC=CC(N)=N1*FC(C1=CC=C(C(F)(F)F)C(Br)=C1)(F)F*FC(F)(F)c1c(Nc2nc(F)ccc2)cc(C(F)(F)F)cc1","",3.810243056
"COC1=NC=C(N)C=C1*FC(C1=CC=C(C(F)(F)F)C(Br)=C1)(F)F*FC(F)(F)c1c(Nc2cnc(OC)cc2)cc(C(F)(F)F)cc1","",2.934029228
"CCOC1=NC=CC(N)=C1*O=C(O)C1=CC(Br)=CC=C1C*O=C(O)c1c(C)ccc(Nc2cc(OCC)ncc2)c1","",2.633048696
"O=C(OC)C1=CC=NC=C1N*COC1=CC=C(Br)C(OC)=C1*O=C(OC)c1c(Nc2c(OC)cc(OC)cc2)cncc1","",3.954657467
"FC(C1=NC=C(N)C=C1)(F)F*O=C(O)CC1=CC=CC(Br)=C1*FC(F)(F)c1ncc(Nc2cc(CC(=O)O)ccc2)cc1","",1.497311828
"CC1=C(N)C=NC=C1*CC1=CC=C(Br)C=C1C*N(c1c(C)ccnc1)c1cc(C)c(C)cc1","",4.551689662
"FC1=C(N)C=CN=C1*CC1=CC=C(Br)C=C1C*Fc1c(Nc2cc(C)c(C)cc2)ccnc1","",4.569909209
"CC1=CC(C)=C(N)C=N1*N#CC1=CC=C(Br)C=C1*N#Cc1ccc(Nc2c(C)cc(C)nc2)cc1","",4.811881188
"O=C(C1=CC=CN=C1N)C*N#CC1=CC=C(Br)C=C1*O=C(C)c1c(Nc2ccc(C#N)cc2)nccc1","",1.417687681
"CCOC1=CC(N)=NC=C1*COC1=CC(Br)=CC=C1*O(CC)c1cc(Nc2cc(OC)ccc2)ncc1","",3.487174096
"O=C(OC)C1=CC=NC(N)=C1*OC1=CC=CC=C1Br*O=C(OC)c1cc(Nc2c(O)cccc2)ncc1","",2.136885246
"CC1=NC=CC(N)=C1*O=C(OC)C1=CC=C(Br)C=C1*O=C(OC)c1ccc(Nc2cc(C)ncc2)cc1","",2.326148487
"O=C(OCC)C1=NC=CC(N)=C1*O=C(OC)C1=CC=CC=C1Br*O=C(OC)c1c(Nc2cc(C(=O)OCC)ncc2)cccc1","",0.492081448
"CC1=C(N)C=NC=C1*O=C(O)C1=CC(Br)=CC=C1C*O=C(O)c1c(C)ccc(Nc2c(C)ccnc2)c1","",2.432347758
"CC1=NC=CC(N)=C1*O=C(O)C1=CC(Br)=CC=C1C*O=C(O)c1c(C)ccc(Nc2cc(C)ncc2)c1","",1.368108863
"CC1=CC(C)=C(N)C=N1*O=C(O)CC1=CC=CC(Br)=C1*O=C(O)Cc1cc(Nc2c(C)cc(C)nc2)ccc1","",2.691769198
"O=C(C1=CC=CN=C1N)C*CCCCCC1=CC=C(Br)C=C1*O=C(C)c1c(Nc2ccc(CCCCC)cc2)nccc1","",2.474776049
"O=C(C1=C(N)C=CN=C1)OC*CCCCCC1=CC=C(Br)C=C1*O=C(OC)c1c(Nc2ccc(CCCCC)cc2)ccnc1","",2.188313413
"CC1=C(N)C=NC=C1*OCC1=CC=CC(Br)=C1*OCc1cc(Nc2c(C)ccnc2)ccc1","",1.639848357
"CC1=NC=CC(N)=C1*COC1=CC(Br)=CC=C1*O(C)c1cc(Nc2cc(C)ncc2)ccc1","",2.269118869
"COC1=NC=C(N)C=C1*FC1=CC(Br)=CC=C1*Fc1cc(Nc2cnc(OC)cc2)ccc1","",4.221775814
"N#CCC1=NC=CC=C1N*COC1=CC(Br)=CC=C1*O(C)c1cc(Nc2c(CC#N)nccc2)ccc1","",0.178636427
"O=C(C1=CC=CN=C1N)C*CC1=CC=C(Br)C=C1C*O=C(C)c1c(Nc2cc(C)c(C)cc2)nccc1","",3.000232558
"CCOC1=NC=CC(N)=C1*OCC1=CC=CC(Br)=C1*O(CC)c1nccc(Nc2cc(CO)ccc2)c1","",2.492212552
"O=C(C1=NC=CC(N)=C1)OC*FC1=CC(Br)=CC=C1*Fc1cc(Nc2cc(C(=O)OC)ncc2)ccc1","",1.665049665
"NC1=NC=C(C(F)(F)F)C=C1*N#CC1=CC=C(Br)C=C1*FC(F)(F)c1cnc(Nc2ccc(C#N)cc2)cc1","",0.630188679
"CC1=C(N)C=NC=C1*CC(C1=CC=C(Br)C=C1)C*N(c1c(C)ccnc1)c1ccc(C(C)C)cc1","",3.723980017
"O=CC1=C(N)C=NC=C1*CC(C1=CC=CC=C1Br)=O*O=C(C)c1c(Nc2c(C=O)ccnc2)cccc1","",2.675754845
"COC1=NC=C(N)C=C1*FC1=CC=C(Br)C(F)=C1*Fc1c(Nc2cnc(OC)cc2)ccc(F)c1","",5.801541426
"N#CCC1=NC=CC=C1N*FC1=CC=C(Br)C(F)=C1*Fc1c(Nc2c(CC#N)nccc2)ccc(F)c1","",0.101221318
"CCOC1=CC(N)=NC=C1*CC(C1=CC=CC=C1Br)=O*O=C(C)c1c(Nc2nccc(OCC)c2)cccc1","",0.047597043
"FC1=C(N)C=CN=C1*COC1=CC=C(Br)C(OC)=C1*Fc1c(Nc2c(OC)cc(OC)cc2)ccnc1","",5.632733149
"FC1=C(N)C=CN=C1*O=C(OC)C1=CC(Br)=CC(C(OC)=O)=C1*Fc1c(Nc2cc(C(=O)OC)cc(C(=O)OC)c2)ccnc1","",6.248683307
"N#CCC1=NC=CC=C1N*FC(C1=CC=C(C(F)(F)F)C(Br)=C1)(F)F*FC(F)(F)c1c(Nc2c(CC#N)nccc2)cc(C(F)(F)F)cc1","",0.316369805
"O=C(C1=C(N)C=CN=C1)OC*COC1=CC=C(Br)C(OC)=C1*O=C(OC)c1c(Nc2c(OC)cc(OC)cc2)ccnc1","",4.58639256
"FC(C1=NC=C(N)C=C1)(F)F*COC1=CC(Br)=CC=C1OC*FC(F)(F)c1ncc(Nc2cc(OC)c(OC)cc2)cc1","",4.330672161
"FC1=CC=CC(N)=N1*N#CC1=CC=C(Br)C=C1*Fc1nc(Nc2ccc(C#N)cc2)ccc1","",1.438334643
"FC1=CC=CC(N)=N1*COC1=CC(Br)=CC=C1*Fc1nc(Nc2cc(OC)ccc2)ccc1","",6.869949981
"O=CC1=C(N)C=NC=C1*COC1=CC(Br)=CC=C1*O=Cc1c(Nc2cc(OC)ccc2)cncc1","",0.325315457
"O=C(C1=CC=CN=C1N)C*OCC1=CC=CC(Br)=C1*O=C(C)c1c(Nc2cc(CO)ccc2)nccc1","",3.969859344
"CCOC1=NC=CC(N)=C1*FC1=CC(Br)=CC=C1*Fc1cc(Nc2cc(OCC)ncc2)ccc1","",3.166703911
"O=C(OC)C1=CC=NC=C1N*FC1=CC(Br)=CC=C1*Fc1cc(Nc2c(C(=O)OC)ccnc2)ccc1","",1.865572968
"O=C(C1=C(N)C=CN=C1)OC*FC1=CC=CC=C1Br*Fc1c(Nc2c(C(=O)OC)cncc2)cccc1","",2.526631478
"O=C(OC)C1=CC=NC(N)=C1*N#CC1=CC=C(Br)C=C1*O=C(OC)c1cc(Nc2ccc(C#N)cc2)ncc1","",0.933243728
"CC1=C(N)C=NC=C1*CN(C)C1=CC=CC=C1Br*N(C)(C)c1c(Nc2c(C)ccnc2)cccc1","",0.059934742
"CC1=NC=CC(N)=C1*CCCCC1=CC=C(Br)C=C1*N(c1cc(C)ncc1)c1ccc(CCCC)cc1","",1.881234623
"FC1=NC=C(N)C=C1*O=C(OC)C1=CC=C(Br)C=C1*Fc1ncc(Nc2ccc(C(=O)OC)cc2)cc1","",2.537046956
"O=CC1=C(N)C=NC=C1*CN(C)C1=CC=CC=C1Br*O=Cc1c(Nc2c(N(C)C)cccc2)cncc1","",0.726609157
"O=CC1=C(N)C=NC=C1*CCCCC1=CC=C(Br)C=C1*O=Cc1c(Nc2ccc(CCCC)cc2)cncc1","",0.138480392
"CCOC1=NC=CC(N)=C1*CC(C1=CC=C(Br)C=C1)C*O(CC)c1nccc(Nc2ccc(C(C)C)cc2)c1","",3.281226054
"O=C(C1=C(N)C=CN=C1)OC*FC1=CC=C(Br)C(F)=C1*Fc1c(Nc2c(C(=O)OC)cncc2)ccc(F)c1","",0.903532896
"FC1=CC=CC(N)=N1*FC(C1=CC=C(Br)C=C1)(F)F*FC(F)(F)c1ccc(Nc2nc(F)ccc2)cc1","",4.471859523
"N#CCC1=NC=CC=C1N*CCCCCC1=CC=C(Br)C=C1*N#CCc1c(Nc2ccc(CCCCC)cc2)cccn1","",1.009325044
"FC1=NC=C(N)C=C1*OCC1=CC=CC(Br)=C1*Fc1ncc(Nc2cc(CO)ccc2)cc1","",0.591832325
"N#CC1=CC(N)=NC=C1*CC1=CC=C(Br)C=C1C*N#Cc1cc(Nc2cc(C)c(C)cc2)ncc1","",4.321669477
"COC1=NC=C(N)C=C1*CC1=CC=C(Br)C=C1C*O(C)c1ncc(Nc2cc(C)c(C)cc2)cc1","",4.150603642
"CCOC1=NC=CC(N)=C1*CC1=CC=C(Br)C=C1C*O(CC)c1nccc(Nc2cc(C)c(C)cc2)c1","",3.463667042
"N#CC1=CC(N)=NC=C1*CCCCC1=CC=C(Br)C=C1*N#Cc1cc(Nc2ccc(CCCC)cc2)ncc1","",4.126381215
"FC(C1=NC=CC(N)=C1)(F)F*O=C(OC)C1=CC=CC=C1Br*FC(F)(F)c1nccc(Nc2c(C(=O)OC)cccc2)c1","",0.470767977
"CC1=C(N)C=NC=C1*CCCCCC1=CC=C(Br)C=C1*N(c1c(C)ccnc1)c1ccc(CCCCC)cc1","",4.143218391
"CC1=NC=CC(N)=C1*CCCCCC1=CC=C(Br)C=C1*N(c1cc(C)ncc1)c1ccc(CCCCC)cc1","",1.857075248
"O=CC1=C(N)C=NC=C1*CCCCCC1=CC=C(Br)C=C1*O=Cc1c(Nc2ccc(CCCCC)cc2)cncc1","",0.533226152
"CCOC1=NC=CC(N)=C1*FC(C1=CC=C(Br)C=C1)(F)F*FC(F)(F)c1ccc(Nc2cc(OCC)ncc2)cc1","",2.460526316
"O=C(C1=C(N)C=CN=C1)OC*O=C(OC)C1=CC(Br)=CC(C(OC)=O)=C1*O=C(OC)c1c(Nc2cc(C(=O)OC)cc(C(=O)OC)c2)ccnc1","",3.24825
"FC(C1=NC=C(N)C=C1)(F)F*O=C(OC)C1=CC(Br)=CC(C(OC)=O)=C1*FC(F)(F)c1ncc(Nc2cc(C(=O)OC)cc(C(=O)OC)c2)cc1","",3.779772907
"FC1=C(N)C=CN=C1*FC1=CC(Br)=CC=C1*Fc1c(Nc2cc(F)ccc2)ccnc1","",3.773947111
"N#CC1=CC(N)=NC=C1*FC1=CC=CC=C1Br*Fc1c(Nc2nccc(C#N)c2)cccc1","",2.346475291
"CC1=CC(C)=C(N)C=N1*FC1=CC(Br)=CC=C1*Fc1cc(Nc2c(C)cc(C)nc2)ccc1","",3.891186072
"O=CC1=C(N)C=NC=C1*CC1=CC=C(Br)C=C1C*O=Cc1c(Nc2cc(C)c(C)cc2)cncc1","",0.165603591
"O=C(C1=NC=CC(N)=C1)OC*COC1=CC(Br)=CC=C1*O=C(OC)c1nccc(Nc2cc(OC)ccc2)c1","",3.070876999
"CC1=NC=CC(N)=C1*CC(C1=CC=CC=C1Br)=O*O=C(C)c1c(Nc2cc(C)ncc2)cccc1","",0.023246073
"N#CC1=CC(N)=NC=C1*BrC1=CC([N+]([O-])=O)=CC=C1*O=[N+]([O-])c1cc(Nc2nccc(C#N)c2)ccc1","",6.546981954
"N#CC1=NC=CC(N)=C1*FC1=CC=C(Br)C(F)=C1*Fc1c(Nc2cc(C#N)ncc2)ccc(F)c1","",2.130850843
"NC1=NC=C(C(F)(F)F)C=C1*FC1=CC=C(Br)C(F)=C1*FC(F)(F)c1cnc(Nc2c(F)cc(F)cc2)cc1","",0.901885411
"FC1=CC=CC(N)=N1*O=C(O)CC1=CC=CC(Br)=C1*Fc1nc(Nc2cc(CC(=O)O)ccc2)ccc1","",4.862489121
"N#CC1=CC(N)=NC=C1*FC(C1=CC=C(C(F)(F)F)C(Br)=C1)(F)F*FC(F)(F)c1c(Nc2nccc(C#N)c2)cc(C(F)(F)F)cc1","",2.438300468
"COC1=NC=C(N)C=C1*O=C(O)CC1=CC=CC(Br)=C1*O=C(O)Cc1cc(Nc2cnc(OC)cc2)ccc1","",3.926979925
"O=C(C1=C(N)C=CN=C1)OC*FC(C1=CC=C(C(F)(F)F)C(Br)=C1)(F)F*FC(F)(F)c1c(Nc2c(C(=O)OC)cncc2)cc(C(F)(F)F)cc1","",2.437024715
"FC(C1=NC=CC(N)=C1)(F)F*O=C(O)C1=CC(Br)=CC=C1C*FC(F)(F)c1nccc(Nc2cc(C(=O)O)c(C)cc2)c1","",2.987407935
"CC1=CN=C(N)C=C1*OC1=CC=CC=C1Br*Oc1c(Nc2ncc(C)cc2)cccc1","",1.882008368
"CC1=C(N)C=NC=C1*FC1=CC(Br)=CC=C1*Fc1cc(Nc2c(C)ccnc2)ccc1","",2.141255122
"CCOC1=NC=CC(N)=C1*FC1=CC=CC=C1Br*Fc1c(Nc2cc(OCC)ncc2)cccc1","",4.78133836
"CCOC1=CC(N)=NC=C1*OCC1=CC=CC(Br)=C1*O(CC)c1cc(Nc2cc(CO)ccc2)ncc1","",4.661955514
"FC1=C(N)C=CN=C1*CCCCC1=CC=C(Br)C=C1*Fc1c(Nc2ccc(CCCC)cc2)ccnc1","",3.546180627
"N#CC1=NC=CC(N)=C1*CN(C)C1=CC=CC=C1Br*N#Cc1nccc(Nc2c(N(C)C)cccc2)c1","",1.418573351
"CCOC1=CC(N)=NC=C1*CN(C)C1=CC=CC=C1Br*O(CC)c1cc(Nc2c(N(C)C)cccc2)ncc1","",2.431387041
"O=[N+](C1=CN=C(N)C=C1)[O-]*CCCCC1=CC=C(Br)C=C1*O=[N+]([O-])c1cnc(Nc2ccc(CCCC)cc2)cc1","",5.91152815
"CC1=CN=C(N)C=C1*O=C(O)CC1=CC=CC(Br)=C1*O=C(O)Cc1cc(Nc2ncc(C)cc2)ccc1","",5.112384923
"CC1=C(N)C=NC=C1*FC(C1=CC=C(Br)C=C1)(F)F*FC(F)(F)c1ccc(Nc2c(C)ccnc2)cc1","",2.390135635
"CC1=C(N)C=NC=C1*FC(C1=CC=C(C(F)(F)F)C(Br)=C1)(F)F*FC(F)(F)c1c(Nc2c(C)ccnc2)cc(C(F)(F)F)cc1","",1.385319193
"CC1=CC(C)=C(N)C=N1*COC1=CC(Br)=CC=C1OC*O(C)c1c(OC)ccc(Nc2c(C)cc(C)nc2)c1","",4.81185567
"O=CC1=C(N)C=NC=C1*COC1=CC=C(Br)C(OC)=C1*O=Cc1c(Nc2c(OC)cc(OC)cc2)cncc1","",0.71810089
"COC1=NC=C(N)C=C1*FC(C1=CC=C(Br)C=C1)(F)F*FC(F)(F)c1ccc(Nc2cnc(OC)cc2)cc1","",3.774693878
"O=C(C1=CC=CN=C1N)C*O=C(O)CC1=CC=CC(Br)=C1*O=C(O)Cc1cc(Nc2c(C(=O)C)cccn2)ccc1","",2.794811321
"O=[N+](C1=CN=C(N)C=C1)[O-]*O=C(OC)C1=CC(Br)=CC(C(OC)=O)=C1*O=[N+]([O-])c1cnc(Nc2cc(C(=O)OC)cc(C(=O)OC)c2)cc1","",3.376697328
"O=C(OC)C1=CC=NC=C1N*FC(C1=CC=C(Br)C=C1)(F)F*FC(F)(F)c1ccc(Nc2c(C(=O)OC)ccnc2)cc1","",1.523108177
"NC1=NC=C(C(F)(F)F)C=C1*O=C(O)C1=CC(Br)=CC=C1C*FC(F)(F)c1cnc(Nc2cc(C(=O)O)c(C)cc2)cc1","",3.645433009
"NC1=NC=C(C(F)(F)F)C=C1*O=C(O)CC1=CC=CC(Br)=C1*FC(F)(F)c1cnc(Nc2cc(CC(=O)O)ccc2)cc1","",2.656850815
"NC1=NC=C(C(F)(F)F)C=C1*COC1=CC=C(Br)C(OC)=C1*FC(F)(F)c1cnc(Nc2c(OC)cc(OC)cc2)cc1","",2.970737913
"CC1=C(N)C=NC=C1*CC1=CC=C(Br)C=C1*N(c1c(C)ccnc1)c1ccc(C)cc1","",3.695275428
"FC1=CC=CC(N)=N1*CC1=CC=C(Br)C=C1*Fc1nc(Nc2ccc(C)cc2)ccc1","",5.984407058
"FC1=C(N)C=CN=C1*CC1=CC=C(Br)C=C1*Fc1c(Nc2ccc(C)cc2)ccnc1","",4.381690845
"N#CC1=NC=CC(N)=C1*FC1=CC=CC=C1Br*Fc1c(Nc2cc(C#N)ncc2)cccc1","",3.497068677
"N#CC1=NC=CC(N)=C1*N#CC1=CC=C(Br)C=C1*N#Cc1nccc(Nc2ccc(C#N)cc2)c1","",4.007417103
"O=CC1=C(N)C=NC=C1*FC1=CC=CC=C1Br*Fc1c(Nc2c(C=O)ccnc2)cccc1","",0.055371597
"O=CC1=C(N)C=NC=C1*OCC1=CC=CC(Br)=C1*O=Cc1c(Nc2cc(CO)ccc2)cncc1","",0.812069375
"CCOC1=CC(N)=NC=C1*FC1=CC=CC=C1Br*Fc1c(Nc2nccc(OCC)c2)cccc1","",2.077220908
"NC1=NC=C(C(F)(F)F)C=C1*OC1=CC=CC=C1Br*FC(F)(F)c1cnc(Nc2c(O)cccc2)cc1","",0.657392504
"FC1=C(N)C=CN=C1*CC(C1=CC=C(Br)C=C1)C*Fc1c(Nc2ccc(C(C)C)cc2)ccnc1","",3.732211866
"N#CC1=CC(N)=NC=C1*CC(C1=CC=C(Br)C=C1)C*N#Cc1cc(Nc2ccc(C(C)C)cc2)ncc1","",3.983809924
"N#CCC1=NC=CC=C1N*CCCCC1=CC=C(Br)C=C1*N#CCc1c(Nc2ccc(CCCC)cc2)cccn1","",0.821436613
"CCOC1=NC=CC(N)=C1*O=C(OC)C1=CC=C(Br)C=C1*O=C(OC)c1ccc(Nc2cc(OCC)ncc2)cc1","",3.817219478
"O=C(OC)C1=CC=NC(N)=C1*CC(C1=CC=CC=C1Br)=O*O=C(OC)c1cc(Nc2c(C(=O)C)cccc2)ncc1","",0.076695438
"CC1=CC(C)=C(N)C=N1*COC1=CC=C(Br)C(OC)=C1*O(C)c1c(Nc2c(C)cc(C)nc2)ccc(OC)c1","",6.572262118
"CCOC1=NC=CC(N)=C1*CCCCCC1=CC=C(Br)C=C1*O(CC)c1nccc(Nc2ccc(CCCCC)cc2)c1","",2.845112483
"O=C(C1=NC=CC(N)=C1)OC*COC1=CC=C(Br)C(OC)=C1*O=C(OC)c1nccc(Nc2c(OC)cc(OC)cc2)c1","",3.073408624
"NC1=NC=C(C(F)(F)F)C=C1*COC1=CC(Br)=CC=C1OC*FC(F)(F)c1cnc(Nc2cc(OC)c(OC)cc2)cc1","",2.361077987
"NC1=NC=C(C(F)(F)F)C=C1*FC(C1=CC=C(Br)C=C1)(F)F*FC(F)(F)c1cnc(Nc2ccc(C(F)(F)F)cc2)cc1","",1.517585433
"FC(C1=NC=CC(N)=C1)(F)F*O=C(OC)C1=CC(Br)=CC(C(OC)=O)=C1*FC(F)(F)c1nccc(Nc2cc(C(=O)OC)cc(C(=O)OC)c2)c1","",3.200589971
